tree
version=v4
num_class=3
num_tree_per_iteration=3
label_index=0
max_feature_idx=4
objective=multiclass num_class:3
feature_names=week_sin week_cos forecast_day nbm_minus_obs_window_7d nbm_minus_obs_window_60d
feature_infos=[-1:1] [-1:1] [1:7] [-50.195330982167356:37.519615207434263] [-57.7148116198073:45.893168263828947]
tree_sizes=5096 5102 5103 5258 5263 5270 5260 5278 5279 5264 5278 5276 5272 5278 5270 5260 5288 5275 5262 5319 5305 5284 5299 5300 5296 5319 5297 5299 5301 5294 5296 5297 5286 5300 5305 5313 5330 5315 5284 5293 5323 5319 5301 5309 5287 5297 5320 5313 5304 5316 5308 5317 5338 5304 5331 5309 5302 5315 5317 5312 5316 5309 5351 5333 5304 5293 5315 5355 5291 5322 5323 5296 5306 5356 5315 5328 5317 5298 5344 5277 5336 5323 5321 5320 5341 5310 5326 5312 5325 5315 5334 5309 5331 5326 5322 5333 5320 5320 5330 5344 5327 5327 5332 5304 5337 5336 5305 5322 5348 5307 5337 5327 5356 5314 5329 5326 5333 5348 5313 5326 5346 5286 5321 5318 5329 5342 5343 5298 5355 5356 5330 5324 5324 5313 5300 5310 5302 5318 5326 5287 5314 5322 5286 5309 5342 5325 5293 5347 5268 5309 5345 5289 5329 5357 5381 5336 5351 5290 5321 5327 5310 5293 5309 5313 5277 5346 5340 5329

Tree=0
num_leaves=45
num_cat=0
split_feature=2 2 1 0 1 1 2 2 3 0 0 0 2 3 0 3 0 0 2 3 3 3 3 3 3 0 4 4 0 2 2 3 3 0 4 3 3 4 3 3 3 4 0 4
split_gain=1.14827e+06 147982 140598 77183.2 67824.4 66374.4 51769.6 50917.8 30540.2 27649.8 27084.2 24884.7 18248.7 17460.2 17032.9 16672.4 16401.4 11726 10818.7 10356.1 9535.58 7981.03 7605.27 7560.68 6589.16 6402.83 6245.85 5823.2 5481.29 5043.06 4717.33 4497.16 4103.82 3832.36 3822.95 3530.12 3444.53 3416.52 3264.19 3220.95 3029.13 2996.87 2950.88 2838.07
threshold=3.5000000000000004 5.5000000000000009 -0.2393156642875576 -0.88545602565320969 -0.2393156642875576 -0.2393156642875576 2.5000000000000004 2.5000000000000004 8.4045606075079089 0.48662714534649493 0.58743244627487468 0.48662714534649493 2.5000000000000004 -3.2732567938551465 -0.93085292505862405 -2.5919211796688226 0.58743244627487468 -0.35460488704253573 4.5000000000000009 -3.0130825307625559 -1.8819319506537473 -2.5123325035075328 7.3083067911577908 -14.798907145310212 -5.2242228261087069 -0.94117129826980295 -4.7763033860137183 6.6670945776380934 -0.46472317204376817 4.5000000000000009 6.5000000000000009 7.5676226976124612 16.544307882493953 -0.35460488704253573 8.6590684360436772 -1.5002822295041935 9.973880514858033 -4.9109995856303916 -3.1845268707625105 0.84855195466771616 -9.8891503216907211 -8.6623966678336028 1.0000000180025095e-35 8.1202913516313036
decision_type=2 2 2 2 2 2 2 2 2 2 2 2 2 2 2 2 2 2 2 2 2 2 2 2 2 2 2 2 2 2 2 2 2 2 2 2 2 2 2 2 2 2 2 2
left_child=2 4 6 12 9 11 10 8 17 15 13 20 26 40 37 -2 19 39 33 -8 -3 -11 28 -19 -12 -7 -4 -25 -9 -17 -27 -15 41 -16 -22 -13 -28 -6 -18 -5 -1 -10 43 -33
right_child=1 5 3 7 14 25 16 22 32 21 24 35 -14 31 18 29 38 23 -20 -21 34 -23 -24 27 -26 30 36 -29 -30 -31 -32 42 -34 -35 -36 -37 -38 -39 -40 -41 -42 -43 -44 -45
leaf_value=-1.079444261891727 -1.0995048262650591 -1.1108112822472453 -1.064451026362802 -1.0690870647771178 -1.1005073661808724 -1.114366052783754 -1.0862310192421269 -1.087839893070583 -1.1157521957177818 -1.1138757463293369 -1.0865933960269476 -1.1231840859169753 -1.0797351680100695 -1.0484953506694834 -1.1009246329224414 -1.0793894993194633 -1.10253545630974 -1.097267615548674 -1.1128945913259889 -1.0684998623219704 -1.0974195413890633 -1.0993961437288819 -1.1072407508015858 -1.0792316222066853 -1.0688408187545559 -1.1196709992378724 -1.0454600143862574 -1.0886134355273973 -1.0981917769778764 -1.088418247899396 -1.1240672166194645 -1.0537389605654996 -1.1098409400179829 -1.1076846484742746 -1.1053678214103453 -1.1141517077634364 -1.0718692403901067 -1.0893221917495577 -1.0873430923799863 -1.0790881269555326 -1.0644937203639939 -1.0934539927219922 -1.0512372388462508 -1.0810330871636571
leaf_weight=43784.912676408887 244837.45861324668 293944.10977375507 205125.37942798436 241156.7383980602 216882.91865332425 316926.82865947485 113422.41454976797 165456.44092099369 16149.083877339959 134561.44988247752 67281.04742243886 152454.36200867593 173835.929986462 461148.79099833965 295531.36367377639 296822.41510953009 49328.684408277273 84518.381700471044 1087234.472153604 300596.40066072345 458271.63809455931 325064.12234914303 183055.55469316244 653210.82886952162 234267.47556783259 1192814.9175251722 86210.051849931479 221476.58621500432 562973.31928791106 322917.3745521754 1249326.7251514941 15232.936541423202 57206.524536460638 721527.47279445827 225836.58482988179 372444.14265675843 14410.801761373878 99634.751988261938 124820.82705102861 120850.7118717432 149768.89453878999 225178.75058598816 36636.05631890893 25413.291644260287
leaf_count=152522 728088 788716 796215 905549 644970 827750 376032 544345 42711 345809 219943 355808 608300 1974261 873950 1030041 141175 250561 2872100 1129318 1378659 963191 517899 2286306 881157 2941400 377963 724601 1694356 1044671 2937550 62926 159463 2002000 627725 957042 53972 325230 409375 427719 580546 716290 154252 86193
internal_value=-1.09861 -1.11008 -1.0788 -1.08519 -1.10282 -1.11645 -1.06693 -1.08868 -1.08336 -1.09373 -1.06019 -1.10799 -1.0668 -1.055 -1.1078 -1.08846 -1.07877 -1.08009 -1.10943 -1.07336 -1.10328 -1.10364 -1.09813 -1.08299 -1.0728 -1.12105 -1.05945 -1.08161 -1.09584 -1.08409 -1.12192 -1.05037 -1.0978 -1.10572 -1.10004 -1.11678 -1.04924 -1.09699 -1.09165 -1.07243 -1.06788 -1.09495 -1.06153 -1.0708
internal_weight=1.26395e+07 8.00703e+06 4.63252e+06 3.01082e+06 3.74501e+06 4.26202e+06 1.6217e+06 2.53123e+06 1.61975e+06 1.3242e+06 1.03353e+06 1.50295e+06 479582 731985 2.42081e+06 864577 588168 1.32121e+06 2.10429e+06 414019 978052 459626 911485 959206 301549 2.75907e+06 305746 874687 728430 619740 2.44214e+06 538431 298534 1.01706e+06 684108 524899 100621 316518 174150 362007 193554 241328 77282.3 40646.2
internal_count=37918650 21644700 16273950 10106250 10830050 10814650 6167700 8269800 5513200 4111800 4111800 4107950 1836450 3010700 6718250 2802800 2055900 4594736 5748050 1505350 2795100 1309000 2756600 3261468 1101100 6706700 1228150 3010907 2238701 2074712 5878950 2277632 918464 2875950 2006384 1312850 431935 970200 550550 1333268 733068 759001 303371 149119
is_linear=0
shrinkage=1


Tree=1
num_leaves=45
num_cat=0
split_feature=2 3 1 3 0 0 0 1 3 3 0 1 1 2 3 3 1 1 3 2 1 0 3 0 3 0 3 3 4 4 0 3 2 0 3 0 3 0 0 0 4 4 0 1
split_gain=269686 167414 111985 160514 46032.4 40327 39996.8 37867.5 42081.3 28808.7 28440.5 24749.1 24655 23653.3 21806.5 14475.1 12937.6 13413.9 12852.7 12182.5 11339.9 11006.6 10935.5 10935 26731.1 10111.5 9922.93 9461.09 9340.88 8829.97 13932.8 9378.44 8287.55 8170.73 8768.69 8145.42 8074.39 7718.77 7379.28 7066.69 7661.26 6845.93 6388.67 5477.98
threshold=3.5000000000000004 -7.1346844931441948 -0.10466628778912916 -3.6256227825398777 -0.86066547284873141 -0.35460488704253573 -0.35460488704253573 -0.4300652022765204 -0.27742446360318235 -14.381925670524582 0.93085292505862427 0.62305106867763382 0.57552211292281397 5.5000000000000009 -15.289272778559694 -8.7990951013174037 0.98236589408923247 0.97148236575323155 6.2094194758468335 2.5000000000000004 0.95418073928008662 -0.56335575626740397 5.3454350212949437 0.5633557562674042 3.4726968072262605 0.48662714534649493 -21.804925576132185 6.0023226145337825 17.976242361418649 5.2952858187097194 0.26568621746226689 5.8128286418865907 5.5000000000000009 -0.96778869966720515 -17.932038940727381 0.20588816045177846 -8.4664736771347453 0.48662714534649493 0.99087453071010911 0.088756899407539988 -18.667741070290628 4.804289402312123 0.48662714534649493 0.98236589408923247
decision_type=2 2 2 2 2 2 2 2 2 2 2 2 2 2 2 2 2 2 2 2 2 2 2 2 2 2 2 2 2 2 2 2 2 2 2 2 2 2 2 2 2 2 2 2
left_child=1 5 4 6 -2 26 33 19 25 -7 11 12 18 15 43 -6 17 20 -5 -3 36 -10 -12 24 -15 -9 -1 -23 -25 -17 31 -31 -13 -4 -35 -19 -16 -26 -24 -34 -41 -21 -11 -8
right_child=2 7 3 10 13 9 14 8 21 42 22 32 -14 23 16 29 -18 35 -20 41 -22 27 38 28 37 -27 -28 -29 -30 30 -32 -33 39 34 -36 -37 -38 -39 -40 40 -42 -43 -44 -45
leaf_value=-1.0698947771328138 -1.1004092061682982 -1.1095453696674804 -1.1048094981187679 -1.1073433063408697 -1.0701073205627294 -1.0634259458910333 -1.0539421562361402 -1.1112380256571308 -1.1277436484591326 -1.0954553931344424 -1.0870998953810533 -1.1072808541466328 -1.1381402307571298 -1.0887985242075651 -1.0708181368244243 -1.095234154875985 -1.0942795889248049 -1.0437122838191539 -1.1221702572159655 -1.1070969179029415 -1.0963900587591469 -1.1140479752379295 -1.113255490632544 -1.0722402298540465 -1.0671134734179899 -1.0995794967442418 -1.104470247092622 -1.1230949536246382 -1.0907301965298541 -1.0838400290197856 -1.0914305964276498 -1.0633527246496821 -1.1043172866964588 -1.0713915392547886 -1.0937862072204618 -1.1088436690702079 -1.0831984935663799 -1.1081522125056975 -1.093632758007784 -1.045252044439472 -1.096210675210612 -1.0944329240154307 -1.0825670566854599 -1.0761172753771546
leaf_weight=22145.652303025126 470967.5532682389 787700.74798202515 157529.82016292214 588936.66205228865 99674.599090695381 168793.37768132985 93050.143931910396 587966.63082525134 463661.49721188843 169255.55106422305 267916.05513142049 772087.88738335669 93865.448748543859 588406.51855951548 222007.30691730976 475988.55632302165 179767.8078712523 37266.084206476808 194409.44749775529 172283.03507702053 101140.34228330851 571190.88893529773 89216.158027663827 582775.87136775255 232651.85198709369 272024.89902235568 329559.62238663435 584908.89061333239 77374.282125905156 164329.35166756809 484253.637193501 84627.043211966753 467650.02376897633 47466.702081501484 552361.51198959351 5510.1249551773071 323761.21174494922 12051.277060508728 103484.18229165673 7518.1875621378422 389240.9753266871 280408.38415186107 222617.63910636306 39746.482679113746
leaf_count=67824 1393700 3188116 429940 1616077 254420 487960 215754 2126854 1710234 578237 688765 2119549 225144 1681977 542328 1512346 464230 83323 512934 632255 259054 1884167 225989 1441023 662216 892771 1210603 1807744 191377 548185 1428172 249327 1149530 120519 1461453 15048 809782 31257 263052 16171 938362 980846 706339 93696
internal_value=-1.09861 -1.10821 -1.09306 -1.09797 -1.08595 -1.08902 -1.086 -1.11292 -1.11649 -1.0807 -1.10506 -1.10715 -1.11392 -1.08351 -1.07945 -1.08842 -1.08233 -1.07922 -1.11102 -1.10579 -1.08101 -1.12124 -1.09363 -1.07921 -1.08302 -1.10755 -1.10229 -1.11863 -1.07441 -1.08993 -1.08649 -1.07688 -1.10352 -1.09468 -1.09201 -1.0521 -1.07816 -1.06913 -1.10272 -1.10015 -1.09525 -1.09925 -1.08813 -1.06058
internal_weight=1.26395e+07 4.63252e+06 8.00703e+06 4.73393e+06 3.2731e+06 912372 1.75961e+06 3.72014e+06 2.47975e+06 560667 2.97433e+06 2.51371e+06 877212 2.80213e+06 1.00225e+06 1.30887e+06 869453 689685 783346 1.24039e+06 646909 1.61976e+06 460616 1.49326e+06 833110 859992 351705 1.1561e+06 660150 1.2092e+06 733210 248956 1.6365e+06 757358 599828 42776.2 545769 244703 192700 864409 396759 452691 391873 132797
internal_count=37918650 16273950 21644700 12250700 9394000 3050963 4495127 13222987 8421770 1772536 7755573 6577767 2354155 8000300 2483215 3992450 2173765 1709535 2129011 4801217 1611164 5402145 1177806 4007850 2375450 3019625 1278427 3691911 1632400 3738030 2225684 797512 4223612 2011912 1581972 98371 1352110 693473 489041 2104063 954533 1613101 1284576 309450
is_linear=0
shrinkage=1


Tree=2
num_leaves=45
num_cat=0
split_feature=1 3 2 3 2 2 3 0 1 0 0 3 3 1 1 4 4 1 3 4 4 3 0 3 2 4 0 2 2 1 2 3 0 3 4 2 0 3 3 2 4 0 2 2
split_gain=705944 370605 203144 100335 92918.8 89229.6 56943.1 37306.5 34383.4 32116 27327.4 26989.9 23501.6 22066.6 44337.6 20983.6 14778.1 14692 16553.6 14502.6 14110.1 12610.9 12130.7 11383.4 11217.8 10995.2 10770.8 10445.1 9338.7 9091.29 8103.03 7169.52 6845.08 6614.62 8774.03 6494.86 6423.1 6349.3 6083.9 6056.22 6011.12 7434.64 5628 5300.59
threshold=-0.2393156642875576 -2.1944148255439688 3.5000000000000004 7.4387705984618124 3.5000000000000004 3.5000000000000004 0.64751551767809457 0.93085292505862427 0.25145141517831299 0.48662714534649493 -0.88545602565320969 -7.9994374789460272 -8.6337015575177549 0.23931566428755774 0.82619477567192912 19.938981218868943 -5.1715951788574008 -0.73300900260771595 -0.69763357047092522 17.206697600294646 0.68479773376498809 11.662320167659553 0.26568621746226689 2.2569915679992616 5.5000000000000009 22.138282614797578 0.93085292505862427 5.5000000000000009 2.5000000000000004 0.82619477567192912 5.5000000000000009 3.3963988962647567 0.88059548392442355 21.648738632197027 3.8315857713926396 2.5000000000000004 0.5633557562674042 -16.447419376070052 -8.9673924666221421 2.5000000000000004 -4.7763033860137183 0.58743244627487468 2.5000000000000004 5.5000000000000009
decision_type=2 2 2 2 2 2 2 2 2 2 2 2 2 2 2 2 2 2 2 2 2 2 2 2 2 2 2 2 2 2 2 2 2 2 2 2 2 2 2 2 2 2 2 2
left_child=5 2 12 4 10 17 16 11 -6 20 -3 24 39 15 21 -5 -7 18 -1 35 -8 40 33 42 37 32 29 -13 -14 43 -18 -22 36 34 -16 -19 -11 -4 -9 -2 41 -15 -12 -10
right_child=1 3 7 13 8 6 9 38 26 25 23 27 28 14 22 -17 30 19 -20 -21 31 -23 -24 -25 -26 -27 -28 -29 -30 -31 -32 -33 -34 -35 -36 -37 -38 -39 -40 -41 -42 -43 -44 -45
leaf_value=-1.1196999034184105 -1.1298551339439258 -1.1127598575627498 -1.1148295354858671 -1.0892229887377609 -1.0894790678366999 -1.089719569890079 -1.1063308321093921 -1.1172693763057855 -1.0751634833826909 -1.0890342013929859 -1.102670053664468 -1.0909154675552779 -1.1167097600847926 -1.046484152205633 -1.0706513910748836 -1.0601398651121481 -1.1086475476180031 -1.1245521967832421 -1.1335865363274904 -1.0951724452333327 -1.1183400148257281 -1.0493392848335823 -1.0961674836291913 -1.0877836206220055 -1.0916009383320311 -1.0821206745726923 -1.094878499524552 -1.0808580992870358 -1.1044737573337726 -1.0784351398994141 -1.1001784943320916 -1.1281344687558181 -1.1001046524460205 -1.0387980049336289 -1.0901716741995338 -1.1142016010505313 -1.1143713409130072 -1.0998111546331422 -1.1034584834132861 -1.1190670096150728 -1.0670319593783815 -1.1122792292263219 -1.0914183620763416 -1.0669143300424482
leaf_weight=349472.82864382863 365503.37338802218 211991.88886408508 89855.096369355917 215809.22830185294 588641.99120728672 211748.77679800987 126182.53727851808 123532.55252145231 361343.28807933629 27026.775803372264 301588.56258524954 454408.32620477676 421393.23422020674 66712.334764331579 220372.48364074528 87032.828504189849 526839.13432502747 418148.19697466493 556086.27815414965 60274.457146838307 304957.72914029658 280278.15702164173 79218.493826791644 510364.41055105627 439509.06518317759 42122.383720219135 67546.74712651968 597743.28963983059 247537.47210344672 743841.24704653025 608815.82096295059 482384.69222468138 161338.89415258169 12622.827623978257 77920.726645842195 237719.97145871818 335736.9134645462 324620.01961605251 224938.96825306118 201982.2602122128 271459.38304056227 4588.8500766307116 175990.03171895444 422347.39624479413
leaf_count=1266182 1268617 844497 234674 632211 1611731 585130 393592 295340 1012048 72523 1066785 1277755 1536623 171822 608562 228685 1587967 1644371 2233468 205677 995290 731476 222236 1670195 1047707 113766 171493 1445902 789874 1930312 1620133 1474659 439219 30311 241476 818002 937471 910021 564101 619912 773437 11802 548327 1033268
internal_value=-1.09861 -1.0899 -1.10224 -1.08074 -1.08529 -1.11465 -1.10928 -1.09331 -1.07915 -1.11605 -1.09647 -1.09056 -1.11853 -1.06902 -1.06548 -1.08086 -1.10185 -1.124 -1.12823 -1.11864 -1.12185 -1.05721 -1.0787 -1.09298 -1.09717 -1.1067 -1.07534 -1.0852 -1.11218 -1.07448 -1.10411 -1.12434 -1.10867 -1.07425 -1.07575 -1.1208 -1.11248 -1.10307 -1.10835 -1.12602 -1.06364 -1.05072 -1.09852 -1.07072
internal_weight=1.26395e+07 8.19069e+06 3.49102e+06 4.69967e+06 3.38366e+06 4.44886e+06 2.82715e+06 2.25461e+06 2.18372e+06 1.47975e+06 1.19993e+06 1.90614e+06 1.23642e+06 1.31602e+06 1.01317e+06 302842 1.3474e+06 1.6217e+06 905559 716143 913525 623039 390135 987943 853984 566225 1.59508e+06 1.05215e+06 668931 1.52753e+06 1.13565e+06 787342 524103 310916 298293 655868 362764 414475 348472 567486 342761 71301.2 477579 783691
internal_count=37918650 23531200 9990526 13540674 9888656 14387450 8219750 5775500 5758852 4426520 4129804 4916059 4215026 3652018 2791122 860896 3793230 6167700 3499650 2668050 2863541 1688537 1102585 3285307 2192402 1562979 4147121 2723657 2326497 3975628 3208100 2469949 1449213 880349 850038 2462373 1009994 1144695 859441 1888529 957061 183624 1615112 2045316
is_linear=0
shrinkage=1


Tree=3
num_leaves=45
num_cat=0
split_feature=2 2 1 0 1 1 2 2 3 0 0 0 2 0 3 3 0 2 0 3 3 3 3 3 2 3 4 4 0 2 4 0 0 4 0 3 3 2 3 3 3 3 4 3
split_gain=1.03253e+06 137362 122717 67969.7 61540.7 61302 46363.3 45423.6 26843.8 25409.9 23645.8 22712.7 16306.4 15568.9 15034.8 14996.3 14502 10252.2 10143.3 9258.29 8742.01 7412.88 6838.35 6543.57 5833.57 5659.12 5621.1 5184.43 4889.67 4636.25 4186.95 6307.12 4025.47 3537.14 3532.77 3413.7 3280.73 3238.03 3087.4 2961.45 2857.58 2766.81 2758.88 2753.66
threshold=3.5000000000000004 5.5000000000000009 -0.2393156642875576 -0.88545602565320969 -0.2393156642875576 -0.2393156642875576 2.5000000000000004 2.5000000000000004 8.8762162215162679 0.48662714534649493 0.58743244627487468 0.48662714534649493 2.5000000000000004 -0.93085292505862405 -2.5919211796688226 -3.0973456027968242 0.58743244627487468 4.5000000000000009 -0.35460488704253573 -3.1845268707625105 -2.0328718484581318 -2.5123325035075328 7.3083067911577908 -15.289272778559694 6.5000000000000009 -5.2242228261087069 -4.7763033860137183 6.6670945776380934 -0.46472317204376817 4.5000000000000009 7.8385641403886988 -0.2393156642875576 -0.93085292505862405 8.8045601121818837 -0.35460488704253573 16.544307882493953 -1.5002822295041935 4.5000000000000009 1.3819116029588019 -2.4330347163365 9.973880514858033 -10.969226696246691 -4.7763033860137183 8.1203605507486731
decision_type=2 2 2 2 2 2 2 2 2 2 2 2 2 2 2 2 2 2 2 2 2 2 2 2 2 2 2 2 2 2 2 2 2 2 2 2 2 2 2 2 2 2 2 2
left_child=2 5 7 12 11 9 8 10 18 14 15 20 26 37 -2 41 19 34 38 -9 -3 -11 28 -20 32 -12 -4 -25 -8 -16 -17 -32 -6 -22 43 -10 -13 -7 -5 -18 -28 -1 -14 -15
right_child=1 4 3 6 24 13 22 16 35 21 25 36 42 17 29 30 39 -19 23 -21 33 -23 -24 27 -26 -27 40 -29 -30 -31 31 -33 -34 -35 -36 -37 -38 -39 -40 -41 -42 -43 -44 -45
leaf_value=0.015844239104491575 -0.00081663305778836588 -0.011908908479790873 0.031948936470593291 0.02746411130094888 -0.01225835282423344 0.0068844670745634206 0.010064261901354472 0.011214779230337224 0.003070441963952376 -0.014766525284912849 0.01139407438133898 -0.023644380138898746 0.013335652744252236 -0.00036100124561704911 0.018299530922613268 0.048538845953340938 -0.0032088702833254061 -0.013679147524625327 0.00074172362905245651 0.028073003608510907 0.00097005570689428263 -0.00078240740134200796 -0.0082878586766165531 0.018101281291312298 -0.023856879552936236 0.027783397506345803 0.049625492121860286 0.0094420310884793766 0.00031206752022045555 0.0096696296299418338 0.022230237556957744 0.043800255099798742 -0.020315905545366299 -0.0066910506963560115 -0.0085679789520681261 -0.010678502078458036 -0.014887864162624914 -0.0032382658274176315 0.017644828024366236 0.010852602370329062 0.025694023147070356 0.031646216358861251 0.026793877209016451 -0.015759850836028228
leaf_weight=33096.838642433286 244647.67453479767 282059.49017712474 208474.55727745593 254931.44998316467 179104.65057240427 151568.26624272764 166507.92691189051 110624.70174488425 219332.62342621386 133764.40448346734 67653.763065204024 150542.65714606643 119858.21899475157 262136.39390142262 299106.59402683377 329114.53908011317 54300.616549685597 1079505.264261961 77522.096947729588 308723.84210550785 473035.8792501092 325057.61595444381 182367.23726771772 673028.965247944 1397494.5634034872 237820.77307663858 88175.423076078296 232590.56495298445 563577.78076165915 324446.16786256433 42173.160191953182 172545.09176133573 1152061.9111964554 221078.32295072079 717493.08406069875 56848.187476828694 369539.15783908963 165000.78647595644 116696.936119169 120619.93616236746 14529.243563190103 169913.69613701105 55811.96898573637 32647.536960199475
leaf_count=112272 728088 759678 796215 942845 485100 485100 544345 363119 686633 345809 219943 355808 401266 786889 1030041 1394586 156495 2872100 228522 1142231 1420344 963191 517899 2331160 3353350 881157 377963 757393 1694356 1044671 148263 708656 2868250 615078 2002000 159463 957042 485100 407184 394055 53972 646923 207034 87061
internal_value=-1.18623e-06 -0.0109561 0.0186448 0.0126745 -0.017132 -0.00397089 0.00939823 0.0296322 0.0144476 0.00465812 0.0358729 -0.00898278 0.0297903 -0.00872555 0.00968785 0.0406664 0.0185812 -0.0102895 0.0173438 0.0236258 -0.00448629 -0.00485932 0.000372863 0.0146839 -0.0216005 0.0241536 0.0366657 0.0158773 0.00253621 0.0138092 0.0449952 0.0395637 -0.0192318 -0.00147004 -0.00667467 0.000240403 -0.0174225 0.00160834 0.0243807 0.0064875 0.04624 0.02907 0.0176114 -0.00206644
internal_weight=1.26371e+07 7.96029e+06 4.67684e+06 3.03025e+06 4.22492e+06 3.73537e+06 2.5434e+06 1.64659e+06 1.63095e+06 1.32702e+06 1.05232e+06 1.49626e+06 486849 2.40835e+06 868200 746843 594269 2.09178e+06 1.35477e+06 419349 976174 458822 912453 983142 2.72866e+06 305475 311179 905620 730086 623553 543833 214718 1.33117e+06 694114 1.01228e+06 276181 520082 316569 371628 174921 102705 203011 175670 294784
internal_count=37918650 21644700 16273950 10106250 10814650 10830050 8269800 6167700 5513200 4111800 4111800 4107950 1836450 6718250 2802800 3010700 2055900 5748050 4667104 1505350 2795100 1309000 2756600 3317075 6706700 1101100 1228150 3088553 2238701 2074712 2251505 856919 3353350 2035422 2875950 846096 1312850 970200 1350029 550550 431935 759195 608300 873950
is_linear=0
shrinkage=0.05


Tree=4
num_leaves=45
num_cat=0
split_feature=2 3 1 3 0 0 0 1 3 0 3 1 1 2 3 1 3 3 2 4 0 0 3 0 3 4 3 0 3 0 0 4 4 0 3 0 3 0 2 0 4 4 0 0
split_gain=243573 152421 100164 144952 41316.6 36481.8 35785.7 34273.5 41063.2 24931.2 24431.8 22764 22602.3 20688.1 19340.4 14517.5 13153.3 11214.8 10985.2 10504 10494.7 9727.04 23536 9549.11 9332.64 9231.41 9035.06 8725.92 9627.23 8696.63 9632.56 8459.84 7426.26 12656 8420.13 7340.79 7059.47 8523.29 7051.8 6658.52 6901.44 6297.04 5905.36 5824.14
threshold=3.5000000000000004 -7.4153213027022415 -0.10466628778912916 -3.1845268707625105 -0.86066547284873141 -0.2393156642875576 -0.35460488704253573 -0.4300652022765204 -0.55864259457566579 0.93085292505862427 -14.798907145310212 0.62305106867763382 0.57552211292281397 5.5000000000000009 -8.4664736771347453 0.98236589408923247 -9.710004215326121 6.2094194758468335 2.5000000000000004 -10.741113714457011 -0.56335575626740397 0.5633557562674042 3.702525320014566 0.48662714534649493 6.6317365788889555 19.938981218868943 -21.804925576132185 -0.96778869966720515 -17.129417798973215 -0.2058881604517783 0.93085292505862427 21.255645475364993 5.2952858187097194 0.26568621746226689 5.9072642300350475 0.48662714534649493 -17.129417798973215 0.20588816045177846 5.5000000000000009 0.088756899407539988 -19.068267358037755 4.4358424663966547 0.48662714534649493 0.5633557562674042
decision_type=2 2 2 2 2 2 2 2 2 2 2 2 2 2 2 2 2 2 2 2 2 2 2 2 2 2 2 2 2 2 2 2 2 2 2 2 2 2 2 2 2 2 2 2
left_child=1 6 4 5 -2 27 26 18 23 11 -8 12 17 16 15 36 -6 -5 -3 -17 -10 22 -15 -9 -22 -11 -1 -4 -29 -16 -31 -23 43 34 -34 -24 -7 -38 -13 -40 -41 -20 -12 -18
right_child=2 7 3 9 13 14 10 8 20 25 42 38 -14 21 29 19 32 -19 41 -21 24 31 35 -25 -26 -27 -28 28 -30 30 -32 -33 33 -35 -36 -37 37 -39 39 40 -42 -43 -44 -45
leaf_value=0.027453605463915495 -0.0017545850497763889 -0.010372633627987189 -0.0061698563049081669 -0.0086817374284175637 0.02912391885975902 0.046966075489893733 0.034019722184829349 -0.011621753142323318 -0.027859014211663338 0.0072146838491117752 0.0035253405889383287 -0.0084609168197844961 -0.038700269459189106 0.009450529035663402 0.04265232293742735 0.018227537649964549 5.8097967431254453e-05 -0.022684225664495333 -0.0084124029623194336 -0.017932040612228695 -0.014982781252019385 0.024087873164220244 0.030132973256183554 -0.00018842399066237869 -0.023956291172257053 -0.013655838594691355 -0.005442685370037996 0.025234358874719975 0.004690743510487907 0.0061285839646054475 0.0221793357591555 -0.00087641104655688097 0.014191116317645379 0.0068558484899059859 0.033601488809776217 -0.010524483477884499 0.06004483529873153 0.025287599115899534 -0.0058985321435284181 0.053012931147642821 0.0021766905560617954 0.0038039275190762107 0.016056386021088897 0.011895912757779084
leaf_weight=22361.792285516858 470761.20303919911 789047.83508379757 168328.41460244358 559022.36922456324 81444.304740041494 56352.757075026631 158669.45595677197 575019.58096604049 472237.51843956113 387457.22397044301 164287.53236456215 743706.87379813194 90600.648495137691 605159.65208408237 21430.183033615351 95987.125952854753 344703.40182749927 192144.44425435364 165515.53674115241 25398.040774062276 642659.79832813144 631964.20550373197 222871.07114927471 267618.29347792268 527636.07011452317 61376.695517525077 313431.40214811265 62466.149596869946 655051.72808893025 375414.33148518205 124464.26297976077 35862.04853323102 167628.528743729 488765.9838655144 83803.909950494766 11684.058393120766 18892.868635267019 265618.10831694305 448023.28069287539 6796.7565275430679 376552.32107466459 290849.75534585118 219811.88420884311 148736.60601435602
leaf_count=67824 1393700 3211339 460803 1543217 202436 126849 449280 2089635 1770880 1000057 558635 2049659 220850 1722787 48387 238367 1135186 512934 607869 63308 2136725 1544871 622240 878468 1643490 145966 1153396 157241 1719166 951378 306254 87529 555391 1434832 242969 30423 40581 640021 1104484 14216 906962 1016887 689522 421636
internal_value=2.49633e-06 -0.00915882 0.00526201 0.000604364 0.0119586 0.0114357 0.00957752 -0.0135713 -0.0169639 -0.00646134 0.0175147 -0.00847111 -0.0151089 0.0142457 0.0180645 0.0255103 0.00966254 -0.0122635 -0.00680137 0.0106617 -0.0215674 0.0182437 0.014662 -0.00799058 -0.0190286 0.0043607 -0.00325199 0.00407566 0.00647924 0.0114622 0.010125 0.0227473 0.00837771 0.0115451 0.0206607 0.0281077 0.030798 0.0275956 -0.00492367 -0.00175941 0.00307801 -0.000626717 0.0106966 0.00362635
internal_weight=1.26376e+07 4.60915e+06 8.02847e+06 4.73508e+06 3.29338e+06 1.8694e+06 878562 3.73058e+06 2.48517e+06 2.86568e+06 542769 2.41685e+06 841767 2.82262e+06 983558 462249 1.31508e+06 751167 1.24541e+06 121385 1.64253e+06 1.50754e+06 839715 842638 1.1703e+06 448834 335793 885846 717518 521309 499879 667826 1.23364e+06 740198 251432 234555 340864 284511 1.57508e+06 831372 383349 456365 384099 493440
internal_count=37918650 16273950 21644700 12250700 9394000 4752355 2918657 13355293 8519198 7498345 1697437 6352322 2277001 8000300 2415145 1109126 3992450 2056151 4836095 301675 5551095 4007850 2375450 2968103 3780215 1146023 1221220 2337210 1876407 1306019 1257632 1632400 3790014 2233192 798360 652663 807451 680602 4075321 2025662 921178 1624756 1248157 1556822
is_linear=0
shrinkage=0.05


Tree=5
num_leaves=45
num_cat=0
split_feature=1 3 2 2 3 2 3 0 1 0 3 3 0 1 1 4 4 1 3 4 4 0 1 1 2 4 2 3 2 4 0 2 2 4 3 2 4 0 3 3 2 3 4 0
split_gain=639861 332452 198209 82659.7 80241.2 73086.6 52609.4 36732.4 35774.3 28828.8 28332.2 26785 19794.8 19233.8 38155 18289.5 17919 13744 15808.8 13693.1 12787.7 11288.3 11147 19057.2 10589.5 10239.5 9911.47 9683.43 9086.68 8541.08 8353.5 7776.22 7065.69 6892.83 6618.36 6384.86 6291.91 8573.59 6253.1 6128.78 6003.71 5827.46 8151.11 4944.02
threshold=-0.2393156642875576 -1.3510783328691855 3.5000000000000004 3.5000000000000004 7.8408586488272585 2.5000000000000004 0.26188981147184626 0.93085292505862427 0.4647231720437684 0.26568621746226689 -7.5558323441566548 -7.8528368245601241 -0.88545602565320969 0.82619477567192912 0.23931566428755774 20.545020291238242 2.0643835749059822 -0.73300900260771595 -0.76901482607872385 17.206697600294646 -5.3041796436846189 0.26568621746226689 0.62305106867763382 0.57552211292281397 5.5000000000000009 -6.4105978126149834 5.5000000000000009 13.004643051379945 2.5000000000000004 15.279807031454601 0.88059548392442355 5.5000000000000009 5.5000000000000009 26.046987670433641 -7.9994374789460272 2.5000000000000004 -4.3932942192098627 0.58743244627487468 3.3218039775813186 -17.129417798973215 2.5000000000000004 21.648738632197027 3.8315857713926396 0.93085292505862427
decision_type=2 2 2 2 2 2 2 2 2 2 2 2 2 2 2 2 2 2 2 2 2 2 2 2 2 2 2 2 2 2 2 2 2 2 2 2 2 2 2 2 2 2 2 2
left_child=3 2 11 17 5 12 20 10 25 16 24 35 -3 14 15 -6 -8 18 -1 40 -5 41 23 -10 39 -7 -12 36 -13 -27 33 -24 -22 -11 -9 -2 37 -16 -14 -4 -19 42 -15 -34
right_child=1 4 7 6 13 8 9 34 22 30 26 28 38 21 27 -17 -18 19 -20 -21 32 -23 31 -25 -26 29 -28 -29 -30 -31 -32 -33 43 -35 -36 -37 -38 -39 -40 -41 -42 -43 -44 -45
leaf_value=-0.020110745841869317 -0.029432343825976266 -0.018978367346681301 -0.016551262085902296 0.0088277653157070399 0.0094099069472485634 0.020344580846354838 -0.0099093958074891048 -0.016829541141404933 0.024177414578895797 -0.013155881672494119 0.0082138454536339282 -0.015810510036432131 -0.0016812824701817259 0.026819050654802952 0.051788377732970382 0.03770779341259433 -0.027200666710818347 -0.024990911872664882 -0.033807551317467197 0.0035762291640449939 -0.0092203032412105212 0.0012057406669439444 0.016453207416234111 0.054859237735109923 0.0069536370891945358 0.0048887962758045926 0.017455897156222533 0.048143732717734075 -0.0040840936837466231 0.021340176460068909 0.00016705439956015106 0.024394897503172672 0.00012411747715063728 0.021881736057601953 -0.0032937466885173371 -0.018898989140345851 0.031497990939901542 -0.012515935974585663 0.0086268744485298778 -0.0010743380789178603 -0.014992729855415932 0.055963955833789214 0.0074881561358031761 -0.019615271675725153
leaf_weight=341347.31653046608 401175.16778998077 122677.99865527451 77602.226516261697 203822.29724544287 204440.88987033069 176945.14915883541 198942.23688977957 146289.91304820776 238655.54550217092 546822.75641280413 508397.59772647917 444498.2675832957 317838.58301085234 202597.57584795356 74228.294348791242 79227.989754974842 606937.63033223152 412672.80115287006 550295.57522198558 60194.679438889027 493835.00446458161 73471.596346080303 691948.69495619833 64231.084813475609 476453.07841205597 635729.72115653753 675597.11113651097 213044.69773384929 262917.44502662122 90072.878197446465 178290.47252999246 555839.96152119339 535158.8716006726 14406.631195664406 235985.32875521481 224303.97108392417 299475.96340191364 5572.6385368555784 273905.18741734326 364001.71197585762 236021.99503953755 12924.201023623347 74616.220100834966 33720.163349837065
leaf_count=1249573 1421794 518982 203137 560061 592470 480572 631732 354830 638163 1587462 1427057 1635370 1118943 550894 185110 204394 1924353 1644371 2250077 205677 1485825 205314 1953018 162709 1132209 1831690 1626716 538688 841318 223894 484045 1338696 1431472 39700 594535 697611 832230 14683 925791 1020177 818002 30311 229894 75100
internal_value=-1.31021e-06 0.00823951 -0.00256228 -0.0153619 0.0175948 0.0133746 -0.0101988 0.00578321 0.0174728 -0.0163902 0.00837594 -0.0181171 -0.000699389 0.0283797 0.0323923 0.0173134 -0.0229321 -0.0244327 -0.028564 -0.0192363 -0.00264424 0.0187126 0.0220795 0.0306839 0.00178377 0.0095597 0.0134874 0.0396137 -0.0114523 0.00693043 -0.00926129 0.0199909 -0.0048445 -0.0122565 -0.00847365 -0.025655 0.0348223 0.0472979 0.00309014 -0.00379407 -0.0213532 0.0231459 0.0216159 -0.00104593
internal_weight=1.26371e+07 8.22467e+06 3.81722e+06 4.41247e+06 4.40744e+06 3.16784e+06 2.81194e+06 2.48433e+06 2.45342e+06 1.5454e+06 2.10205e+06 1.33289e+06 714422 1.2396e+06 875990 283669 805880 1.60053e+06 891643 708889 1.26654e+06 363610 1.55068e+06 302887 918057 902748 1.18399e+06 592322 707416 725803 739520 1.24779e+06 1.06271e+06 561229 382275 625479 379277 79800.9 591744 441604 648695 290138 277214 568879
internal_count=37918650 23531200 10954754 14387450 12576446 9192458 8219750 6358661 6628742 4667292 5409296 4596093 2563716 3383988 2367575 796864 2556085 6167700 3499650 2668050 3552458 1016413 4092586 800872 2355523 2536156 3053773 1570711 2476688 2055584 2111207 3291714 2992397 1627162 949365 2119405 1032023 199793 2044734 1223314 2462373 811099 780788 1506572
is_linear=0
shrinkage=0.05


Tree=6
num_leaves=45
num_cat=0
split_feature=2 2 1 0 1 1 2 2 3 0 0 2 0 0 3 3 2 3 0 3 3 3 2 4 3 3 2 4 0 0 3 0 4 0 4 3 0 3 4 4 3 3 3 3
split_gain=929821 127460 107636 73939.8 57107.9 55468.3 40055.4 36558.2 24943 23223.3 20803.8 18895.9 17540.4 14236.2 13792.2 13623 9715 8861.36 8035.77 7994.69 6842.15 5657.83 5605.75 5318.44 5219.75 4351.43 4272.29 3778.41 3683.19 3674.82 3472.44 3627.81 3329.57 3257.51 3158.64 3076.17 3075.81 3044.4 2637.57 2601.36 2522.42 2428.76 2406.36 2379.69
threshold=3.5000000000000004 5.5000000000000009 0.23931566428755774 0.58743244627487468 -0.2393156642875576 -0.2393156642875576 2.5000000000000004 2.5000000000000004 9.5877804135133946 0.48662714534649493 0.48662714534649493 2.5000000000000004 -0.46472317204376817 -0.93085292505862405 -2.3514819406366949 -2.5919211796688226 4.5000000000000009 -2.7600588162966058 0.48662714534649493 -1.6495127090000989 -2.5123325035075328 -15.849766964683171 6.5000000000000009 5.9037000904726691 5.255704364099274 7.8408586488272585 4.5000000000000009 24.301560733309959 -0.93085292505862405 -0.94117129826980295 -11.720728959144244 0.96778869966720549 8.6590684360436772 -0.35460488704253573 -4.2687999025978298 -1.6495127090000989 -0.46472317204376817 15.665097213080172 -6.1209156803570783 -7.2800844019949276 8.5531780951887715 7.1897771933336623 6.9488885271336267 -24.51843460078786
decision_type=2 2 2 2 2 2 2 2 2 2 2 2 2 2 2 2 2 2 2 2 2 2 2 2 2 2 2 2 2 2 2 2 2 2 2 2 2 2 2 2 2 2 2 2
left_child=2 5 3 7 10 9 8 14 12 15 19 27 28 34 -1 -2 33 -9 24 -3 -11 -14 29 -23 36 38 42 30 -4 -6 -5 -32 -21 40 -7 -12 -8 39 -16 -10 -15 -19 -17 -30
right_child=1 4 6 11 22 13 18 17 37 20 35 -13 21 16 25 26 -18 41 -20 32 -22 23 -24 -25 -26 -27 -28 -29 43 -31 31 -33 -34 -35 -36 -37 -38 -39 -40 -41 -42 -43 -44 -45
leaf_value=0.029339753447838714 -0.00077813414414315823 -0.010979995204255709 0.038737088863632703 0.0075672654451936789 -0.011112062904874423 -0.0015255644947034038 0.011592723169609612 0.0118757772032391 -0.017133327207254075 -0.014233221174729721 -0.022899201274009438 0.0037733791194045521 -0.0011397357088107358 -0.00030288976372297492 0.031392859615102103 0.019424901152248122 -0.013108838251049469 0.027551533362660946 -0.0060184469853878124 0.0012703676337279491 -0.00076675847236883196 0.016573895116190486 -0.023023977198615306 0.0066349621489108189 -0.004094564346743647 0.031665786816434567 0.0091673140831408078 0.00099971098115574347 -0.0073056628545604659 -0.019413262148436441 0.025161632546573349 0.01638400749833626 -0.0062190126655538294 -0.0080959146010599423 0.0096028938229479922 -0.014308690457385795 0.0032927174517346693 -0.010886726837496679 0.04472329429103454 0.004769755859369053 -0.015767608656897837 0.016360710043164257 0.0074293059932786024 0.024593789194323673
leaf_weight=319490.86596862972 244546.47851096094 307096.54437105358 48428.692594483495 50458.970076665282 150512.17124646902 228138.63556030393 207999.83845739067 166496.91560678184 15057.289766922593 132894.02845315635 145004.63702608645 314199.58192513883 62089.232704460621 264811.59662473202 40051.955599412322 251075.12953330576 1072063.6322940886 308178.06750442088 260007.20488461852 444317.62348029017 325004.04077148438 649748.05662631989 1380982.8115194887 169768.63111579418 134370.62038962543 86412.636599242687 325895.51228219271 27392.636781722307 5939.4935461580753 1167161.8552329242 271568.78278289735 207778.72517341375 222823.67703972757 713664.17272529006 88497.726720556617 370424.97589482367 240890.73235626519 58049.608910307288 504663.24647602439 135958.25928647816 29283.547643482685 57536.1059332937 50160.306114390492 373313.30019409955
leaf_count=1196998 728088 835137 194140 158458 411950 680682 686413 549505 39930 345809 346494 970200 179847 795648 152613 872847 2872100 1138214 743050 1337142 963191 2224412 3353350 541181 395409 327549 1044671 84415 16176 2941400 985833 711694 622821 2002000 289518 966356 743078 162785 2088140 431655 78302 194931 157194 1357324
internal_value=-3.1846e-06 -0.0104754 0.0175717 0.0251374 -0.0164602 -0.00374797 0.0100297 0.0319302 0.0148825 0.00444228 -0.00860192 0.0135784 0.0174433 -0.00829199 0.0378045 0.0092317 -0.00979565 0.0214377 0.00129193 -0.0043041 -0.00467508 0.0134125 -0.020798 0.014515 0.00455076 0.0420895 0.013135 0.0191073 0.0257523 -0.0184651 0.0200435 0.0213569 -0.00123107 -0.00627105 0.00158476 -0.0167254 0.00713864 -0.00115497 0.0437431 0.00258587 -0.00184274 0.0257909 0.0174275 0.0240942
internal_weight=1.26302e+07 7.91436e+06 4.71585e+06 2.35423e+06 4.18832e+06 3.72603e+06 2.36162e+06 1.48283e+06 1.51835e+06 1.32958e+06 1.48967e+06 871399 1.30929e+06 2.39646e+06 950619 871677 2.07982e+06 532211 843268 974238 457898 881606 2.69866e+06 819517 583261 631128 627131 557199 427681 1.31767e+06 529806 479348 667141 1.00776e+06 316636 515430 448891 209065 544715 151016 294095 365714 301235 379253
internal_count=37918650 21644700 16273950 8558550 10814650 10830050 7715400 5647950 5147450 4111800 4107950 2910600 4513080 6718250 3765300 2802800 5748050 1882650 2567950 2795100 1309000 2945440 6706700 2765593 1824900 2568302 2074712 1940400 1567640 3353350 1855985 1697527 1959963 2875950 970200 1312850 1429491 634370 2240753 471585 873950 1333145 1030041 1373500
is_linear=0
shrinkage=0.05


Tree=7
num_leaves=45
num_cat=0
split_feature=2 3 1 3 0 0 1 0 3 3 0 3 2 0 3 0 3 1 4 3 3 4 0 0 3 0 0 3 4 0 3 3 4 0 3 2 0 1 1 3 0 2 4 0
split_gain=219562 138848 89638.6 131256 37150.6 34737.9 34586.2 33276.7 30519.9 22964.4 22360.6 20624.5 18088.1 13097.6 11986.4 11458.2 11370.1 11064 10234.1 10138.5 9981.67 11060.8 9198.07 8835.11 9545.31 8694.24 8654.1 20941.1 8169.96 11782.5 7971.8 7689.4 7644.55 7545.95 7534.69 7327.46 7137.27 6651.08 12539.1 6232.43 6208.64 6141.4 5751.01 5716.52
threshold=3.5000000000000004 -6.2430255561068355 -0.10466628778912916 -2.677525275943029 -0.86066547284873141 -0.2393156642875576 -0.4300652022765204 -0.35460488704253573 1.3157216091215107 -13.241684549416249 -0.56335575626740397 -14.381925670524582 5.5000000000000009 0.99087453071010911 -7.9994374789460272 0.93085292505862427 4.7263034975343894 0.36521623457838687 5.0440236147195394 -17.129417798973215 5.5246501439792519 9.5284474064101889 0.93085292505862427 -0.2393156642875576 5.6196416414781885 -0.56335575626740397 0.5633557562674042 3.3963988962647567 5.2952858187097194 0.26568621746226689 -6.8730875101266369 5.4329906566908273 17.976242361418649 -0.96778869966720515 -18.943206484268512 2.5000000000000004 0.93085292505862427 0.98236589408923247 0.97148236575323155 9.0454771870147699 0.48662714534649493 5.5000000000000009 3.8315857713926396 -0.32012920303568732
decision_type=2 2 2 2 2 2 2 2 2 2 2 2 2 2 2 2 2 2 2 2 2 2 2 2 2 2 2 2 2 2 2 2 2 2 2 2 2 2 2 2 2 2 2 2
left_child=1 5 4 7 -2 17 18 33 22 -7 16 -9 14 20 -6 30 -5 -1 -3 -19 36 -22 -8 24 -20 -10 27 -14 -16 31 37 -30 -28 -4 -35 -25 42 38 43 -27 -29 -15 -12 -13
right_child=2 6 3 10 12 9 8 11 25 -11 13 15 26 41 28 -17 -18 19 23 -21 21 -23 -24 35 -26 39 32 40 29 -31 -32 -33 -34 34 -36 -37 -38 -39 -40 -41 -42 -43 -44 -45
leaf_value=-0.012386401838574529 -0.0017197763486327491 -0.012434090955437346 -0.0061913646789098827 -0.009794005367517726 0.024062220288233183 0.028890070115874113 -0.012574560085813353 0.032225643925550419 -0.028468272978133913 0.0081921136710050406 -0.0016442459167051245 0.046494867173365761 0.0086126472366224761 -0.0013928968657721272 0.002420778236208676 0.023496391449749944 -0.023067671410875588 0.026260238104859297 -0.0036895851699168154 -0.00089681531106317904 -0.0051976249786316207 -0.018859444403392267 -8.0336548194616333e-06 -0.009421178390990631 0.025093004181346065 -0.016447835522188817 0.023315248328651804 0.027476166206222088 0.0128863559336729 0.0063437323726810288 0.0051213528899955738 0.030888631417690732 0.0066902262071454818 0.02666479810078895 0.003998587966729421 0.0017857387683188652 0.0088282761515618355 0.0044714375704161388 0.051769811421646078 -0.024724979942738 -0.0091476654325177448 0.015369215241108809 -0.010782532151980417 0.01407617425085517
leaf_weight=192165.82963488996 470585.68928323686 455834.06275321543 181009.6841391176 540414.74780517817 122535.64364609122 200863.93158826232 814423.13201485574 165723.67372241616 365193.78362753987 402644.24745236337 754592.59671153128 14404.42742075026 589743.62332038581 99925.546335011721 460772.3321505785 209746.72813774645 229993.37231115997 41123.683621481061 61550.780883565545 209186.24593234062 412138.47129385173 231297.62341323495 177318.74892036617 392963.69469076395 54144.038442850113 629791.54092933238 596624.36178636551 243843.08653117716 157654.80271534622 484720.06051242352 376492.36725308001 95096.182279571891 78210.274931326509 38907.263356432319 636091.86816777289 231945.44217541814 127962.63887396455 103298.85094201565 26896.376893147826 355967.4379722625 12148.547175675631 120590.85237427056 223063.07439516485 242941.70741026103
leaf_count=716867 1393700 1837395 497497 1505906 310228 576066 2941339 378356 1370364 1314507 1960600 32853 1668044 274777 1464920 507534 608582 128396 252269 759371 1063179 604410 595497 1594833 186693 2093439 1441023 675867 520589 1420841 952932 275872 191377 95681 1671829 806835 326725 264306 57131 1100079 31539 287158 563956 597288
internal_value=6.8847e-06 -0.00872598 0.00498254 0.000569403 0.0112926 0.00727884 -0.0134562 0.0103236 -0.0169885 0.015081 -0.00653456 0.0159198 0.0134477 -0.0037096 0.00916719 0.0131448 -0.0137567 -0.00336273 -0.00653969 0.00356485 -0.00515737 -0.0101087 -0.0103277 -0.00291174 0.00978038 -0.0218782 0.0171657 0.0137963 0.00764398 0.0109074 0.0103031 0.0196596 0.0213885 0.00287407 0.00530508 -0.00526154 -0.00227586 0.015337 0.0192858 -0.0194368 0.0257381 0.00777358 -0.00372925 0.0158907
internal_weight=1.26325e+07 4.58512e+06 8.04743e+06 4.73549e+06 3.31193e+06 1.04598e+06 3.53913e+06 1.99551e+06 2.34269e+06 603508 2.73998e+06 1.1395e+06 2.84135e+06 1.96957e+06 1.32078e+06 973780 770408 442476 1.19644e+06 250310 1.74905e+06 643436 991742 740604 115695 1.35095e+06 1.52057e+06 845735 1.19824e+06 737471 764034 252751 674835 856009 674999 624909 1.10562e+06 387541 284243 985759 255992 220516 977656 257346
internal_count=37918650 16273950 21644700 12250700 9394000 3495207 12778743 5055407 8100718 1890573 7195293 2790400 8000300 5080805 3992450 2412044 2114488 1604634 4678025 887767 4518870 1667589 3536836 2840630 438962 4563882 4007850 2375450 3682222 2217302 1904510 796461 1632400 2265007 1767510 2401668 2851281 951578 687272 3193518 707406 561935 2524556 630141
is_linear=0
shrinkage=0.05


Tree=8
num_leaves=45
num_cat=0
split_feature=1 3 2 3 2 2 3 0 0 1 1 3 1 1 3 4 4 1 3 4 4 3 4 0 4 3 0 4 0 2 2 2 3 2 2 0 2 2 3 0 0 0 3 4
split_gain=580180 298632 162037 84573.1 79061.1 76609.7 48761.8 29430.1 28610.2 26369.7 22847.3 19241.1 18683 35835 18360 17922.8 13172.3 12904.4 15138.8 12938.4 12567.6 12185.2 11928.4 9999.13 9901.18 9028.4 8756.75 8604.09 8478.29 9391.89 7870.68 7522.91 7463.16 7038.04 6427.4 6074.54 5829.48 5698.33 5489.1 5450.92 5442.08 5384.81 5369.65 7504.44
threshold=-0.2393156642875576 -2.677525275943029 3.5000000000000004 6.9488885271336267 3.5000000000000004 3.5000000000000004 0.91447742228605133 0.93085292505862427 0.48662714534649493 0.25145141517831299 0.47375768738725649 -8.3080036836704654 0.23931566428755774 0.82619477567192912 -9.3317940367424583 19.389303354563477 -4.639266112385271 -0.73300900260771595 -0.69763357047092522 18.426290891346699 3.8315857713926396 11.112010374266022 0.34716814394530365 0.26568621746226689 20.545020291238242 -18.943206484268512 0.93085292505862427 4.5622105074387642 1.0000000180025095e-35 5.5000000000000009 5.5000000000000009 2.5000000000000004 1.9150080877777429 5.5000000000000009 5.5000000000000009 -0.94117129826980295 2.5000000000000004 2.5000000000000004 3.3963988962647567 0.88059548392442355 0.5633557562674042 0.37886415816525426 21.648738632197027 2.5427270573146292
decision_type=2 2 2 2 2 2 2 2 2 2 2 2 2 2 2 2 2 2 2 2 2 2 2 2 2 2 2 2 2 2 2 2 2 2 2 2 2 2 2 2 2 2 2 2
left_child=5 2 14 4 10 17 16 11 22 -6 35 25 15 21 -2 -5 41 18 -1 37 32 36 -8 42 39 -4 27 28 29 -11 -13 -16 -12 -18 -27 -3 -14 -19 -24 40 -10 -7 43 -15
right_child=1 3 7 12 9 6 8 -9 24 26 20 30 13 23 31 -17 33 19 -20 -21 -22 -23 38 -25 -26 34 -28 -29 -30 -31 -32 -33 -34 -35 -36 -37 -38 -39 -40 -41 -42 -43 -44 -45
leaf_value=-0.01933573793949038 -0.02621941229960183 -0.015881700914804463 -0.013534655582175143 0.0077544941965904494 0.0078805508081397271 0.0099430890112498314 -0.0061645292771118328 -0.0095621876514349301 0.0088273098853294384 0.016395560999298918 -0.0018781645197004032 0.0062952944679629435 0.01907873098385986 0.025169487522604474 -0.017615669393536374 0.033075975335055595 -0.0095785902316811149 -0.023850572000957374 -0.032804801510371039 0.006601722653755181 0.019985875229518391 0.04274543037967854 -0.018665902856057254 0.0023872785758134144 0.011442302750097985 -0.0020405495534686099 0.0028812465930637267 0.029163182465539939 0.013780658090216705 0.026838449263831179 0.015246356361803604 -0.0065372772501928779 0.0092139575416590146 -0.0017511827801692176 0.0074270898365694817 -0.0037087396990254993 0.033267335096359561 -0.014156353094086619 -0.027533143762328505 -0.001936693227383593 -0.015211756418493181 -0.015515800935591267 0.052544194729094877 0.0092119225294773482
leaf_weight=341449.52835212648 497919.91169530153 152116.82330274582 93995.377166196704 236490.27318549156 606457.69443005323 217424.96023669839 103632.5710990876 326088.25134237111 25486.641825765371 392342.52680929005 323279.11771930754 431358.5102404654 98511.404186084867 228158.62923048437 410671.87308490276 99193.645607456565 531916.20874634385 414827.30550792813 536277.44852913916 47944.351404383779 139030.75255285203 326474.99093714356 276522.06395250559 87994.769135549664 61739.459086105227 340549.72725868225 71056.569875776768 258910.6874255985 468190.02862380445 477143.18309764564 570243.0582588464 244458.3989225179 285635.53343559802 624170.25921092927 378507.87398600578 314107.5111785233 273031.98144970834 238878.74041706324 473169.21156197786 151149.94884485006 308788.23283819854 22963.377505779266 13184.055526822805 108813.16532243788
leaf_count=1266182 1695308 621095 229271 689499 1646936 607723 325996 809665 67832 1097473 1118305 1203464 317493 614171 1526270 254272 1625888 1672849 2233468 162847 424515 824821 920631 244588 167325 954598 178383 637713 1181913 1149335 1354130 782881 942236 1671318 900372 1077339 698191 832354 1489089 413358 873767 56823 30311 326652
internal_value=-3.70119e-06 0.00779946 -0.00387149 0.0155496 0.0113086 -0.0147207 -0.00974958 0.00426751 -0.016342 0.0168089 0.00100686 0.00675267 0.0256007 0.0286627 -0.0189823 0.0152369 -0.00313823 -0.0235242 -0.0275651 -0.0184693 0.00642201 0.035698 -0.0220646 0.0174548 -0.00741737 0.0010382 0.0200557 0.0208201 0.0192053 0.0221263 0.0113914 -0.0134818 0.00332503 -0.00535258 0.00294316 -0.00768046 0.0295054 -0.0203081 -0.0242625 -0.00981607 -0.0133789 0.0075111 0.0212413 0.0200166
internal_weight=1.26303e+07 8.25392e+06 3.29379e+06 4.96012e+06 3.48827e+06 4.37634e+06 2.79696e+06 2.14074e+06 1.40049e+06 2.2741e+06 1.21417e+06 1.81465e+06 1.47185e+06 1.13617e+06 1.15305e+06 335684 1.39647e+06 1.57938e+06 877727 701650 747945 698018 853324 438151 547164 813053 1.66764e+06 1.59659e+06 1.33768e+06 869486 1.0016e+06 655130 608915 1.15609e+06 719058 466224 371543 653706 749691 485425 334275 240388 350156 336972
internal_count=37918650 23531200 9455959 14075241 10075243 14387450 8219750 5451500 4257998 5891753 4183490 4641835 3999998 3056227 4004459 943771 3961752 6167700 3499650 2668050 2485056 1840505 2735716 1215722 1522282 2084241 4244817 4066434 3428721 2246808 2557594 2309151 2060541 3297206 1854970 1698434 1015684 2505203 2409720 1354957 941599 664546 971134 940823
is_linear=0
shrinkage=0.05


Tree=9
num_leaves=45
num_cat=0
split_feature=2 2 1 0 1 1 2 2 3 0 0 2 0 0 3 3 2 3 3 0 3 2 3 4 3 2 3 0 4 0 0 2 3 0 0 0 3 3 4 1 4 3 3 3
split_gain=836793 118524 94532.6 65159.5 53075.2 50030.6 36796.2 32782.1 22086.7 21437.2 19032.2 17099 15586.9 12905.7 12275.9 12222.6 9203.73 7978.29 7380.98 7244.63 6407.57 5384.35 4975.01 4788.64 4670.72 3939.27 3716.04 3341.9 3338.43 3248.59 3236.99 3013.28 2975.1 2973.47 2971.78 2918.8 2878.14 2555.08 2429.14 2549.8 2419.66 2329.06 2307.36 2186.1
threshold=3.5000000000000004 5.5000000000000009 0.23931566428755774 0.58743244627487468 -0.2393156642875576 -0.2393156642875576 2.5000000000000004 2.5000000000000004 9.973880514858033 0.48662714534649493 0.48662714534649493 2.5000000000000004 -0.46472317204376817 -0.93085292505862405 -2.5919211796688226 -2.5919211796688226 4.5000000000000009 -2.9295840744931883 -2.3514819406366949 0.48662714534649493 -1.9556117753525866 6.5000000000000009 -15.849766964683171 5.9037000904726691 6.5213846600313063 4.5000000000000009 7.9721025807415069 -0.93085292505862405 24.301560733309959 1.0000000180025095e-35 -0.93085292505862405 4.5000000000000009 -12.280136671474148 0.96778869966720549 -0.35460488704253573 -0.46472317204376817 -1.2007271307681469 16.544307882493953 -5.7021707869585816 -0.77168259479222712 -6.4105978126149834 7.7037891927019055 3.1036261744090834 7.1897771933336623
decision_type=2 2 2 2 2 2 2 2 2 2 2 2 2 2 2 2 2 2 2 2 2 2 2 2 2 2 2 2 2 2 2 2 2 2 2 2 2 2 2 2 2 2 2 2
left_child=2 5 3 7 10 9 8 15 12 14 18 28 30 31 -2 -1 34 -9 -3 24 -11 27 -14 42 35 43 38 -6 32 -20 -4 -7 -5 -34 41 -8 -12 40 -17 -40 -10 -15 -24 -16
right_child=1 4 6 11 21 13 19 17 37 20 36 -13 22 16 25 26 -18 -19 29 -21 -22 -23 23 -25 -26 -27 -28 -29 -30 -31 -32 -33 33 -35 -36 -37 -38 -39 39 -41 -42 -43 -44 -45
leaf_value=0.027272861526509731 -0.00069005976301488893 -0.01136939374012769 0.036206245332410049 0.0066957269873477304 -0.011348630578466462 0.0066177008380188572 0.010529140055535173 0.010794290249826108 -0.01641438113399539 -0.013293352903843966 -0.021746329313281451 0.0034539531968012177 -0.001006841050426435 1.3680112574563093e-05 0.018429501621254962 0.030131641097727466 -0.012537754355252242 0.02404969123323249 0.00082736318060770307 -0.0058290395510482325 -0.00053476537395438545 -0.022225116260177744 0.017214106328957052 0.006332024230913203 -0.0052343875611493753 0.0087074981867694152 0.029512464316035738 -0.018735846181157624 0.00098092403526909709 -0.0063801192005940215 0.022639068689825972 -0.0031435896921703332 0.023428242034336657 0.015556523113991479 -0.0076128996218602502 0.0026940026920975954 -0.013575299802597328 -0.011747224681683772 0.039127519617616333 0.046400661041059471 0.0039051499052017097 -0.013698203045287816 0.010116442180479917 0.006665490399361939
leaf_weight=310407.77222147584 244319.13584521413 258325.38309840858 49609.337937563658 45823.708092331886 177158.27913543582 151938.59348425269 221390.38247568905 162816.29927361012 16498.223846495152 143364.42140063643 154502.56220033765 315129.21740171313 62004.926361516118 258246.33847770095 256500.47926226258 49049.451726719737 1064500.1447499841 374911.40503078699 482789.23070965707 259461.58480006456 313814.85917040706 1364688.8992935866 511833.63314172626 175470.63551026583 106993.58167538047 327207.30885438621 84140.971858918667 1127321.6403850019 27393.590340226889 231210.96979129314 386377.45810645819 164831.71125876904 277070.22246587276 211578.7879203707 709703.69970679283 256669.69696429372 356300.14877568185 47106.080201163888 331575.09087926149 189302.07861495018 130853.94379973412 35188.802929118276 147504.15658734739 46677.750386178493
leaf_count=1146712 728088 700958 195757 142795 485100 485100 724733 532622 44117 377049 375104 970200 179847 777939 884718 185424 2872100 1350028 1445731 743050 931951 3353350 1755739 557982 312160 1044671 314516 2868250 84415 648411 1384927 485100 993446 719744 2002000 788007 937746 131424 1324056 794592 412756 96011 484901 145323
internal_value=-5.69474e-06 -0.0100103 0.016564 0.0236059 -0.0158157 -0.00352374 0.00950003 0.0299282 0.0141311 0.00423855 -0.00823223 0.0127764 0.0164278 -0.0078596 0.00882454 0.0354434 -0.00929942 0.0200361 -0.00412692 0.00112498 -0.00453566 -0.0200295 0.0126577 0.0136727 0.00420897 0.0125121 0.039321 -0.0177326 0.018005 -0.0015066 0.0241828 0.0015384 0.0188775 0.0200199 -0.00586299 0.00632247 -0.0160468 -0.00161047 0.0407691 0.0417708 0.00163008 -0.00163065 0.0156262 0.0166183
internal_weight=1.26196e+07 7.86859e+06 4.75097e+06 2.3792e+06 4.1523e+06 3.71629e+06 2.37177e+06 1.5022e+06 1.52726e+06 1.33188e+06 1.48313e+06 876996 1.3328e+06 2.38441e+06 874705 964475 2.06764e+06 537728 972326 844515 457179 2.66917e+06 896813 834808 585054 630386 654068 1.30448e+06 561866 714000 435987 316770 534473 488649 1.00314e+06 478060 510803 194458 569927 520877 147352 293435 659338 303178
internal_count=37918650 21644700 16273950 8558550 10814650 10830050 7715400 5647950 5147450 4111800 4107950 2910600 4559153 6718250 2802800 3765300 5748050 1882650 2795100 2567950 1309000 6706700 2978469 2798622 1824900 2074712 2618588 3353350 1940400 2094142 1580684 970200 1855985 1713190 2875950 1512740 1312850 588297 2304072 2118648 456873 873950 2240640 1030041
is_linear=0
shrinkage=0.05


Tree=10
num_leaves=45
num_cat=0
split_feature=2 3 1 3 3 1 0 0 0 3 0 1 1 2 0 3 0 1 3 3 4 0 3 0 3 2 1 4 0 0 3 2 4 0 3 1 1 0 0 4 3 3 4 0
split_gain=198307 126747 80107.2 118734 34196.8 34028.9 33374.8 29899.6 24420.4 23977.7 21754.7 20274.7 22398.8 15860.7 15718.1 15953.1 13394.4 12845.9 10908.3 10541.9 9894.93 8868.08 8425.57 7724.18 18572.5 7474.79 7156.81 6883.98 6865.85 6840.5 7613.58 6784.7 6342.09 11556.9 6274.78 6174.66 7110.99 6064.31 6051.01 6442.8 5309.78 5060.16 5030.82 5009.25
threshold=3.5000000000000004 -5.4354207370286067 -0.10466628778912916 -3.81294381829106 -15.849766964683171 -0.4300652022765204 -0.86066547284873141 -0.2393156642875576 0.48662714534649493 3.4726968072262605 0.93085292505862427 0.62305106867763382 0.57552211292281397 5.5000000000000009 -0.2058881604517783 -16.447419376070052 -0.93085292505862405 0.93621795190976798 -9.710004215326121 6.0023226145337825 3.8315857713926396 0.93085292505862427 5.3454350212949437 0.5633557562674042 3.702525320014566 2.5000000000000004 0.88755655832397862 21.255645475364993 -0.32012920303568732 -0.96778869966720515 -16.447419376070052 5.5000000000000009 5.7701267242643555 0.26568621746226689 5.4329906566908273 1.0000000180025095e-35 -1.7225464241988328e-16 0.48662714534649493 0.088756899407539988 -19.068267358037755 -24.51843460078786 -7.9994374789460272 -14.420259720574821 0.5633557562674042
decision_type=2 2 2 2 2 2 2 2 2 2 2 2 2 2 2 2 2 2 2 2 2 2 2 2 2 2 2 2 2 2 2 2 2 2 2 2 2 2 2 2 2 2 2 2
left_child=1 4 6 7 16 20 -2 29 26 21 11 12 19 18 -9 -16 -1 -17 -8 -5 -3 -7 -12 24 -15 -22 -6 41 -11 -4 -31 -13 43 34 -34 36 -24 -26 -33 -40 -18 -25 -10 -20
right_child=2 5 3 10 8 9 13 14 42 28 22 31 -14 23 15 17 40 -19 32 -21 25 -23 35 27 37 -27 -28 -29 -30 30 -32 38 33 -35 -36 -37 -38 -39 39 -41 -42 -43 -44 -45
leaf_value=-0.012675869285840722 -0.0016726293653043503 -0.013333697687651778 -0.0056066129458461353 -0.0074229702648325058 -0.0074065592348108045 -0.0140237102574516 0.026228395516756778 0.047739254808986047 0.038609923523968227 -0.028135894357017677 0.0099529898943633358 -0.0074965099734466195 -0.037061252079492353 0.0083588246642297605 0.034552829581942633 0.017844449300519455 0.04707325012253355 0.0042976956511613451 0.00011878692236065735 -0.020821329177993359 -0.0069123393996540581 -0.002853357930550182 -0.0167646662340711 0.034910281344675741 0.026564329381683863 0.0030350187745478898 0.0040368178658391441 -0.0011578035999150974 -0.019508483172040316 0.021276837105998505 0.0042636510813528301 -0.0049074255222164437 0.013048453671497668 0.006083857829779475 0.029629421011585055 -0.0094530377166241741 0.021973608969828317 -0.010392990968891517 0.049405070127519629 0.0025661016998982031 0.024861660109250148 0.019877511403717626 0.01144091475674236 0.010670111957288866
leaf_weight=21732.258900299668 470344.09341642261 346065.23263150454 152048.96260395646 585032.61554960907 435687.24145931005 978322.34882232547 83161.622475400567 39983.175077795982 18015.565819874406 345752.64954736829 277340.64856743813 773178.62609101832 90502.354958817363 610991.63825309277 99469.830501064658 521416.56778770685 32787.177723050117 263400.11279013753 365386.07368677855 195992.97006955743 510687.99751412868 217109.30452358723 16979.720266833901 61922.117209225893 228526.07170797884 299671.92843544483 199055.4801569134 35959.684671252966 692457.54736943543 73913.869732916355 596056.7496869415 472154.37708683312 145409.54718439281 475686.45711944997 93907.237799912691 135578.72517551482 39185.843974724412 11666.595622390509 7480.7896553725004 395016.29297633469 150014.04270038009 583265.34374478459 314164.56813311577 162518.14060206711
leaf_count=82588 1393700 1413248 417273 1623561 1608176 3565944 202436 85257 49092 1245440 701801 2148913 226951 1722787 220114 1255742 81794 669692 1202041 535314 2084808 736632 42170 134580 622240 1051550 675427 87529 2246882 183706 1556624 1168267 475760 1387495 268497 348061 98810 30423 15501 952943 440882 1410291 991487 456221
internal_value=1.27215e-05 -0.00831891 0.00472594 0.000547278 0.00585941 -0.0132183 0.0106696 0.0109052 0.00193037 -0.0168228 -0.00550537 -0.00734616 -0.0135138 0.0127005 0.0170753 0.0156888 0.0244338 0.0132979 0.00869674 -0.0107852 -0.00625624 -0.011995 0.00438115 0.0161652 0.0129896 -0.0032338 -0.00381791 0.0201336 -0.0223816 0.00396773 0.00614061 -0.00408414 0.00752372 0.0105927 0.0195548 -0.003678 0.0102624 0.0247692 -0.00106765 0.00343665 0.0288455 0.0213203 0.0129144 0.00336707
internal_weight=1.2625e+07 4.56152e+06 8.06348e+06 4.73473e+06 1.17146e+06 3.39007e+06 3.32874e+06 1.74629e+06 966923 2.23364e+06 2.98844e+06 2.51936e+06 871528 2.8584e+06 924270 884287 204533 784817 1.32607e+06 781026 1.15643e+06 1.19543e+06 469085 1.53233e+06 851184 810360 634743 681147 1.03821e+06 822020 669971 1.64783e+06 1.24291e+06 715003 239317 191744 56165.6 240193 874651 402497 182801 645187 332180 527904
internal_count=37918650 16273950 21644700 12250700 3929446 12344504 9394000 4388408 3324182 7794898 7862292 6671450 2385826 8000300 2230805 2145548 605264 1925434 3992450 2158875 4549606 4302576 1190842 4007850 2375450 3136358 2283603 1632400 3492322 2157603 1740330 4285624 3790014 2131752 744257 489041 140980 652663 2136711 968444 522676 1544871 1040579 1658262
is_linear=0
shrinkage=0.05


Tree=11
num_leaves=45
num_cat=0
split_feature=1 3 2 2 3 3 2 3 3 0 1 0 0 1 1 0 4 4 3 0 4 4 0 2 2 4 0 0 0 4 3 2 2 2 4 0 2 4 0 0 3 0 2 0
split_gain=526269 269773 186828 71094.7 46110.7 45157.9 41377.4 37237.3 35661.5 25995.2 25009.6 20588.7 17422.3 16423.3 23441.6 15250.2 14486.9 12980.4 12177.7 24361 11762.2 11648.2 10358.9 10136.9 9581.99 8481.81 8339.09 15752.7 7343.18 6860.77 6718.54 6455.63 6422.76 6320.51 6235.64 6230.27 6130.03 5696.84 5191.11 11524.1 5054.43 5273.17 4783.43 4771.42
threshold=-0.2393156642875576 0.78397047326234681 3.5000000000000004 3.5000000000000004 9.4015872141977166 0.7172640208719373 2.5000000000000004 -7.0073297285146827 -7.2765424173769899 0.26568621746226689 0.23931566428755774 0.93085292505862427 0.20588816045177846 0.82619477567192912 0.23931566428755774 -0.88545602565320969 1.611173643267666 20.545020291238242 -0.83472754467402399 0.67983684365189634 -5.1715951788574008 1.953941008251576 0.26568621746226689 5.5000000000000009 2.5000000000000004 20.545020291238242 -0.79450537036186197 -0.86066547284873141 0.88059548392442355 -5.1715951788574008 -17.129417798973215 5.5000000000000009 5.5000000000000009 2.5000000000000004 26.046987670433641 0.088756899407539988 2.5000000000000004 13.733444063069575 0.93085292505862427 0.88059548392442355 15.665097213080172 -0.79450537036186197 4.5000000000000009 -0.82298386589365657
decision_type=2 2 2 2 2 2 2 2 2 2 2 2 2 2 2 2 2 2 2 2 2 2 2 2 2 2 2 2 2 2 2 2 2 2 2 2 2 2 2 2 2 2 2 2
left_child=3 2 8 18 6 20 15 12 33 16 37 21 32 14 17 -3 -7 -6 36 -20 -5 23 -15 -9 -10 -21 27 29 34 -12 -14 -22 -4 -2 -11 -25 -1 -8 39 -32 41 43 -28 -16
right_child=1 4 7 5 13 9 10 11 24 28 26 -13 30 22 40 -17 -18 -19 19 25 31 -23 -24 35 -26 -27 42 -29 -30 -31 38 -33 -34 -35 -36 -37 -38 -39 -40 -41 -42 -43 -44 -45
leaf_value=-0.021004993957342007 -0.0270142540196633 -0.015494737597685113 -0.00049336531247557781 0.007981925174561387 0.0085775083755133385 -0.008432470218961494 0.0053358871458928543 0.0069016716878866711 -0.01206262526298487 -0.012450903593914112 0.02687911763419042 -0.0010309656174796297 -0.023926764047738365 0.021634729306728547 0.038079693160431444 0.0063037869993547713 -0.02574263350548538 0.034517803321452843 -0.031002166565272021 -0.016121299170573266 -0.008864043454021921 0.025664636064685244 -0.0028855605362048601 0.018031883336584158 -0.0016137102199445816 0.012022219046868971 0.015254964627897591 0.044626896024111525 0.00038607274028150911 0.0046997248715194995 -0.005186204305219295 -0.001315733585413676 0.0089666812729490494 -0.016831148631958757 0.020979047201360623 0.0081797429176579377 -0.010706287784621448 0.019504329083840206 -0.012851571973666029 0.028100037197685352 0.046541104573920113 0.03116903400743691 0.021521353023108435 0.065141908824327258
leaf_weight=395777.78935687244 420811.58957232535 94762.079821377993 339960.04264418781 213913.23392608762 138804.65170353651 152883.34433817863 401480.98509462178 611808.03359298408 586035.5627592653 513023.50384195149 98821.740532785654 300281.15962824225 57813.656474351883 212604.256086573 56665.208851575851 523359.51441080868 577201.14965182543 73902.031974241138 695626.0317094624 208742.12536212802 525506.34420241416 168670.63668039441 54016.469832807779 601799.97162483633 350713.61341810226 30710.035625964403 482849.07792459428 99427.512710392475 170824.83039903641 53875.669736966491 212926.46704278886 614458.85471139848 379948.31168816984 238884.49924856424 14339.102039277554 218812.25298316777 227571.29721441865 86174.30261926353 154325.50854162872 29619.876599565148 118746.14849597216 263643.61559036374 824677.17456069589 22857.982222497463
leaf_count=1553214 1541579 405315 964920 586447 394904 488957 1137787 1729234 2186110 1509187 253018 761685 135651 578608 153757 1766878 1879912 185755 2973116 772488 1608412 402305 149251 1451927 1124551 102581 1373803 257253 465462 163209 527527 1642160 913112 758659 39213 519445 766301 216077 382627 67971 282806 682077 2011681 51718
internal_value=-7.03221e-06 0.00738618 -0.000543598 -0.0141086 0.0176591 -0.00931935 0.0142996 0.0066593 -0.0144218 -0.0155213 0.0177226 0.0109832 -0.000340057 0.0271729 0.031325 0.00296193 -0.0221178 0.0175901 -0.0226585 -0.0262672 -0.00277657 0.0132365 0.016667 0.011773 -0.00815061 -0.0125119 0.0208127 0.0291387 -0.00862352 0.0190536 -0.00800241 -0.00479539 0.00449939 -0.0233268 -0.0115419 0.0154049 -0.0172452 0.00783961 -0.00568266 -0.00112127 0.0376497 0.0345731 0.0192073 0.0458584
internal_weight=1.26197e+07 8.27908e+06 4.67241e+06 4.34058e+06 3.60667e+06 2.78215e+06 2.66543e+06 3.07597e+06 1.59645e+06 1.42827e+06 2.04731e+06 1.90137e+06 1.17459e+06 941240 674620 618122 730084 212707 1.55843e+06 935078 1.35388e+06 1.60109e+06 266621 1.43242e+06 936749 239452 1.55965e+06 252125 698187 152697 454686 1.13997e+06 719908 659696 527363 820612 623349 487655 396872 242546 461913 343167 1.30753e+06 79523.2
internal_count=37918650 23531200 13467303 14387450 10063897 8219750 7585021 7856404 5610899 4382731 5412828 4864596 2991808 2478876 1751017 2172193 2368869 580659 6167700 3848185 3837019 4102911 727859 3700606 3310661 875069 4058964 673480 2013862 416227 1113776 3250572 1878032 2300238 1548400 1971372 2319515 1353864 978125 595498 1170358 887552 3385484 205475
is_linear=0
shrinkage=0.05


Tree=12
num_leaves=45
num_cat=0
split_feature=2 2 1 0 1 1 2 2 0 3 0 2 0 0 3 3 2 3 0 3 4 2 3 0 3 2 0 3 3 0 4 4 0 0 3 0 0 4 1 4 3 4 3 3
split_gain=753594 110107 83661.8 57116.3 49289.8 45161.4 33200.2 29191.7 19622.4 19197.9 17421 15494 13842.6 11752.3 11185.5 10882.9 8654.83 7126.77 6572.19 5917.25 5653.48 5178.72 5047.66 4627.41 4269.45 3980.43 3386.01 3234.75 3219.87 3074.04 2938.61 2937.81 2856.85 2744.21 2614.52 2611.95 2403.71 2288.12 2285.68 2267.2 2216.37 2163.52 2136.01 2118.33
threshold=3.5000000000000004 5.5000000000000009 0.23931566428755774 0.58743244627487468 -0.2393156642875576 -0.2393156642875576 2.5000000000000004 2.5000000000000004 0.48662714534649493 10.184363743421871 1.0000000180025095e-35 2.5000000000000004 -0.46472317204376817 -0.93085292505862405 -3.4437601434616805 -3.0973456027968242 4.5000000000000009 -2.7600588162966058 0.48662714534649493 -1.9556117753525866 -2.5553691793463105 6.5000000000000009 -2.4330347163365 0.48662714534649493 4.2382278149346257 4.5000000000000009 0.58743244627487468 -12.596979556513535 8.4045606075079089 -0.93085292505862405 -5.565288809378564 24.301560733309959 -0.93085292505862405 -0.35460488704253573 -11.720728959144244 0.96778869966720549 -0.46472317204376817 -6.1209156803570783 -0.77168259479222712 6.1534312029725067 16.544307882493953 -6.4105978126149834 8.5531780951887715 6.8440929709266891
decision_type=2 2 2 2 2 2 2 2 2 2 2 2 2 2 2 2 2 2 2 2 2 2 2 2 2 2 2 2 2 2 2 2 2 2 2 2 2 2 2 2 2 2 2 2
left_child=2 5 3 7 10 8 9 15 14 12 20 31 32 30 -2 -1 33 -9 24 -10 -3 29 -12 -14 36 -16 -24 -25 37 -6 -7 34 -4 42 -5 -36 -8 -17 -39 -29 41 -11 -15 -19
right_child=1 4 6 11 21 13 18 17 19 40 22 -13 23 16 25 28 -18 43 -20 -21 -22 -23 26 27 -26 -27 -28 39 -30 -31 -32 -33 -34 -35 35 -37 -38 38 -40 -41 -42 -43 -44 -45
leaf_value=0.025086826723763424 -0.0018322614634434056 -0.0097401061322978742 0.033890843264477305 0.0070478831041546472 -0.010886070734477636 -0.0020561230177733206 0.010567889317920359 0.010260143336092714 -0.012814793771701367 -0.016226065029880412 -0.01996524385061926 0.0032187948403956963 0.015020984261857558 -1.8768611044474927e-05 0.015517785291970477 0.027612122360850956 -0.011988536676975158 0.024365816094968528 -0.0056079345771446664 -0.00052850739300863291 0.00076079748674817206 -0.021454277413661432 -0.0067550592007419993 -0.0042215673081839782 -0.0030544423555584352 0.0078242444920084628 -0.014182578770434801 0.013176619054008229 0.026866130152239542 -0.017993687846954185 0.0080118928015282306 0.0010624665436257015 0.021254704323966631 -0.0071854189943649747 0.02216658515612514 0.01477921777667787 0.0030553159359624459 0.036329965621266953 0.042922662224163403 0.0049959258393261546 -0.011099941825229866 0.0036665780424380325 -0.014368880960116574 0.014428013630021963
leaf_weight=287634.72149129212 204240.2403626591 172445.33417445421 50494.78551068902 50691.124188736081 176151.93445518613 204621.43666246533 199274.63582974672 168715.55256311595 142502.71929977834 15356.400513157248 189956.26641531289 315798.99310488999 515655.29608777165 264038.49632066488 324011.60336321592 50048.873079746962 1057118.0186020285 308868.20624150336 258824.88436199725 313790.36944468319 499272.98368805647 1348569.2842625529 293310.54448714852 48878.286776855588 158419.23173676431 349424.23597824574 321769.35886783898 189878.5838829875 74727.054104715586 1115303.1700523347 112225.79941144586 27367.604579269886 391791.62742172182 706155.65037588775 277274.86679118872 210484.39220131934 228637.46221762896 355648.91571238637 208573.28019142151 152887.11524453759 46723.873630836606 124343.08989790082 28755.930382743478 64888.758917063475
leaf_count=1047201 602856 476473 196537 158458 485100 607875 651509 549505 377049 41240 471794 970200 1744329 795648 1092048 186178 2872100 1116410 743050 931951 1494727 3353350 821218 137681 470263 1107896 843738 632755 274681 2868250 362325 84415 1390978 2002000 985833 711694 703128 1398066 859174 480934 131424 391572 78302 216735
internal_value=-9.08002e-06 -0.00956676 0.0156283 0.0222148 -0.0151953 -0.00331581 0.00898763 0.0280901 0.00404486 0.0133671 -0.00788023 0.0120913 0.0154446 -0.00745372 0.00841734 0.0332558 -0.00883505 0.0187901 0.00102835 -0.00436558 -0.00193502 -0.0192872 -0.0128409 0.0119091 0.00395781 0.0115259 -0.0106406 0.00781176 0.036666 -0.0170242 0.00150992 0.0170432 0.0226973 -0.00549794 0.0178555 0.0189787 0.00655385 0.0378582 0.0387671 0.0095277 -0.00167303 0.00147989 -0.00142812 0.0226405
internal_weight=1.26056e+07 7.82366e+06 4.78189e+06 2.40072e+06 4.11678e+06 3.70688e+06 2.38117e+06 1.51911e+06 1.33397e+06 1.53601e+06 1.47675e+06 881617 1.34959e+06 2.37292e+06 877676 976633 2.05607e+06 542473 845156 456293 671718 2.64002e+06 805036 907299 586331 673436 615080 391644 688998 1.29146e+06 316847 565818 442286 998950 538450 487759 427912 614271 564222 342766 186423 139699 292794 373757
internal_count=37918650 21644700 16273950 8558550 10814650 10830050 7715400 5647950 4111800 5147450 4107950 2910600 4583214 6718250 2802800 3765300 5748050 1882650 2567950 1309000 1971200 6706700 2136750 2995699 1824900 2199944 1664956 1251370 2718099 3353350 970200 1940400 1587515 2875950 1855985 1697527 1354637 2443418 2257240 1113689 564236 432812 873950 1333145
is_linear=0
shrinkage=0.05


Tree=13
num_leaves=45
num_cat=0
split_feature=2 3 1 3 1 0 3 0 3 0 2 0 3 3 1 1 4 0 3 0 0 3 4 4 2 1 1 3 0 1 0 0 3 0 3 2 1 0 4 0 0 4 0 4
split_gain=179058 139530 61593.7 74693.6 53636.6 44674.6 30197.1 23574.6 22087.6 20447.1 19679.6 18896.9 17781.2 15792.7 14768.4 17840.6 13224.4 12020.9 11094 10402 10242 9869.59 7662.61 7622.35 7570.56 7482.05 7768.19 6554.54 6458.43 6399.79 6343.58 5935.97 5770.7 5693.27 5599.32 5510.2 5491.15 5428.23 7175.86 6315.55 9823.43 5081.16 5522.58 4878.9
threshold=4.5000000000000009 -5.4354207370286067 -0.10466628778912916 -3.9038039403587521 -0.4300652022765204 0.48662714534649493 2.7480174956991594 -0.2058881604517783 -20.187501122676377 -0.35460488704253573 2.5000000000000004 0.93085292505862427 -11.720728959144244 4.2382278149346257 0.62305106867763382 0.57552211292281397 6.1534312029725067 0.93085292505862427 -7.9994374789460272 -0.93085292505862405 -0.56335575626740397 -15.289272778559694 21.255645475364993 7.0442677460641265 2.5000000000000004 0.98236589408923247 0.97148236575323155 6.8440929709266891 -0.2393156642875576 -0.22264714151432796 -0.93085292505862405 0.96778869966720549 -14.798907145310212 0.20588816045177846 4.1572072535732625 2.5000000000000004 0.95418073928008662 0.088756899407539988 3.9486187187886661 0.67983684365189634 0.65797238821565851 17.586657681058949 0.99087453071010911 -11.129526036391809
decision_type=2 2 2 2 2 2 2 2 2 2 2 2 2 2 2 2 2 2 2 2 2 2 2 2 2 2 2 2 2 2 2 2 2 2 2 2 2 2 2 2 2 2 2 2
left_child=1 5 7 9 10 8 17 13 30 -4 -3 14 -7 -2 15 27 -12 35 -9 -10 29 -11 -20 -15 -22 26 36 -5 34 -8 -1 -19 -21 -28 -18 -6 -23 -16 39 40 -39 -13 -43 -41
right_child=2 4 3 11 6 12 20 18 19 21 16 41 -14 23 37 -17 28 31 22 32 24 25 -24 -25 -26 -27 33 -29 -30 -31 -32 -33 -34 -35 -36 -37 -38 38 -40 43 -42 42 -44 -45
leaf_value=-0.0093131372141935769 0.0024797790468241024 -0.0090458523185811095 0.004111257187290919 -0.0062505937301641119 -0.014951649464846731 0.028832445559212713 -0.0070765469630074233 0.029658633122441821 -0.011970406589400347 0.031145122451171688 -0.004981289357013449 0.0096424896835788729 0.010813194099128978 0.010999373615286726 -0.0053714819960671879 -0.035844779149435048 0.0011213742305368965 0.01073186826861805 0.015098927123825594 0.011914284765154361 -0.021019037219700554 0.017700972086330709 -0.0012213255350765368 0.03294272937932375 -0.012888901715657458 0.0039706801178211832 0.047660289474637352 -0.01935876264232439 0.0050603813129166319 -0.028192116150690744 0.03251833488045771 -0.0048328316313376906 -0.00055709524015205272 -0.015155840967288892 0.031535804538856488 -0.0083110888240254983 0.0031275340830460175 0.0050992449592142117 -0.0070674755219871464 0.064960749713460594 -0.026410091361792183 -0.020169698357849791 0.0082480264386253187 0.016301987899756867
leaf_weight=10531.45750772953 762389.87457488477 725596.55937702954 579237.16688869894 488802.20575387776 563150.66472260654 227096.85463139415 39943.952284172177 127244.80640347302 187437.10151925683 100657.29893769324 386475.50582951307 298496.51399974525 344733.46869295835 102742.13391576707 695506.7775182128 67830.656186029315 22543.198468640447 90226.663141295314 1463181.828549251 107179.4704131335 538484.38754911721 420448.48583307862 75640.263180658221 64369.621634826064 611484.47497476637 137808.82571960986 30039.376179352403 118483.6260329783 447714.34296634793 353039.67775322497 64993.960791826248 190778.74205960333 689229.24038013816 4099.3609961420298 46034.423962786794 701557.86563019454 76378.53977021575 334788.21681253612 182304.09004177153 6031.694279178977 26709.128416001797 33028.119281977415 35442.376883268356 35305.129403620958
leaf_count=36624 2221990 3021248 1461536 1307849 2171752 610824 171402 288145 681312 214645 1381761 741816 1044985 314030 1779163 169523 82519 280948 3855918 331155 1843735 976016 194887 170530 1799985 341275 61140 317337 1474794 1252370 174044 624462 2327965 10437 138969 2240046 186451 834630 453363 13071 63236 78012 82615 90135
internal_value=2.00168e-05 -0.00589863 0.00601541 0.00184758 -0.0102577 0.0067068 -0.014129 0.0119108 0.000627463 0.0112069 -0.00291469 -0.0035868 0.0179694 0.0055311 -0.00554033 -0.0115245 0.00201322 -0.00918957 0.01547 -0.00137288 -0.0190773 0.0165485 0.0142967 0.0194517 -0.0166959 0.0143516 0.0170459 -0.00880804 0.00724903 -0.0260459 0.0266852 0.000164762 0.00112128 0.0401174 0.0215378 -0.011268 0.0154606 -0.00238566 0.00116334 0.00488822 0.00277119 0.00682462 -0.00545983 0.0234021
internal_weight=1.26152e+07 6.34823e+06 6.26697e+06 3.6714e+06 4.71703e+06 1.6312e+06 3.08867e+06 2.59557e+06 1.05937e+06 1.34867e+06 1.62836e+06 2.32273e+06 571830 929502 1.95576e+06 675116 902767 1.54571e+06 1.66607e+06 983846 1.54295e+06 769432 1.53882e+06 167112 1.14997e+06 668775 530966 607286 516292 392984 75525.4 281005 796409 34138.7 68577.6 1.26471e+06 496827 1.28065e+06 585138 402834 361497 366967 68470.5 41336.8
internal_count=37918650 21690900 16227750 9182250 16483991 5206909 10384700 7045500 3551100 3251500 6099291 5930750 1655809 2706550 5028307 1794709 3078043 5317208 4338950 3340432 5067492 1789964 4050805 484560 3643720 1575319 1234044 1625186 1696282 1423772 210668 905410 2659120 71577 221488 4411798 1162467 3233598 1454435 1001072 897866 902443 160627 103206
is_linear=0
shrinkage=0.05


Tree=14
num_leaves=45
num_cat=0
split_feature=1 3 2 2 3 3 2 0 3 0 3 1 1 1 0 4 3 0 4 4 4 0 4 2 3 2 2 4 0 3 0 0 2 0 4 2 2 3 4 0 4 0 0 0
split_gain=477615 243053 163348 66010.4 46865.6 41942.2 41376.4 30409.3 29249.2 25092.9 24723.6 23862 15167.8 22618.1 14923.7 12519.2 11608.4 22984.1 11490.2 10392.6 9535.45 9387.79 8886.15 8249.51 8185.66 8141.32 8073.43 7921.56 7511.61 6818.4 6350.82 7542.78 6167.95 5902.43 5814.97 5650.14 5612.82 5328.05 5339.64 8953.78 5017.2 4891.3 4870.78 6154
threshold=-0.2393156642875576 0.07079374057768463 3.5000000000000004 3.5000000000000004 8.8762162215162679 1.0469221891041089 2.5000000000000004 0.93085292505862427 -7.5558323441566548 0.48662714534649493 -7.5558323441566548 0.23931566428755774 0.82619477567192912 0.23931566428755774 -0.88545602565320969 19.389303354563477 -0.83472754467402399 0.67983684365189634 -4.639266112385271 1.0000000180025095e-35 0.92932852859705062 0.26568621746226689 20.545020291238242 5.5000000000000009 -17.932038940727381 2.5000000000000004 4.5000000000000009 20.545020291238242 -0.4298763333408428 -7.9994374789460272 0.88059548392442355 0.20588816045177846 5.5000000000000009 0.088756899407539988 -4.2687999025978298 2.5000000000000004 2.5000000000000004 14.983940511818 -3.7760545893711561 0.58743244627487468 13.513500347739738 0.37886415816525426 0.76251730544457197 0.5633557562674042
decision_type=2 2 2 2 2 2 2 2 2 2 2 2 2 2 2 2 2 2 2 2 2 2 2 2 2 2 2 2 2 2 2 2 2 2 2 2 2 2 2 2 2 2 2 2
left_child=3 2 8 16 6 18 14 10 35 19 24 40 13 15 -3 -6 36 -18 41 -7 23 -14 42 -12 -4 -10 -13 -19 -28 -9 31 34 -20 -25 -26 -2 -1 38 39 -15 -8 -5 43 -11
right_child=1 4 7 5 12 9 11 29 25 22 20 26 21 37 -16 -17 17 27 32 -21 -22 -23 -24 33 30 -27 28 -29 -30 -31 -32 -33 -34 -35 -36 -37 -38 -39 -40 -41 -42 -43 -44 -45
leaf_value=-0.020152569250364422 -0.026370052933393479 -0.015831053994221949 -0.010842194006648983 0.0093022970996254253 0.0071224500397202217 -0.0045642853300405335 0.0045631708560931938 -0.015237948336551087 -0.012359487452120413 0.0088015620164194949 0.0059402656675835467 0.014305981497445261 0.019994312197023072 0.048304969871845328 0.0049295277303499268 0.030759059343955671 -0.03004779499746555 -0.015520268384643857 -0.0088875124380338403 -0.022716041437090342 0.022864849943769399 -0.0020713773717727295 0.011030591361849029 0.016398982205863645 0.0046777218537366596 -0.0023223234168963255 0.027396654070349219 0.011653655874454348 0.018538572276590237 -0.0019525845391670568 0.02660008584925172 -0.0060021802795637708 -0.0016167244014421254 0.0064764612732476669 0.043187221225074339 -0.01649709488351471 -0.010256664788501756 0.043033974591348244 0.028534548777831695 -0.012420911671877309 0.017706562430749501 -0.015001486815243903 -0.0043309783124339859 -0.017425608704127956
leaf_weight=390644.1289536953 398860.00099878013 102751.19515621662 116926.95924207568 219515.39363440871 147417.84621851146 88463.190348654985 442153.81040237844 143308.47054645419 536768.43708916008 25194.664676859975 577511.88445559144 611602.01826500893 240710.04374493659 72103.030009239912 549483.828316167 90357.450553879142 682962.09670488536 207043.37470780313 538138.33092014492 725982.6164868772 175192.19363102317 60271.812036469579 61737.515143498778 577543.11949084699 568568.47011980414 323960.82446348667 359609.78878825903 30810.167927116156 715525.74852256477 296170.46123993397 28258.745144814253 196244.11658883095 636915.40324957669 202396.79459618032 9974.8120274841785 227604.06426863372 226291.74854855239 140985.2747451812 294637.83533599973 6628.1446898877621 86874.404952555895 22857.897859066725 249662.97437863052 199237.82289785147
leaf_count=1553214 1482932 445647 290503 610547 421602 280125 1255018 354830 2017894 66958 1624444 1757585 651154 168591 1865892 226664 2973116 772488 1664445 2392215 416822 166374 166835 1377352 1490826 1038815 875078 102581 1728691 751326 64227 486706 1713473 477983 23261 728727 766301 333584 775073 17390 216209 56911 690891 577350
internal_value=-1.09519e-05 0.00699848 -0.00109758 -0.0135243 0.0160406 -0.00890952 0.0127282 0.00582715 -0.0145639 -0.0152158 0.00799745 0.0159865 0.0250613 0.0288573 0.00165897 0.0161046 -0.0218301 -0.025386 -0.00290197 -0.0207444 0.0118868 0.0155756 -0.00681252 0.01047 0.00151791 -0.0085817 0.0188924 -0.0120003 0.0215014 -0.00628477 0.0033176 0.00246842 -0.00494652 0.0138241 0.00534167 -0.0227831 -0.0165228 0.0347525 0.0316255 0.0431926 0.00672151 0.00701024 -0.00913608 -0.0144814
internal_weight=1.26059e+07 8.3004e+06 4.37929e+06 4.30546e+06 3.92111e+06 2.76771e+06 2.868e+06 2.8921e+06 1.48719e+06 1.35028e+06 2.45262e+06 2.21577e+06 1.05311e+06 752130 652235 237775 1.53775e+06 920816 1.41743e+06 814446 1.53264e+06 300982 535833 1.35745e+06 919973 860729 1.68674e+06 237854 1.07514e+06 439479 803046 774787 1.17505e+06 779940 578543 626464 616936 514354 373369 78731.2 529028 242373 474095 224432
internal_count=37918650 23531200 12626648 14387450 10904552 8219750 8144120 7358280 5268368 4174374 6252124 5832581 2760432 1942904 2311539 648266 6167700 3848185 4045376 2672340 3896601 817528 1502034 3479779 2355523 3056709 4361354 875069 2603769 1106156 2065020 2000793 3377918 1855335 1514087 2211659 2319515 1294638 961054 185981 1471227 667458 1335199 644308
is_linear=0
shrinkage=0.05


Tree=15
num_leaves=45
num_cat=0
split_feature=2 2 1 0 1 1 2 2 0 3 0 2 0 0 3 3 2 3 3 0 4 3 2 3 4 3 4 3 2 3 0 3 4 2 0 4 0 3 0 2 3 3 4 0
split_gain=680459 102242 74283.7 50271.6 45670.3 40888.1 29654.8 25817.5 17839.9 16720.1 16137.1 13942.9 12582.9 10792.3 10238.4 9669.43 6450.1 6440.12 6323 5911.63 5570.99 5506.59 4979.28 4118.18 4050.87 3834.41 3642.25 3243.78 3125.98 2957.64 2866.9 2755.29 2687.52 2678.9 2621.79 2602.09 2574.01 2506.35 2465.18 2223.33 2212.67 2191.45 2134.29 2118.28
threshold=3.5000000000000004 5.5000000000000009 0.23931566428755774 0.58743244627487468 -0.2393156642875576 -0.2393156642875576 2.5000000000000004 2.5000000000000004 0.48662714534649493 8.5531780951887715 0.48662714534649493 2.5000000000000004 -0.46472317204376817 -0.82298386589365657 -1.9556117753525866 -2.3514819406366949 4.5000000000000009 -3.1845268707625105 -2.677525275943029 0.48662714534649493 -6.1209156803570783 -2.5123325035075328 6.5000000000000009 -15.849766964683171 5.6503668841142494 6.5213846600313063 8.3879359718785782 7.5676226976124612 6.5000000000000009 14.983940511818 -0.93085292505862405 4.7263034975343894 -8.6623966678336028 4.5000000000000009 0.46472317204376884 24.301560733309959 -0.93085292505862405 -1.7302547552419723 -0.46472317204376817 4.5000000000000009 -12.897606905282311 -8.3080036836704654 8.1202913516313036 -0.82298386589365657
decision_type=2 2 2 2 2 2 2 2 2 2 2 2 2 2 2 2 2 2 2 2 2 2 2 2 2 2 2 2 2 2 2 2 2 2 2 2 2 2 2 2 2 2 2 2
left_child=2 5 3 7 10 8 9 15 14 12 18 35 36 20 41 -1 42 -9 -3 25 31 -10 30 -14 -25 38 39 -17 -20 32 -6 33 -11 -7 -28 40 -4 -12 -8 -16 -5 -2 -15 -34
right_child=1 4 6 11 22 13 19 17 21 29 37 -13 23 16 26 27 -18 -19 28 -21 -22 -23 -24 24 -26 -27 34 -29 -30 -31 -32 -33 43 -35 -36 -37 -38 -39 -40 -41 -42 -43 -44 -45
leaf_value=0.024274253572217974 -0.008478030570082529 -0.010909727995120369 0.032728306412497361 0.0057523694077159949 -0.010402486183947006 0.0020451052839888981 0.0095107749115271468 0.009171621634117855 -0.012845113111741538 -0.016221906881475161 -0.020576024660001063 0.0030486186617517987 -0.00095835374052653268 -0.0045632052143915938 0.018605761318378905 0.036226553051915182 -0.011671710909621796 0.021160153298436065 0.0019000175152862652 -0.0053165544224538916 0.0068443231377734188 -0.00068649169236807911 -0.020713869178653393 0.014199197379682059 0.0053539653964260105 -0.0048202512647991889 0.0048261343128031585 0.026324545632930942 -0.004636431359339159 -0.0082449955505277221 -0.017289358085954856 -0.019831353974933436 0.023568473258647218 -0.0075188718108754804 0.023704365490329005 0.0010954698284114006 0.020546274882653131 -0.012660374732598838 0.0023318735558867459 0.010972335495834082 0.017816492725809378 0.002381500187805077 -0.010527669215440056 0.0040962610185141827
leaf_weight=330103.55617935956 58975.214159563184 235808.51508162916 48964.342794552445 41127.814557403326 175088.11745674908 139674.13449822366 223243.83053928614 157305.89665691555 130564.97689814866 14980.543811649084 137813.26331789792 316270.03925105929 61969.579125091434 723002.48636284471 183146.1951239109 559861.6895545423 960155.78834496439 389134.02346409857 351997.60506275296 257981.89121592045 169835.42313298583 324724.1327432543 1332761.1959526092 642810.10273870826 162077.51100498438 106501.7440187037 200228.56111644208 97043.687059566379 380781.09634572268 66515.784426897764 1103690.7566252649 26402.305821701884 15376.460729002953 153887.02697850764 20251.570900768042 27353.903004646301 378999.30654516816 364481.48042343557 257537.68947544694 199080.13337129354 500914.245233953 218861.06891696155 189245.0014424473 152331.32107916474
leaf_count=1196998 164476 644302 189488 127088 485100 427634 724733 507955 345809 40180 341410 970200 179847 2097197 633308 2212021 2621850 1374695 1064188 743050 543795 963191 3353350 2160003 510495 312160 614988 356281 1086610 191767 2868250 68208 56263 434913 72582 84415 1338884 971440 788007 648672 1728897 668774 524653 480523
internal_value=-1.27102e-05 -0.00915123 0.0147743 0.0209505 -0.0146064 -0.00312903 0.00852097 0.0264283 0.0038624 0.0126424 -0.00755968 0.0114663 0.0149251 -0.0070827 0.00801727 0.0312556 -0.00881123 0.017709 -0.00378827 0.000992384 -0.000474875 -0.00417327 -0.0185753 0.0114618 0.0124181 0.00376377 0.0116779 0.0347637 -0.00149658 0.000782303 -0.0163464 -0.00435988 0.00406909 -0.00296841 0.00656014 0.0161418 0.0219401 -0.0148322 0.00566529 0.0146299 0.0169011 7.63903e-05 -0.00580053 0.00588159
internal_weight=1.25889e+07 7.78046e+06 4.8084e+06 2.41911e+06 4.08242e+06 3.69803e+06 2.38929e+06 1.53345e+06 1.33583e+06 1.54402e+06 1.47088e+06 885666 1.29482e+06 2.3622e+06 880543 987009 1.8724e+06 546440 968587 845265 489799 455289 2.61154e+06 866857 804888 587283 602706 656905 732779 249204 1.27878e+06 319963 182688 293561 220480 569396 427964 502295 480782 382226 542042 277836 912247 167708
internal_count=37918650 21644700 16273950 8558550 10814650 10830050 7715400 5647950 4111800 5147450 4107950 2910600 4378717 6718250 2802800 3765300 5243700 1882650 2795100 2567950 1474550 1309000 6706700 2850345 2670498 1824900 1969550 2568302 2150798 768733 3353350 930755 576966 862547 687570 1940400 1528372 1312850 1512740 1281980 1855985 833250 2621850 536786
is_linear=0
shrinkage=0.05


Tree=16
num_leaves=45
num_cat=0
split_feature=2 3 1 3 0 1 3 0 0 0 3 3 2 0 1 3 3 4 4 4 0 0 3 4 0 0 3 3 1 0 3 3 2 3 4 2 1 0 0 0 2 0 0 4
split_gain=162844 105821 64112.6 97852 27616.4 26114.8 28376.4 25730.2 24792.2 18409.9 18249.2 15839.1 12479.7 9917.73 9856.33 9474.18 9147.47 8993.16 8381.06 8108.28 7981.86 7070.32 7017.67 6763.29 9729.02 6400.01 15616.1 6296.66 6729.16 6188.19 6151.56 5981.08 5943.1 5845.66 5757.9 5710.9 5541.06 6191.85 5535.94 5481.46 5075.24 5030.92 9608.86 4414.68
threshold=3.5000000000000004 -7.0073297285146827 -0.10466628778912916 -2.677525275943029 -0.86066547284873141 -0.4300652022765204 0.58435031030321138 -0.35460488704253573 -0.35460488704253573 -0.56335575626740397 -13.969481366817602 -8.1441104203294596 5.5000000000000009 0.99087453071010911 0.98236589408923247 4.7263034975343894 -7.7029350097891003 -10.741113714457011 2.8874374994353933 16.846153360096448 -0.56335575626740397 0.93085292505862427 -21.804925576132185 5.2952858187097194 0.26568621746226689 0.5633557562674042 3.7802754384610719 -16.447419376070052 0.97148236575323155 -0.96778869966720515 9.0454771870147699 6.2094194758468335 2.5000000000000004 -18.943206484268512 17.976242361418649 5.5000000000000009 0.95418073928008662 0.20588816045177846 0.93085292505862427 0.48662714534649493 5.5000000000000009 0.26568621746226689 0.088756899407539988 19.389303354563477
decision_type=2 2 2 2 2 2 2 2 2 2 2 2 2 2 2 2 2 2 2 2 2 2 2 2 2 2 2 2 2 2 2 2 2 2 2 2 2 2 2 2 2 2 2 2
left_child=1 7 4 8 -2 18 21 22 29 15 -9 14 16 19 27 -5 -6 -16 -3 35 -8 -7 -1 -18 31 26 41 -10 36 -4 -22 -25 -20 -31 -27 -11 -29 -38 -13 -28 -15 42 -14 -26
right_child=2 5 3 9 12 6 20 10 11 13 -12 38 25 40 17 -17 23 -19 32 -21 30 -23 -24 24 43 34 39 28 -30 33 -32 -33 -34 -35 -36 -37 37 -39 -40 -41 -42 -43 -44 -45
leaf_value=0.023403491597715691 -0.001676769162825275 -0.0123170528915323 -0.0058122070423394208 -0.0086893640258320498 0.020223186845490401 -0.009944472986714456 -0.025226431153512391 0.026371085032396976 0.036543741633737165 -0.0066193447264228022 0.0075931329463221238 0.0055242187417861603 0.0063450734715604119 -0.0015289845308301313 0.014659997519523033 -0.020968280754216247 0.0016657858500840701 -0.017370156634217874 -0.0061680378787461422 -0.016605133295386012 -0.01402484221237623 0.0012408521865655353 -0.0051448550537353801 0.012111023417969212 0.0072066339392786371 0.019661013396733831 0.024115184513927967 0.021633359830511976 0.047032038815415879 0.02318635887063434 -0.022248607992018488 0.028545593740780015 0.0023276383162952473 0.0034510467065142665 0.0053262050112347255 -0.00064586952324946728 -0.016152916818549051 0.019133001946490005 0.016889930188621619 -0.011126051257247789 0.013656885164030986 -0.001945462871831245 0.024428060787057781 -0.0063087174949621018
leaf_weight=23011.066263392568 470294.45703616738 332526.91073025763 180244.66403223574 533320.58281686902 134253.37389877439 779140.4198410809 385455.1652751416 191967.34399610758 76155.343775689602 750852.8157068491 396888.35029913485 472990.91954615712 414471.01710623503 100027.48314057291 101834.06580671668 222690.30298835039 456016.37674349546 27923.830521225929 551979.7631482631 126052.53571382165 678466.01717638969 172572.69258265197 333635.16714961827 176402.1854249537 417287.62555152178 612224.8927398622 227843.66021598876 268865.19335992634 22567.359965458512 39861.653091788292 342033.55174057186 80681.268444433808 328280.92610768974 639263.54169857502 79103.093564003706 856583.7633228451 22240.070872798562 28192.293824195862 138510.50330092013 11595.581431388855 122277.67380948365 117343.10363064706 89289.765862748027 70650.193085044622
leaf_count=67824 1393700 1352853 497497 1505906 333680 2853671 1524576 528810 164414 2093743 1278245 1182961 1190158 274777 246668 608582 1445310 69300 2280834 322441 2321842 577142 1237103 572526 1214413 1441023 609129 626400 46220 95681 1100079 223406 1150971 1671829 191377 2102686 58027 66682 329728 30129 287158 316254 229780 203115
internal_value=2.80359e-05 -0.0075778 0.00427482 0.000524427 0.00955891 -0.0115165 -0.0145834 0.00729565 0.00885936 -0.00568004 0.0137148 0.0136302 0.0113891 -0.00311869 0.0198052 -0.0123062 0.00784525 0.00776713 -0.00555436 -0.00439375 -0.0190965 -0.00791625 -0.0033029 0.00646163 0.00939709 0.0144384 0.0115604 0.0235419 0.0206456 0.00242358 -0.0167811 0.0172687 -0.00299969 0.00460942 0.0180208 -0.00343615 0.0187807 0.00357233 0.00809865 0.0224085 0.00682392 0.00737838 0.00955022 0.0052497
internal_weight=1.26039e+07 4.51596e+06 8.08791e+06 4.73045e+06 3.35746e+06 3.57046e+06 2.35767e+06 945502 2.01865e+06 2.71181e+06 588856 1.15928e+06 2.88716e+06 1.95579e+06 547778 756011 1.33529e+06 129758 1.21279e+06 1.73349e+06 1.40595e+06 951713 356646 1.20104e+06 745021 1.55187e+06 860543 418020 341865 859370 1.0205e+06 257083 880261 679125 691328 1.60744e+06 319298 50432.4 611501 239439 222305 621104 503761 487938
internal_count=37918650 16273950 21644700 12250700 9394000 13161968 8377310 3111982 5055407 7195293 1807055 2790400 8000300 5080805 1277711 2114488 3992450 315968 4784658 4518870 4946497 3430813 1304927 3658770 2213460 4007850 2375450 961743 797329 2265007 3421921 795932 3431805 1767510 1632400 4196429 751109 124709 1512689 639258 561935 1736192 1419938 1417528
is_linear=0
shrinkage=0.05


Tree=17
num_leaves=45
num_cat=0
split_feature=1 3 2 2 3 3 3 2 3 0 1 0 0 1 1 1 3 0 4 4 4 4 0 2 4 2 0 0 4 4 2 2 4 3 2 4 0 0 0 0 2 4 3 0
split_gain=433184 219629 155470 60978.4 39098.4 36013.4 31816 31132.9 30480.9 23933.8 19523 17669.1 14070.8 13845.3 17318.6 12510.1 11162.5 21748.2 10823.6 10507.3 10475.8 9459.25 8881.68 8608.06 8210.5 7619.02 7539.73 13850.6 7364.17 5937.94 5922.09 5902.38 5705.78 5598.77 5277.57 5132.51 5117.68 5063.9 5215.04 5042.56 4954.77 4702.11 6644.73 4490.33
threshold=-0.2393156642875576 0.97915403661263778 3.5000000000000004 3.5000000000000004 1.2465890125554717 9.7717786928039008 -6.7385137617844206 2.5000000000000004 -7.4153213027022415 0.48662714534649493 0.23931566428755774 0.93085292505862427 0.20588816045177846 0.82619477567192912 0.23931566428755774 0.47375768738725649 -0.69763357047092522 0.67983684365189634 -4.7763033860137183 2.3090826435652478 21.255645475364993 0.68479773376498809 0.26568621746226689 5.5000000000000009 22.138282614797578 2.5000000000000004 -0.79450537036186197 -0.86066547284873141 21.255645475364993 -5.039442712515334 2.5000000000000004 5.5000000000000009 -4.2687999025978298 -17.129417798973215 2.5000000000000004 14.470060564302171 -0.99087453071010889 0.88059548392442355 0.5633557562674042 0.088756899407539988 5.5000000000000009 3.5863808503381454 21.648738632197027 -0.94117129826980295
decision_type=2 2 2 2 2 2 2 2 2 2 2 2 2 2 2 2 2 2 2 2 2 2 2 2 2 2 2 2 2 2 2 2 2 2 2 2 2 2 2 2 2 2 2 2
left_child=3 2 6 16 18 7 30 15 12 21 35 19 32 14 20 43 34 -18 -5 23 -7 -6 41 -10 37 -8 27 29 -19 -12 -2 -20 36 -14 -1 -9 -4 38 -11 -25 -38 -15 -43 -3
right_child=1 5 8 4 9 13 25 10 11 24 26 -13 33 22 -16 -17 17 28 31 -21 -22 -23 -24 39 -26 -27 -28 -29 -30 -31 -32 -33 -34 -35 -36 -37 40 -39 -40 -41 -42 42 -44 -45
leaf_value=-0.01938631613438585 -0.024719613456517242 -0.017689129551416553 0.015969267329621943 0.0068729444303848924 -0.0060045717260263885 0.0082523333521047869 -0.010525708044583214 0.0050291240454833725 0.0060241930801537115 0.0097483818787229386 0.024343632783439987 -0.0011468399296038667 -0.022497635289868048 0.025165606950683019 0.034128018295827837 0.0087633811374191132 -0.02923487463606609 -0.014685752844477346 -0.0085953455236394468 0.023372903070369874 0.032536521327649601 -0.022513378478978482 -0.0040987958009299575 0.015829028677053211 0.014586515666017978 -0.0010698240622571483 0.017237036519106706 0.040870836486418823 0.013161967710329184 0.0037182193291796142 -0.015115530961853339 -0.0016051087251613911 0.040067441578039653 -0.0055911889361688746 -0.0098440781839651756 0.018874965084909059 -0.0031037332159394139 -0.0008224629382866961 -0.013708680225949961 0.0073560881793176521 0.0060179034850177558 0.0031841188807654438 0.048859873460758041 -0.0017999896928639976
leaf_weight=393342.90938584507 437965.08705672622 59998.42248788476 70155.40852420032 237357.88903288543 99525.596237167716 132775.06306813657 565050.57987871766 407059.503181234 662711.41025424004 25694.208710983396 99502.19777148962 320445.57391519845 56561.114182204008 127949.49343971908 441094.69499212503 388702.00589750707 659930.67263460159 207263.9641468823 556049.9854029566 171754.08367270231 66729.273566752672 676969.07812516391 50159.75627784431 651951.00739885867 42195.298035010695 341940.48571641743 1321348.9875345677 102260.27459962666 26811.189750015736 53743.50433370471 253367.43910771608 660921.41220569611 10659.139902174473 364859.67439009249 229414.61264109612 80102.584325820208 283072.20828205347 150717.12172728777 304473.00682018697 240331.38186624646 314026.92241756618 61517.517629384995 9146.2640195935965 171747.23359109461
leaf_count=1588695 1657014 269314 183905 651613 318732 372583 2132357 1142866 1859428 68585 249535 813050 135651 328154 1088419 1294973 2928114 778627 1734161 401174 163837 2257243 137836 1549326 112437 1096455 3366688 257165 88327 160198 818094 1786849 24473 903999 783937 197121 804894 414284 875846 565111 750313 182080 20488 604699
internal_value=-1.53585e-05 0.0066301 -0.000420775 -0.0129598 -0.00852584 0.0159913 -0.0131197 0.0131023 0.00602981 -0.0148282 0.0160545 0.00963604 -0.000685754 0.0247114 0.0285991 0.00328131 -0.0210104 -0.0245904 -0.00289408 0.0116371 0.0163748 -0.0203974 0.0147005 0.0103408 -0.006561 -0.00696079 0.0187574 0.0266199 -0.011496 0.0171103 -0.0211998 -0.00479904 0.00377425 -0.00786029 -0.0158711 0.00730575 0.00319448 -0.00841659 -0.0118832 0.0135469 0.00169353 0.0194483 0.00909609 -0.00591365
internal_weight=1.25894e+07 8.31869e+06 4.74485e+06 4.27067e+06 2.7539e+06 3.57384e+06 1.59832e+06 2.68446e+06 3.14653e+06 1.29957e+06 2.06402e+06 2.04719e+06 1.09933e+06 889372 640599 620448 1.51676e+06 894006 1.45433e+06 1.72675e+06 199504 776495 248773 1.55499e+06 523080 906991 1.57685e+06 255506 234075 153246 691333 1.21697e+06 677914 421421 622758 487162 667255 480884 330167 892282 597099 198613 70663.8 231746
internal_count=37918650 23531200 13695244 14387450 8219750 9835956 5703920 7542559 7991324 4047127 5373573 5188089 2803235 2293397 1624839 2168986 6167700 3795068 4172623 4375039 536420 2575975 668558 3973865 1471152 3228812 4033586 666898 866954 409733 2475108 3521010 1763585 1039650 2372632 1339987 1739112 1358715 944431 2114437 1555207 530722 202568 874013
is_linear=0
shrinkage=0.05


Tree=18
num_leaves=45
num_cat=0
split_feature=2 2 1 0 1 1 2 2 0 0 3 2 0 0 3 3 2 3 0 4 3 4 2 3 0 3 3 0 0 3 0 2 3 2 3 4 0 0 4 4 1 4 0 2
split_gain=613365 94960.3 65738.6 44519.9 42471.3 36941 26762.2 23157.3 16460.4 15076.8 14700.2 12615.2 11034.3 9883.33 9275.86 8631.35 6110.97 5758.36 5375.52 5152.57 5118.04 4966.04 4786.79 4366.25 3981.8 3456.97 3369.09 2778.27 2777.83 2754.34 2645.58 2645.54 2582.18 2532.08 2349.46 2283.72 2260.99 2234.2 2069.05 2063.28 2054.13 2001.93 1982.12 1964.81
threshold=3.5000000000000004 5.5000000000000009 0.23931566428755774 0.58743244627487468 -0.2393156642875576 -0.2393156642875576 2.5000000000000004 2.5000000000000004 0.48662714534649493 1.0000000180025095e-35 10.620897559109869 2.5000000000000004 -0.46472317204376817 -0.82298386589365657 -1.9556117753525866 -3.0973456027968242 4.5000000000000009 -3.7190583759849321 0.48662714534649493 -5.9806671733647141 -1.8070737377971076 -1.9649533070803604 6.5000000000000009 -2.3514819406366949 0.48662714534649493 4.2382278149346257 7.1897771933336623 0.58743244627487468 0.96778869966720549 7.7037891927019055 -0.94117129826980295 4.5000000000000009 3.8540119167625204 4.5000000000000009 -12.596979556513535 24.301560733309959 -0.93085292505862405 -0.93085292505862405 -5.7021707869585816 -11.129526036391809 -0.77168259479222712 12.853047137314016 0.088756899407539988 4.5000000000000009
decision_type=2 2 2 2 2 2 2 2 2 2 2 2 2 2 2 2 2 2 2 2 2 2 2 2 2 2 2 2 2 2 2 2 2 2 2 2 2 2 2 2 2 2 2 2
left_child=2 5 3 7 9 8 10 15 14 21 12 35 36 19 39 -1 41 -9 25 32 -10 -3 30 -11 -14 37 31 -25 34 38 -6 -16 33 -7 -26 -5 -4 -8 -17 -2 -40 -15 -41 -22
right_child=1 4 6 11 22 13 18 17 20 23 -12 -13 24 16 26 29 -18 -19 -20 -21 43 -23 -24 27 28 -27 -28 -29 -30 -31 -32 -33 -34 -35 -36 -37 -38 -39 40 42 -42 -43 -44 -45
leaf_value=0.022206042936032663 -0.013880347455367391 -0.008504665211671503 0.029893678326904257 0.015968621861026003 -0.0093967517826196948 0.0023570525598763416 0.021099852325251155 0.0080283615059829911 -0.01182928519883626 -0.018520517273587663 -0.0018630548042590769 0.0028287966689005146 0.013422471490250247 -0.0045855912673874516 0.016490918921926615 0.024609091080881457 -0.011172538774195419 0.019678339741444895 -0.0051024430571463093 0.0067464602998240988 0.0037317066645928577 0.0010197601343707738 -0.0199989372122975 -0.0062863629112120643 -0.0050658361907784596 -0.0027660881465704917 0.0024311849663411996 -0.013065059941017946 0.019998637538926278 0.024462729408060057 -0.016523150816835881 0.009292417116877217 -0.01716394744742231 -0.0070157506622693724 0.0070198946957456716 0.001158067531179462 0.018813879728017232 0.0050304346937570374 0.03228984494914177 0.0041083542373309178 0.038633630188649987 -0.011872603491857391 -0.0058720099919938257 -0.0042304738973605828
leaf_weight=292665.88231100142 24080.601273328066 191726.17878241837 52009.60421462357 545492.38923022151 147385.64018665254 137614.74012826383 22842.790515258908 143488.54353524745 144019.61824285984 189118.39482745528 170636.10953518748 316881.43837049603 526815.7032019347 801599.23039785028 245013.2173794955 57272.3377700001 953841.120670259 406730.28264914453 257353.45391251147 166674.5358325094 148397.56406144798 478232.39958591759 1317239.5241323411 290161.65608713031 46038.099677979946 157907.22623798251 93769.748335272074 315519.3171209842 36283.970147624612 94087.419923007488 1119014.165417552 266422.6313457489 33762.721063688397 151258.6468578577 317796.86173588037 27332.046710148454 401438.14382138848 407492.97897039354 351380.88624051213 185684.25280247629 200372.59438371658 106810.7450466156 67954.224471151829 162134.5256678611
leaf_count=1047201 64270 536409 198148 1855985 411950 422293 81214 459161 385796 480101 516719 970200 1761314 2327857 832770 209825 2621850 1423489 743050 533148 457326 1434791 3353350 816752 128686 470263 281610 839897 127800 341921 2941400 855170 89512 429597 1011979 84415 1402804 1273423 1355855 576248 810498 293993 192732 465878
internal_value=-1.64539e-05 -0.00874507 0.0139597 0.0197445 -0.0140327 -0.0029424 0.00808051 0.0248726 0.00369201 -0.00723109 0.0119818 0.0108337 0.0136932 -0.0067158 0.00767195 0.0294213 -0.00837736 0.0166402 0.000924708 -0.000392115 -0.00403866 -0.0017059 -0.0178887 -0.0118884 0.0105665 0.00356156 0.0111436 -0.00981761 0.00680625 0.0324247 -0.0156938 0.012741 -0.00407992 -0.00255069 0.00549062 0.0152619 0.0200847 0.00588342 0.0336547 0.000106517 0.0345936 -0.0054424 0.00143444 -0.000425495
internal_weight=1.25698e+07 7.73744e+06 4.83232e+06 2.4357e+06 4.0484e+06 3.68904e+06 2.39661e+06 1.546e+06 1.33748e+06 1.46476e+06 1.55102e+06 889706 1.38038e+06 2.35156e+06 882925 995779 1.86225e+06 550219 845596 489311 454552 669959 2.58364e+06 794799 926935 588243 605206 605681 400119 703113 1.2664e+06 511436 322636 288873 363835 572824 453448 430336 609026 277719 551753 908410 253638 310532
internal_count=37918650 21644700 16273950 8558550 10814650 10830050 7715400 5647950 4111800 4107950 5147450 2910600 4630731 6718250 2802800 3765300 5243700 1882650 2567950 1474550 1309000 1971200 6706700 2136750 3029779 1824900 1969550 1656649 1268465 2718099 3353350 1687940 941402 851890 1140665 1940400 1600952 1354637 2376178 833250 2166353 2621850 768980 923204
is_linear=0
shrinkage=0.05


Tree=19
num_leaves=45
num_cat=0
split_feature=2 3 1 3 1 3 0 0 0 0 3 3 3 2 0 0 3 1 4 4 0 3 4 0 1 3 0 0 0 3 0 4 4 0 0 4 3 1 0 4 0 0 0 3
split_gain=146775 97104.1 57396.3 88400.8 29069 28841.7 24844.3 22394.3 20970.5 17070.5 16988.5 14161.2 11493.2 12093.9 10495.6 8963.71 8837.26 8667.76 8664.22 8656.03 8860.68 8222.25 7484.88 7311.69 6266.36 6222.42 10783.3 7558.82 5617.28 5394.35 5361.92 5288.69 5228.12 9499.21 5195.67 7330.21 5178.88 5349.63 5160.89 6000.55 5107.23 4961.55 4953.32 4928.14
threshold=3.5000000000000004 -4.5759955634478393 -0.10466628778912916 -2.677525275943029 -0.4300652022765204 -15.849766964683171 -0.86066547284873141 -0.35460488704253573 0.48662714534649493 -0.56335575626740397 4.897432038099816 -8.6337015575177549 -9.3317940367424583 5.5000000000000009 -0.93085292505862405 0.99087453071010911 4.7263034975343894 0.98236589408923247 -10.563115581931781 5.0440236147195394 -0.2393156642875576 5.1650662231069484 16.846153360096448 -0.56335575626740397 0.36521623457838687 3.1767276246678411 0.5633557562674042 0.88059548392442355 -0.96778869966720515 -17.129417798973215 -0.32012920303568732 8.5298331830513394 5.7701267242643555 0.26568621746226689 0.93085292505862427 6.1534312029725067 -16.447419376070052 0.97148236575323155 -2.8327694488239893e-16 -7.4232901021776732 0.93085292505862427 1.0000000180025095e-35 0.99087453071010911 6.2094194758468335
decision_type=2 2 2 2 2 2 2 2 2 2 2 2 2 2 2 2 2 2 2 2 2 2 2 2 2 2 2 2 2 2 2 2 2 2 2 2 2 2 2 2 2 2 2 2
left_child=1 5 6 7 19 14 -2 28 24 16 23 17 41 32 -1 22 -5 36 -19 -3 21 -21 34 -6 -7 26 -15 -27 -4 -30 -12 -23 -14 43 35 38 -9 -38 39 -11 -13 -8 -10 -34
right_child=2 4 3 9 10 8 12 11 42 15 30 40 13 25 -16 -17 -18 18 -20 20 -22 31 -24 -25 -26 27 -28 -29 29 -31 -32 -33 33 -35 -36 -37 37 -39 -40 -41 -42 -43 -44 -45
leaf_value=-0.011821225628548045 -0.0016206684508146664 -0.011433722419841651 -0.0055772957653361203 -0.0083282949753171083 -0.016961954774169383 -0.00946415164706009 0.0051041520916860848 0.034438364121789022 0.013023616800353001 -0.0003273266565810318 -0.02697193129341327 0.0056734074818905675 0.0025754838825706918 0.0062168715785931453 0.025058910893422711 0.0064868074287849631 -0.020244220636432764 0.014068703300050063 -0.019689543831401392 -0.0034133768343260853 -0.0045522014805419835 0.0058530094704272503 -0.015957206926174826 -0.008952063763876977 -5.0079998895122968e-05 0.020434333663099401 0.017390369546491844 0.0073099592776922117 0.018771821153757574 0.00298507788965135 -0.018276838383992338 0.03603870226519678 0.012212173158012936 0.0050478603655309574 0.0052058068096059208 -0.011083090416105805 0.01822893703475028 0.044937098064929008 0.00050354825216479429 -0.011588977219984189 0.016223369651224329 0.027987881196283839 -0.0024721549244380884 0.027372361228071674
leaf_weight=21507.393227115273 469995.11326998472 384425.51689967513 179774.12091994286 530972.75008431077 438590.31151536107 303411.06938119233 28947.844323247671 76974.590936824679 318492.45411175489 221918.84884272516 258443.27024646103 507215.05075089633 524241.3337315768 566002.41695086658 187230.89296013117 222916.80324159563 220094.04074470699 98245.155545681715 23565.998265892267 54438.014462143183 603466.48764282465 24883.206886351109 124874.50799161196 813091.79888902605 423493.06548173726 432108.2465390712 349120.48116372526 147039.37728054821 59274.463676854968 621313.68231028318 564716.35993255675 34810.102484881878 163597.85866734385 478931.46150419116 163239.12933656573 305372.96888974309 290690.77736987174 20041.53169593215 660139.35813485086 253288.65745557845 148243.97625571489 130327.56154128909 61535.54810154438 79731.663632079959
leaf_count=82588 1393700 1608734 497497 1505906 1793749 1141453 72662 164414 976741 577634 957083 1263269 1640727 1580923 522676 561935 608582 236282 58370 227847 2349897 99224 322441 2812834 1497041 1124967 805616 351685 144262 1623248 1886456 108883 525748 1385215 424280 807982 676780 40771 1706033 680500 350514 294524 208744 218233
internal_value=3.65503e-05 -0.00721145 0.00405743 0.000503659 -0.0119421 0.00421125 0.00904336 0.00840156 0.000996503 -0.00541458 -0.0154278 0.0129198 0.0107716 0.0100128 0.021259 -0.00294961 -0.0118202 0.0191723 0.00753772 -0.00537936 -0.00213597 0.0106398 -0.00416635 -0.0117587 -0.00397953 0.0130464 0.0104796 0.0171022 0.00228358 0.00435999 -0.0210068 0.0234558 0.00637631 0.00913508 -0.00324838 -0.00420627 0.0228277 0.0199516 -0.00235662 -0.00632986 0.00805947 0.0238288 0.0105145 0.0171797
internal_weight=1.25907e+07 4.49254e+06 8.0982e+06 4.72816e+06 3.17687e+06 1.31567e+06 3.37004e+06 2.02534e+06 1.10693e+06 2.70282e+06 2.07484e+06 1.16498e+06 2.90005e+06 2.74077e+06 208738 1.95175e+06 751067 509518 121811 1.10202e+06 717598 114131 1.72883e+06 1.25168e+06 726904 1.49427e+06 915123 579148 860362 680588 823160 59693.3 1.2465e+06 722261 1.60396e+06 1.44072e+06 387707 310732 1.13535e+06 475208 655459 159275 380028 243330
internal_count=37918650 16273950 21644700 12250700 11844707 4429243 9394000 5055407 3823979 7195293 7450122 2790400 8000300 7633114 605264 5080805 2114488 1176617 294652 4394585 2785851 435954 4518870 4606583 2638494 3863191 2386539 1476652 2265007 1767510 2843539 208107 3769923 2129196 4196429 3772149 881965 717551 2964167 1258134 1613783 367186 1185485 743981
is_linear=0
shrinkage=0.05


Tree=20
num_leaves=45
num_cat=0
split_feature=1 3 2 2 3 2 3 0 0 3 1 1 3 4 1 1 4 4 0 0 1 4 3 4 4 0 4 2 3 0 0 3 3 4 0 2 4 0 1 0 2 1 2 1
split_gain=393271 198633 124024 56686.1 50036 41589.1 36409.1 22493.1 21588.6 17906.4 17094.2 16802.1 15203.5 13900.2 12166.6 24302.5 12859.4 11018.6 19879 8830.81 10354 8339.99 8111.01 7524.39 7191.88 7169.15 6533.44 6221.59 6145.65 6141.85 6092.67 5883.1 5391.86 5349.49 5834.63 5873.85 5138.16 5005.24 6986.51 4959.39 4807.88 4792.07 4652.71 4541.48
threshold=-0.2393156642875576 -1.6495127090000989 3.5000000000000004 3.5000000000000004 6.8440929709266891 3.5000000000000004 0.26188981147184626 0.93085292505862427 0.26568621746226689 -9.3317940367424583 0.47375768738725649 0.25145141517831299 -10.096529937029212 2.4244436874032798 0.82619477567192912 0.23931566428755774 21.255645475364993 -2.3164270444987696 0.35460488704253579 0.93085292505862427 -0.46472317204376873 4.0738507106311213 12.274346522968793 2.0643835749059822 1.0000000180025095e-35 -0.99087453071010889 16.158017337472774 2.5000000000000004 0.33107608140073458 0.93085292505862427 0.88059548392442355 21.648738632197027 -18.943206484268512 4.9227692739331141 1.0000000180025095e-35 5.5000000000000009 26.046987670433641 0.67983684365189634 0.66905282987950276 0.67983684365189634 4.5000000000000009 0.99284498505578556 5.5000000000000009 0.97148236575323155
decision_type=2 2 2 2 2 2 2 2 2 2 2 2 2 2 2 2 2 2 2 2 2 2 2 2 2 2 2 2 2 2 2 2 2 2 2 2 2 2 2 2 2 2 2 2
left_child=3 2 9 17 5 10 19 12 13 -2 -3 -7 32 -8 15 16 -6 -1 28 20 42 -12 37 -16 25 -14 -20 -11 -19 33 36 -25 -4 34 35 -13 -10 -17 -39 -28 -27 -23 -5 -36
right_child=1 4 7 6 14 11 8 -9 30 27 21 29 24 -15 23 22 -18 18 26 -21 -22 41 -24 31 -26 40 39 -29 -30 -31 -32 -33 -34 -35 43 -37 -38 38 -40 -41 -42 -43 -44 -45
leaf_value=-0.011236548902951188 -0.022980936365951672 -0.0065291114745759313 -0.0117267784833926 -0.0067020512181128079 0.007273325436864481 0.006094808618722255 -0.0083532604037478021 -0.0073351838379663642 -0.010680611669592978 -0.014114985940190117 0.0037360744996714559 0.013494437970219021 0.01755509794942035 -0.023473357449247004 0.019126749381748114 0.029307148744362667 0.030204249264433505 -0.02204105341742545 -0.018399517705064462 -0.019224273578629394 0.0091470901006387023 0.020206880317166831 0.035448413751680653 0.0038339991913780972 0.019228335465361485 -8.7071169817006831e-05 -0.017829662335332615 -0.0048237359719518992 -0.03240599858769707 0.0009192110140201922 0.00080371462364139826 0.038526204423772574 0.0014464711865601208 0.023927748763696688 0.014073012542364481 0.022191396451314162 0.019300215592325365 0.021115821039754727 -0.018618107544007868 0.0031429622744092974 0.0079418616237352073 -0.02308654349446973 0.00021865689380721473 0.0023081654309072869
leaf_weight=276505.70986433327 471203.97506006062 408337.79994656146 91805.771908208728 459890.32228644192 269509.85942006111 538113.71909365058 209630.18647912145 363445.96475686133 529843.17359681427 475138.12185047567 540444.41472430527 354815.55094577372 161943.68629877269 552939.59348216653 265616.29479575157 254718.13588047028 79077.701006487012 225655.36154000461 486711.13303540647 69359.04887355864 211921.7970906496 121337.32682771981 267333.37418013811 181019.7287530601 150754.12711592019 233515.02529276907 47024.974853605032 290231.68573452532 390493.48750576377 61518.06751486659 177116.43791277707 13105.022839769721 504730.45461152494 236440.43604753911 309639.86723944545 428742.94856263697 14687.065157517791 205923.46568490565 11691.21917887032 70368.344935327768 925242.0104149133 6747.1675332784653 514595.48985591531 111590.62683016062
leaf_count=1083649 1695308 1502945 229271 1411952 769354 1441192 687711 917169 1587462 1826722 1807559 965952 414052 1868374 693646 665470 192845 965858 1898218 168770 594539 361493 637556 516936 353726 685640 204535 937258 1769591 153107 484045 30471 1296145 562647 750573 995525 39700 542672 28639 245849 2254291 21795 1377197 281241
internal_value=-2.01563e-05 0.00628559 -0.00242045 -0.0124236 0.0131299 0.00948141 -0.00814906 0.00413626 -0.0134507 -0.0153127 0.00153142 0.0136762 0.00615234 -0.0193168 0.0204782 0.0233593 0.0124752 -0.0202488 -0.0222909 -0.00188299 -0.000869196 0.0064548 0.0284888 0.0136583 0.00888203 0.00770102 -0.0158458 -0.0105917 -0.02861 0.0163911 -0.0072518 0.00617601 -0.000580866 0.0170515 0.015702 0.0182532 -0.00987197 0.0245497 0.0189811 -0.00525817 0.00632386 0.0179263 -0.00304744 0.0109563
internal_weight=1.25705e+07 8.33373e+06 3.66801e+06 4.23674e+06 4.66572e+06 3.11773e+06 2.73998e+06 2.43144e+06 1.48422e+06 1.23657e+06 1.07687e+06 2.04086e+06 2.06799e+06 762570 1.54799e+06 1.08825e+06 348588 1.49676e+06 1.22025e+06 1.25577e+06 1.18641e+06 668529 739666 459741 1.47145e+06 1.3207e+06 604104 765370 616149 1.50275e+06 721647 194125 596536 1.44123e+06 1.20479e+06 783558 544530 472333 217615 117393 1.15876e+06 128084 974486 421230
internal_count=37918650 23531200 10609582 14387450 12921618 8844029 8219750 6150294 4667292 4459288 3693792 5150237 5233125 2556085 4077589 2836536 962199 6167700 5084051 3552458 3383688 2190847 1874337 1241053 3707709 3353983 2348602 2763980 2735449 3709045 2111207 547407 1525416 3555938 2993291 1961477 1627162 1236781 571311 450384 2939931 383288 2789149 1031814
is_linear=0
shrinkage=0.05


Tree=21
num_leaves=45
num_cat=0
split_feature=2 2 1 1 0 1 2 2 0 0 3 2 0 2 3 3 0 3 0 3 4 2 3 0 0 2 3 3 4 4 0 0 2 4 4 0 0 3 0 3 0 0 3 4
split_gain=552918 88740.9 57761.8 39660.9 39591.2 33203.8 24706.8 21410.2 15174.4 13796.4 13047.3 11677.5 10040.1 9102.27 8566.24 7888.78 6605.35 5257.14 4811.63 4736.37 4608.01 4598.85 4089.67 3480.36 3369.7 3181.31 3133.02 2829.56 2948.28 2825.75 5292.77 2741.44 2719.15 2598.65 2595.42 2503.77 2431.91 2205.52 2104.09 2240.04 2091.48 1964.28 1904.46 1888.36
threshold=3.5000000000000004 5.5000000000000009 0.23931566428755774 -0.2393156642875576 0.58743244627487468 -0.2393156642875576 2.5000000000000004 2.5000000000000004 0.48662714534649493 1.0000000180025095e-35 7.9721025807415069 2.5000000000000004 -0.46472317204376817 4.5000000000000009 -3.5327065382870653 -2.1944148255439688 -0.82298386589365657 -2.5123325035075328 0.48662714534649493 -1.8070737377971076 -2.6769991975690348 6.5000000000000009 -2.7600588162966058 0.5633557562674042 -0.93085292505862405 4.5000000000000009 5.0777000110674146 15.665097213080172 -8.6623966678336028 8.5298331830513394 -0.2393156642875576 0.96778869966720549 6.5000000000000009 -5.1715951788574008 -5.565288809378564 -0.82298386589365657 -0.93085292505862405 -12.596979556513535 0.89412692780947678 -3.1845268707625105 -0.93085292505862405 -0.46472317204376817 7.5676226976124612 17.976242361418649
decision_type=2 2 2 2 2 2 2 2 2 2 2 2 2 2 2 2 2 2 2 2 2 2 2 2 2 2 2 2 2 2 2 2 2 2 2 2 2 2 2 2 2 2 2 2
left_child=2 5 4 9 7 8 10 15 14 20 12 38 40 16 -2 -1 33 -9 26 -10 -3 36 -11 -14 -15 -16 41 28 -12 34 -31 37 -24 -7 -17 -30 -5 -25 39 -6 -4 -8 -19 -40
right_child=1 3 6 21 11 13 18 17 19 22 27 -13 23 24 25 29 -18 42 -20 -21 -22 -23 32 31 -26 -27 -28 -29 35 30 -32 -33 -34 -35 -36 -37 -38 -39 43 -41 -42 -43 -44 -45
leaf_value=0.021634797669096137 -0.0017604530766396856 -0.0088520024698218857 0.029540451675771035 -0.0095873121516318535 0.010091224231414144 0.00081461512673040534 0.0088339138880092465 0.0084719785514706242 -0.011420909509961143 -0.018212669412051932 -0.015100971614599529 0.0025138574039005415 0.013075875469529841 -0.0027203917581056451 0.013530708505340466 0.022317461352816138 -0.0050842643531226308 0.020339563472123606 -0.0049017517959609527 -0.00043032269043747186 0.00074965571961155969 -0.019328248962376515 -0.0060344396226543655 -0.0052361428113690007 -0.010432905666449622 0.0067127702126435589 -0.0033092096283505582 -0.0084572384278988871 0.023344368961753462 0.0093599134039239525 0.029955379354254831 0.020504235378623531 -0.012676323450773026 0.01218470134637905 0.034497398113950736 0.0040799470902384959 -0.01596785024602802 0.0068477045869359075 0.013476926058709869 0.020868658450582292 0.018552417478043925 0.0022269770468796636 0.010146398162880092 0.0030659810721523789
leaf_weight=344204.89774118364 199929.28344629705 166245.49434123933 48920.264763876796 173264.76223534346 65983.065605148673 163659.95619389415 210900.34338396788 178969.95398557186 143243.91364276409 171952.59856887162 18292.125583603978 317761.57371458411 505381.54532930255 164058.40552246571 330636.82484419644 49044.258070275187 904537.51406677067 321621.13714212179 256754.90010914207 310538.03872129321 503132.03462646902 1302469.5092025995 295855.15485432744 43788.50980886817 1035712.876207307 354584.59688347578 137517.45636071265 56303.765160992742 18594.027293279767 38354.272501319647 167109.52371867001 32153.168050825596 321600.5881601274 72520.622959405184 404239.63136824965 181533.20572172105 1081478.5528190285 274314.73346163332 279292.81043536961 179022.92108948529 377393.10597287118 241109.09140865505 53437.655618593097 51603.147311091423
leaf_count=1230453 590826 464570 186506 485100 213152 497231 680502 575077 385796 439601 49580 970200 1684338 485100 1098077 177581 2621850 1134344 743050 923204 1506630 3353350 840475 122262 2872100 1113897 408059 162785 67931 123678 637016 113498 856674 241969 1596572 572516 2868250 871225 932293 633848 1316809 736339 173229 161107
internal_value=-1.97289e-05 -0.00835484 0.0131956 -0.0134942 0.0185969 -0.00274536 0.00768724 0.0234116 0.00353447 -0.00691546 0.0114255 0.0102084 0.0135445 -0.00633788 0.00734567 0.0277694 -0.00314008 0.0155228 0.000811074 -0.00389969 -0.001635 -0.0172471 -0.011393 0.0104211 -0.00937829 0.0100026 0.00329916 0.00153721 0.00411357 0.0309748 0.0261108 0.00659066 -0.00949385 0.00430587 0.0331796 0.00586982 -0.0150868 0.0051843 0.0144539 0.0179662 0.0198133 0.00530967 0.0188873 0.0118533
internal_weight=1.2549e+07 7.69542e+06 4.8536e+06 4.016e+06 2.45064e+06 3.67942e+06 2.40296e+06 1.55698e+06 1.33893e+06 1.45879e+06 1.55667e+06 893664 1.28195e+06 2.34049e+06 885151 1.00295e+06 1.14072e+06 554029 846282 453782 669378 2.55721e+06 789408 855638 1.19977e+06 685221 589527 274723 218419 658748 205464 350256 617456 236181 453284 200127 1.25474e+06 318103 575902 245006 426313 452009 375059 330896
internal_count=37918650 21644700 16273950 10814650 8558550 10830050 7715400 5647950 4111800 4107950 5147450 2910600 4294638 6718250 2802800 3765300 3361050 1882650 2567950 1309000 1971200 6706700 2136750 2791323 3357200 2211974 1824900 852812 690027 2534847 760694 1106985 1697149 739200 1774153 640447 3353350 993487 1940400 847000 1503315 1416841 1307573 1093400
is_linear=0
shrinkage=0.05


Tree=22
num_leaves=45
num_cat=0
split_feature=2 3 1 1 3 0 3 3 0 0 3 0 4 1 1 0 2 0 3 1 0 3 1 3 0 0 3 0 0 1 1 4 3 1 2 4 4 4 0 4 0 4 0 4
split_gain=133164 106705 43929.5 43784.5 54938.5 36525.9 22335.5 18409.3 17151.8 15174.7 14960.4 14933.6 14182.4 12336.7 17592.4 11382.8 11122 10461 9270.82 8435.71 7572.65 7068.05 7020.78 6958.22 11335.7 11215.9 6905.18 6890.27 12271.1 6835.78 6307.37 6104.51 5700.5 5663.7 5530.79 5420.62 5318.13 5260.44 5156.36 4723.21 4515.42 6214.57 5233.83 4937.34
threshold=4.5000000000000009 -4.8939060778895387 -0.4300652022765204 -0.10466628778912916 -4.3819396918493245 0.48662714534649493 4.897432038099816 -20.187501122676377 -0.86066547284873141 -0.35460488704253573 -11.720728959144244 0.93085292505862427 5.6503668841142494 0.62305106867763382 0.57552211292281397 -0.2393156642875576 2.5000000000000004 0.93085292505862427 4.897432038099816 0.36521623457838687 -0.32012920303568732 -8.9673924666221421 0.98236589408923247 3.9310536533036715 0.88059548392442355 0.48662714534649493 -12.897606905282311 0.26568621746226689 0.088756899407539988 0.97148236575323155 -0.22264714151432796 16.158017337472774 6.8440929709266891 0.25145141517831299 2.5000000000000004 19.389303354563477 -9.0035383411043934 8.3879359718785782 -0.93085292505862405 5.9037000904726691 0.088756899407539988 -19.483792731268409 0.5633557562674042 4.9227692739331141
decision_type=2 2 2 2 2 2 2 2 2 2 2 2 2 2 2 2 2 2 2 2 2 2 2 2 2 2 2 2 2 2 2 2 2 2 2 2 2 2 2 2 2 2 2 2
left_child=1 5 12 8 9 7 17 38 -2 -5 -7 13 -3 14 32 18 -17 34 -14 -9 30 -10 26 25 -25 27 -11 28 -23 -28 -8 -26 -6 -19 -4 -22 -24 -20 -1 -35 -15 42 -42 -43
right_child=3 2 6 4 11 10 20 19 21 22 -12 -13 15 40 -16 16 -18 33 37 -21 35 23 36 24 31 -27 29 -29 -30 -31 -32 -33 -34 39 -36 -37 -38 -39 -40 -41 41 43 -44 -45
leaf_value=-0.0089452523101724475 2.585170917274806e-05 -0.0084071007264295491 -0.014648092936393492 0.0036953129975525233 -0.005067506043468107 0.025127418962263021 0.00067124499494914237 -0.0071766795654639969 0.023401929034530623 0.027723404758594073 0.0090794605191845575 0.0062635305067506933 -0.00063326785848252364 -0.0043985360686074606 -0.034332937263899813 -0.0075388624891184397 0.0041659579510729258 -0.0045219939909127973 0.0084741693016023717 0.0019158936866552527 -0.013703814365970313 0.0044736025518497379 0.010488541969902503 0.018758801433542849 0.011203336240591144 0.014562841436227898 0.012728476920683754 -0.0042161636818895667 0.02172108980707645 0.037088301926796276 -0.02631720234634477 -0.0074752187037251464 -0.017403149144955971 -0.0075839721630650879 -0.008482687409024383 -0.02486180711715423 -0.010986759636094353 0.034805248132148331 0.028785616165928642 0.021938946744172808 0.0052705067659905907 0.0035266833653023392 0.076269479601474455 -0.0068117451642368239
leaf_weight=10483.736828222871 363754.99236804247 615077.73205171525 653887.09089675546 545826.32152125239 506575.57399360836 232272.810576424 23200.137711510062 422138.00864122808 122525.77913507819 124358.34140795469 387514.46532177925 380174.20185163617 59494.205528721213 717638.66464245319 66900.287943080068 360168.32995589077 464946.94527040422 280395.43339684606 29713.798437640071 644603.00090798736 636544.36941632628 585022.45782314241 124060.178248927 535934.22212284803 123247.53574363887 554252.70751127601 417677.20798301697 151980.09830141068 125196.09064210951 30931.935657441616 323744.10977524519 67809.070822045207 114896.53719627857 20173.658711180091 819794.59152185917 131298.71699933708 37555.253393262625 52450.657796517015 66444.816840857267 41245.973397880793 5337.0350908786058 437287.06287994981 5053.5269519835711 156928.15656457841
leaf_count=36624 1039500 2441900 2588195 1370067 1365533 610824 99525 1504647 272953 261392 1166914 927587 235947 1846421 172798 1499644 1526248 931299 112075 2131993 2078151 1738074 292232 1426291 304811 1336978 965215 425710 331975 63031 1145332 169208 317337 66135 2659106 410302 94976 155410 174044 116585 13566 1088283 9376 394436
internal_value=4.49642e-05 -0.00511038 -0.0091863 0.00517959 0.00165199 0.00531862 -0.0128111 2.12622e-05 0.0101043 0.01001 0.0150936 -0.0028242 -0.00247156 -0.00454254 -0.00997065 0.00130472 -0.000943274 -0.00939044 0.0143986 -0.00168228 -0.0183819 0.0117221 0.014702 0.0110545 0.015031 0.00901356 0.0172981 0.00544629 0.00751396 0.0144081 -0.0245125 0.00457402 -0.0073481 -0.00150973 -0.0112183 -0.0156118 0.00549824 0.0252829 0.0236437 0.012242 -0.00171661 0.0014667 0.0398014 0.000796375
internal_weight=1.25765e+07 6.27559e+06 4.51214e+06 6.30092e+06 3.6712e+06 1.76346e+06 2.93028e+06 1.14367e+06 2.62972e+06 1.28041e+06 619787 2.39079e+06 1.58185e+06 2.01062e+06 688372 966774 825115 1.8155e+06 141659 1.06674e+06 1.11479e+06 2.26597e+06 734583 2.14344e+06 726991 1.41645e+06 572967 862199 710219 448609 346944 191057 621472 341815 1.47368e+06 767843 161615 82164.5 76928.6 61419.6 1.32224e+06 604606 10390.6 594215
internal_count=37918650 21690900 16065854 16227750 9182250 5625046 10094630 3847308 7045500 3046913 1777738 6135337 5971224 5207750 1855668 3529324 3025892 6361320 503432 3636640 3733310 6006000 1676846 5733047 1900310 3832737 1289638 2495759 2070049 1028246 1244857 474019 1682870 1114019 5247301 2488453 387208 267485 210668 182720 3352082 1505661 22942 1482719
is_linear=0
shrinkage=0.05


Tree=23
num_leaves=45
num_cat=0
split_feature=1 3 2 2 3 3 3 3 1 0 1 2 0 0 1 1 4 0 4 4 4 2 4 1 0 4 3 2 0 0 2 2 4 4 4 0 0 2 4 0 4 4 0 3
split_gain=357176 179808 128523 52782.2 33885.3 29545.2 27669.5 24576.8 24160.4 21591.7 14737.1 14247.1 13130.7 12279.4 12022.3 15969.7 10582.7 17364.6 9907.92 9826.15 8597.2 8275.57 8041.19 7960.68 7887.22 7512.49 7048.66 6880.13 6734.05 8073.38 6628.87 6550.05 6167.26 5389.94 6847.33 5139.91 7716.42 5024.15 5022.73 4848.27 4664.9 4996.1 4591.93 4379.97
threshold=-0.2393156642875576 0.97915403661263778 3.5000000000000004 3.5000000000000004 1.5159379753898181 8.8762162215162679 -7.2765424173769899 -6.7385137617844206 0.47375768738725649 0.48662714534649493 0.62305106867763382 2.5000000000000004 0.93085292505862427 0.93085292505862427 0.82619477567192912 0.23931566428755774 -3.399854346944934 0.35460488704253579 -4.0237079780476384 19.389303354563477 2.8874374994353933 4.5000000000000009 0.23141757495560003 0.57552211292281397 0.26568621746226689 18.890002469392382 0.33107608140073458 5.5000000000000009 0.26568621746226689 0.48662714534649493 5.5000000000000009 2.5000000000000004 16.158017337472774 -11.324912368720002 16.846153360096448 0.93085292505862427 0.89412692780947678 2.5000000000000004 10.613918788794527 0.37886415816525426 20.545020291238242 -6.5579930310375252 0.67983684365189634 15.665097213080172
decision_type=2 2 2 2 2 2 2 2 2 2 2 2 2 2 2 2 2 2 2 2 2 2 2 2 2 2 2 2 2 2 2 2 2 2 2 2 2 2 2 2 2 2 2 2
left_child=3 2 6 16 18 8 37 13 11 22 23 -3 20 27 15 19 -1 26 39 -7 30 -12 -6 33 -16 -11 -18 -4 -20 -30 -9 -8 -19 -10 -35 36 38 -2 -31 -5 41 -13 -34 -17
right_child=1 5 7 4 9 14 31 12 10 25 21 40 -14 -15 24 43 17 32 28 -21 -22 -23 -24 -25 -26 -27 -28 -29 29 35 -32 -33 42 34 -36 -37 -38 -39 -40 -41 -42 -43 -44 -45
leaf_value=-0.0095822009747059799 -0.023688353707608956 -0.0062010193168606778 -0.0024294572524204885 0.0079343954223712442 -0.0043576046703486101 0.0060329422124459934 -0.0099809116349114796 0.0055797236520481602 0.038051073835757621 -0.0088405667047477248 0.0091201043945391413 0.017674410773288716 -0.00072844742698220471 -0.012419956417203656 0.016929652846194267 0.026995810545064322 -0.020527261042431549 -0.017726886694446466 -0.0082085699734678816 0.026790044758074102 0.021899720957625223 0.017136066597919192 -0.021350580543855777 0.039149997425551579 -0.0031732424119563238 0.0071900467343869595 -0.031263443619415875 0.0056843424895169541 0.0093929788919480325 -0.0063821542970125961 0.01234362987857038 -0.0014194670864699182 -0.017148592037283958 0.01301637449498954 0.046505883847396776 -0.017040757229890152 0.032628696166211522 -0.014405362663838756 0.0086865520748711702 -0.014055656319296972 0.025714087737879393 0.0058240663117157358 0.0031040445337707119 0.037745176610072678
leaf_weight=226703.35182188451 395784.7553833276 213238.07017743587 493018.88870617747 251587.86565567553 78076.052609950304 148775.97274917364 588181.92824299634 629608.84096303582 35407.732342645526 415993.1849861145 663477.56541363895 104010.34474155307 300821.67606319487 175475.98233148456 245566.61851212382 404218.92833304405 251181.12912192941 492008.91887024045 644030.740911901 92441.154590010643 153552.43731853366 625551.21183049679 642643.03423526883 78920.102102220058 60890.061522290111 88660.723260730505 390633.32618294656 555817.99840308726 145948.16899554431 281218.13861432672 852957.80650366843 360224.73950242996 46461.759074032307 145680.87004934251 17049.428724363446 66103.591264903545 15503.217895448208 230725.81117846072 68836.748078286648 27838.918221324682 37138.105740055442 613948.68199782073 70390.124260962009 123784.06369453669
leaf_count=886998 1541579 815756 1375781 703059 251654 421602 2247792 1756066 86350 1187468 2012735 264465 763560 444283 651154 1011832 1085381 1935266 2017867 226664 351021 1474275 2195116 200312 166374 241431 1809671 1299758 427576 748657 2000855 1155890 204535 409140 39475 163362 37246 758659 176090 70224 86239 1686777 245849 282806
internal_value=-2.53316e-05 0.00596104 -0.000446257 -0.0119107 -0.00778648 0.0143669 -0.0121156 0.00536735 0.0114201 -0.0139559 0.0152588 0.00521171 0.00887237 -0.000177824 0.02131 0.0246464 -0.0195217 -0.0213234 -0.00275018 0.0139876 0.0106376 0.0130102 -0.0195097 0.0257208 0.0129354 -0.00602421 -0.0270617 0.00187035 -0.00469296 -0.000773084 0.00947117 -0.0067291 -0.0152745 0.0203718 0.0165251 -0.00421031 -0.00189019 -0.0202697 -0.00341896 0.00574356 0.00843464 0.00754082 -0.00494866 0.0295159
internal_weight=1.25501e+07 8.34627e+06 4.73617e+06 4.20382e+06 2.72644e+06 3.6101e+06 1.57492e+06 3.16125e+06 2.53442e+06 1.22537e+06 1.56609e+06 968335 1.93694e+06 1.22431e+06 1.07568e+06 769220 1.47738e+06 1.25068e+06 1.50107e+06 241217 1.63612e+06 1.28903e+06 720719 277058 306457 504654 641814 1.04884e+06 1.22164e+06 577610 1.48257e+06 948407 608861 198138 162730 431662 365558 626511 350055 279427 755097 717959 116852 528003
internal_count=37918650 23531200 13695244 14387450 8219750 9835956 5703920 7991324 7075524 3875669 4222287 2853237 4871502 3119822 2760432 1942904 6167700 5280702 4344081 648266 4107942 3487010 2446770 735277 817528 1428899 2895052 2675539 3570798 1552931 3756921 3403682 2385650 534965 448615 1125355 961993 2300238 924747 773283 2037481 1951242 450384 1294638
is_linear=0
shrinkage=0.05


Tree=24
num_leaves=45
num_cat=0
split_feature=2 2 2 1 1 1 0 1 0 0 0 3 0 0 3 3 3 2 3 4 0 2 3 3 1 3 0 2 4 2 3 0 4 4 4 0 3 0 4 3 3 4 4 0
split_gain=500461 82286.5 51756.6 36783.1 36684.8 30219.7 23128.5 16019.1 13736.3 12619.3 11447.4 9137.84 8807.66 8316.23 7913.33 7445.95 7238.39 6261.67 5187.84 4835.88 4517.94 4423.01 4026.07 3552.86 3290.89 3110.36 3039.08 2983.88 2887.07 2663.24 2306.73 2261.65 2256.84 2245.74 2233.74 2177.29 2131.95 2023.99 1882.77 1859.59 1834.09 1863.8 1800.4 1789.67
threshold=3.5000000000000004 5.5000000000000009 2.5000000000000004 0.23931566428755774 -0.2393156642875576 -0.2393156642875576 0.58743244627487468 -0.2393156642875576 0.58743244627487468 0.48662714534649493 0.48662714534649493 -2.8467498768627091 -0.88545602565320969 -0.93085292505862405 4.8113263553822572 -4.6779030618177968 -3.3587638980914956 4.5000000000000009 -1.6495127090000989 -9.8470377105010183 0.48662714534649493 6.5000000000000009 9.4015872141977166 11.940174224122162 0.88755655832397862 -1.6495127090000989 -0.82298386589365657 4.5000000000000009 6.4068814074067442 6.5000000000000009 8.7160870261468393 -0.94117129826980295 -4.1486759917289886 -4.2687999025978298 7.1737656324947929 0.96778869966720549 -1.0568852504956145 -0.93085292505862405 24.301560733309959 9.4015872141977166 -11.993893100142374 5.9037000904726691 -6.5579930310375252 0.35460488704253579
decision_type=2 2 2 2 2 2 2 2 2 2 2 2 2 2 2 2 2 2 2 2 2 2 2 2 2 2 2 2 2 2 2 2 2 2 2 2 2 2 2 2 2 2 2 2
left_child=2 5 3 6 9 8 16 15 11 18 14 -2 32 33 24 43 -1 34 -3 -16 -17 31 28 35 37 -10 -21 -13 -14 -20 42 -6 -9 -7 39 40 -11 -5 -8 -15 -12 -42 -18 -4
right_child=1 4 7 10 21 13 38 12 25 36 23 27 22 17 19 20 30 -19 29 26 -22 -23 -24 -25 -26 -27 -28 -29 -30 -31 -32 -33 -34 -35 -36 -37 -38 -39 -40 -41 41 -43 -44 -45
leaf_value=0.019469166328394804 -0.0016538280711713271 -0.0087867396024904933 0.0063363609557432242 0.029743592516767278 -0.0086322882099693701 -0.0011463359938544582 0.014343102399132154 0.0083961971954314932 -0.011071478598900397 -0.018145848662037958 -0.0040305772017454429 0.012858050328420521 0.0026563340240535402 -0.0024754751553259986 -0.011479878478758865 0.018043258896639179 0.020565818777416485 -0.0099464193362208044 0.002427467004444009 0.021293797757106697 0.0079134185280153851 -0.018660831013931681 -0.0084789282739020713 -0.0071634995482683685 0.013036520729743801 -0.0014713332883784093 0.006427408777020957 0.0063572866098850593 -0.0051052456567437302 -0.0039083912839003952 0.020273718304330203 -0.015257435012551968 0.020671533952979687 0.008201938865460395 -0.0090055908989715803 0.017270913871878374 -0.010985334410633263 0.018210998301147609 0.00090953496946810306 -0.012009715186606471 0.0098006917607573133 0.0022512867505836832 0.030558001333383957 -0.0056917756078815338
leaf_weight=283282.38397963345 247989.69179628789 298890.89353522658 70581.296605050564 42556.577458843589 145956.52747169137 227187.15258003771 551213.89338697493 130749.47560027242 124779.16084998846 149588.89596199989 50341.115494072437 341860.87531507015 644584.7949809283 725052.96738919616 33021.310033097863 332578.06485529244 48698.680375114083 1028893.2944022864 320165.65958876908 41174.524882778525 164522.93632255495 1287598.6015520841 123903.88470101357 58293.662386462092 402756.43539841473 260539.56887878478 208240.67258901894 364973.89554454386 147165.14006571472 344136.76682429016 70113.515008032322 1097016.1799247861 52469.184181973338 89574.939710482955 205663.72197042406 38948.587861090899 340722.38853642344 358835.67111897469 27378.258395209908 55024.155057698488 172353.79042609036 155529.95159351826 606770.22920040786 55042.773383662105
leaf_count=998379 733378 835137 222819 162911 411950 680682 1855985 421391 337578 384748 142223 1130026 1977701 2142681 92082 1153156 174343 2872100 971728 148747 524795 3353350 353839 170630 1340672 767372 667537 1143446 425060 988235 248884 2941400 186909 289518 580605 134640 928102 1249401 84415 152664 560103 478504 2343694 155130
internal_value=-2.26715e-05 -0.00799454 0.0125062 0.0163167 -0.0129708 -0.00259466 0.0216768 0.00553523 0.0033884 -0.00664014 0.0108695 0.00660412 0.00190446 -0.00603387 0.0137009 0.0119421 0.0262473 -0.00721799 -0.00331616 0.00650103 0.0146906 -0.016607 -9.79124e-05 0.00439887 0.0162297 -0.00458018 0.00888162 0.00950138 0.00121366 -0.000854776 0.0288936 -0.0144795 0.0119115 0.0014972 -0.00437011 0.00601453 -0.0131699 0.0194337 0.0137074 -0.00314799 0.00485538 0.00621967 0.0298156 0.00106618
internal_weight=1.25267e+07 7.65562e+06 4.87111e+06 3.14951e+06 3.98408e+06 3.67154e+06 1.58746e+06 1.7216e+06 1.34014e+06 1.4535e+06 1.56205e+06 954824 1.09887e+06 2.3314e+06 1.08659e+06 622725 1.00886e+06 2.01463e+06 963193 282437 497101 2.53057e+06 915654 475467 804149 385319 249415 706835 791750 664302 725582 1.24297e+06 183219 316762 985741 417173 490311 401392 578592 780077 378225 327884 655469 125624
internal_count=37918650 21644700 16273950 10853150 10814650 10830050 5705700 5420800 4111800 4107950 5147450 3006850 3364900 6718250 3661350 2055900 3765300 5748050 2795100 908366 1677951 6706700 2756600 1486100 2752984 1104950 816284 2273472 2402761 1959963 2766921 3353350 608300 970200 2875950 1315470 1312850 1412312 1940400 2295345 1180830 1038607 2518037 377949
is_linear=0
shrinkage=0.05


Tree=25
num_leaves=45
num_cat=0
split_feature=2 3 1 3 3 1 0 0 0 0 0 3 0 3 3 2 3 1 3 4 0 0 4 0 3 0 0 3 3 1 4 4 0 3 1 0 0 0 4 0 0 0 0 4
split_gain=120591 81853.5 46084.7 72628 20359.1 29408.8 20231 19049.4 18037.4 15071.6 12952.5 12861.8 10412.8 9565.02 9409.8 9295.09 9106.13 8456.1 7541.18 7174.42 8848.08 7015.75 7630.28 8551.83 6304.08 5950.87 5703.17 5795.39 5382.19 5099.01 8143.07 5094.29 5266.82 5070.12 9685.92 6055.44 4501.15 11287.2 4428.92 8915.58 4406.42 4385.05 4288.28 4150.39
threshold=3.5000000000000004 -8.9673924666221421 -0.10466628778912916 -2.1944148255439688 -2.0328718484581318 -0.4300652022765204 -0.86066547284873141 -0.2393156642875576 -0.35460488704253573 -0.4298763333408428 -0.2058881604517783 -12.897606905282311 0.48662714534649493 -9.5232133104396386 -16.447419376070052 5.5000000000000009 6.0023226145337825 0.93621795190976798 4.4751029713201484 5.17441350838972 -0.2393156642875576 0.99087453071010911 -7.4232901021776732 0.58743244627487468 5.6196416414781885 -0.56335575626740397 -0.96778869966720515 -16.447419376070052 -24.51843460078786 0.97148236575323155 -10.563115581931781 16.846153360096448 0.93085292505862427 3.1767276246678411 -0.59907629515643335 0.88059548392442355 0.5633557562674042 0.37886415816525426 6.1534312029725067 0.26568621746226689 -2.8327694488239893e-16 -0.32012920303568732 0.65797238821565851 2.7730993688227916
decision_type=2 2 2 2 2 2 2 2 2 2 2 2 2 2 2 2 2 2 2 2 2 2 2 2 2 2 2 2 2 2 2 2 2 2 2 2 2 2 2 2 2 2 2 2
left_child=1 8 6 7 12 19 -2 26 28 18 -9 29 -3 -8 -10 38 25 -13 -5 -6 24 22 23 -11 -21 -7 -4 -28 -1 -12 -31 32 36 34 43 -35 37 40 -15 -40 -24 -18 -14 -17
right_child=2 4 3 9 5 16 13 10 14 21 11 17 42 15 -16 33 41 -19 -20 20 -22 -23 31 -25 -26 -27 27 -29 -30 30 -32 -33 -34 35 -36 -37 -38 -39 39 -41 -42 -43 -44 -45
leaf_value=0.029885972808189609 -0.0015074687492965077 -0.0070855135021776223 -0.0055002869572229572 -0.0074034397848153207 -0.011479541450053223 -0.018101785493671623 0.021810641449371754 0.037410729533797142 0.026796285925194119 0.0017677110210553759 0.026711550953917414 0.011307076749856872 0.016438557098063303 0.002487839859053733 0.010622868719330608 0.00075956202102588229 -0.026425559192946008 0.00083855340688077237 -0.017515350361227654 -0.00089789206122772012 -0.0044777081015383614 0.0059074053433588476 -0.011671297848746284 0.039091752858403127 0.023151263629637493 -0.010117205822004904 0.017234078856857144 0.0027312649862988383 -0.0031453087902367292 0.016636292630305433 -0.036770884766746371 -0.015015635196833792 0.0042738450163095805 0.018238683008179612 0.017537191770870438 0.0065347152786611731 -0.0095952561641699883 0.013110249350824131 0.016461961975446356 0.0044871619939456878 -0.0018237267591673777 -0.017633240802708543 0.0010488703298659487 0.0090369550631367365
leaf_weight=12986.727670609951 469358.53352244198 736445.8717931211 191768.37895837426 575334.21541541815 278106.8588989228 352173.27970962226 153843.34762009978 46942.215181201696 124571.11260822415 239514.87180951238 148551.34308557212 597230.71939998865 53562.537806019187 555406.30422830582 323425.00562888384 232495.89627578855 202032.7960858047 284936.4408377558 271335.588514328 54570.911283642054 552087.87675108016 216968.07787244022 193481.25191497803 16397.616807624698 54428.169899702072 691651.29297080636 75967.429630234838 738754.8875118196 244773.86142984033 56539.829125985503 8168.3391224294901 122148.45034886897 155648.47753284872 437765.82046082616 259452.57947106659 147835.99826975167 412833.51359444857 93817.038824498653 232786.69541494548 467788.25389479101 275135.573183164 475742.15959057212 292202.06696158648 434385.98732899129
leaf_count=34854 1393700 2783016 533804 1625357 1204454 1498821 348990 98648 324770 616456 320529 1422210 170073 1731474 997613 648505 761392 726104 762326 228233 2175491 544905 533414 37559 183879 2420526 183706 1917718 902179 130935 18109 321068 404399 1124967 599440 351685 1089192 236914 702121 1346674 727347 1621860 966789 1146444
internal_value=5.35664e-05 -0.00656204 0.00368141 0.00048766 -0.00950705 -0.0118588 0.00812809 0.00727292 0.00905691 -0.00517995 0.0116918 0.0105896 -0.0037249 0.00967597 0.0151201 0.00900152 -0.0157413 0.00792579 -0.010644 -0.00474188 -0.00190747 -0.00249951 -0.0037083 0.00415925 0.0111109 -0.0128111 0.00225753 0.00408356 -0.0014811 0.0216089 0.00989452 -0.00531509 -0.00426735 0.0116424 0.00934025 0.015284 -0.00563048 -0.00272029 0.00582248 0.00846614 -0.00588957 -0.0202541 0.00343289 0.0061512
internal_weight=1.25614e+07 4.44876e+06 8.11259e+06 4.72147e+06 3.743e+06 2.66079e+06 3.39112e+06 2.14886e+06 705757 2.57261e+06 1.14237e+06 1.09543e+06 1.08221e+06 2.92176e+06 447996 2.76792e+06 1.7216e+06 882167 846670 939194 661087 1.72594e+06 1.50898e+06 255912 108999 1.04382e+06 1.00649e+06 814722 257761 213260 64708.2 1.25306e+06 1.13092e+06 1.51194e+06 926334 585602 975267 562434 1.25598e+06 700575 468617 677775 345765 666882
internal_count=37918650 16273950 21644700 12250700 14014534 10094656 9394000 5351763 2259416 6898937 2716535 2617887 3919878 8000300 1322383 7651310 6302599 2148314 2387683 3792057 2587603 4511254 3966349 654015 412112 3919347 2635228 2101424 937033 469573 149044 3312334 2991266 3871041 2394389 1476652 2586867 1497675 3780269 2048795 1260761 2383252 1136862 1794949
is_linear=0
shrinkage=0.05


Tree=26
num_leaves=45
num_cat=0
split_feature=1 3 2 2 3 3 2 0 0 3 4 1 3 1 1 1 4 0 1 0 2 4 4 0 4 3 2 3 1 4 3 0 0 0 0 0 0 4 4 3 2 4 0 4
split_gain=324220 162527 108048 48895.4 36203 35945 28617.9 24831.7 19710.2 19072.8 15696.6 14321.8 13860.9 13472 10810.3 18408 10392.3 8967.79 10262.8 6843.4 6759.87 6719.46 6649.76 6350.16 5997.78 5965.94 5748.1 5575.05 5562.36 6883.36 6690.62 5486.12 5698.09 5428.45 6493.73 5382.44 5375.2 5087.49 4930.27 4605.23 4594.28 4543.5 6213.68 4383.34
threshold=-0.2393156642875576 -0.76901482607872385 3.5000000000000004 2.5000000000000004 0.19892162832061369 7.3083067911577908 3.5000000000000004 0.26568621746226689 0.93085292505862427 -8.9673924666221421 2.3090826435652478 0.47375768738725649 -8.6337015575177549 0.4647231720437684 0.82619477567192912 0.23931566428755774 18.890002469392382 0.93085292505862427 -0.46472317204376873 0.26568621746226689 5.5000000000000009 22.138282614797578 0.45656581786073153 0.88059548392442355 4.9227692739331141 12.629236340315515 2.5000000000000004 -18.943206484268512 -0.73300900260771595 18.890002469392382 -1.2776882002503667 0.88059548392442355 0.67983684365189634 -0.79450537036186197 -0.86066547284873141 1.0000000180025095e-35 -0.12053668025532321 -11.324912368720002 -6.7006358774982635 -8.9673924666221421 5.5000000000000009 -4.7763033860137183 0.5633557562674042 -6.4105978126149834
decision_type=2 2 2 2 2 2 2 2 2 2 2 2 2 2 2 2 2 2 2 2 2 2 2 2 2 2 2 2 2 2 2 2 2 2 2 2 2 2 2 2 2 2 2 2
left_child=3 2 9 28 17 6 11 10 12 -2 -6 -3 27 38 15 16 -7 18 20 -16 -5 23 35 -9 -13 41 -11 -4 30 -30 -1 32 43 34 37 36 40 -15 -8 -10 -14 42 -17 -29
right_child=1 5 8 4 7 14 13 21 39 26 -12 24 22 33 19 25 -18 -19 -20 -21 -22 -23 -24 -25 -26 -27 -28 31 29 -31 -32 -33 -34 -35 -36 -37 -38 -39 -40 -41 -42 -43 -44 -45
leaf_value=-0.017500627781428368 -0.021171519666976502 -0.0053342821233580357 -0.011118233282869198 -0.0072569908497580604 -0.0083582427407663546 0.0053541536548318194 0.01599578357625633 -0.01116892883002034 -0.014444859184616132 -0.011969517257761367 -0.023225885696334877 0.0046309492205309387 0.0046738161506469471 0.022538406241164238 0.01524572826573021 0.036209138605646785 0.024295369039342651 -0.018811895278379048 0.0072184645614784939 -0.00070134284382908666 0.00044382270940943578 0.008027357813162158 0.018159276014447227 -0.00082146779138230332 0.017153391877064949 0.032342674865171984 -0.003479693939419882 0.0015338485378838737 -0.019060258084586879 0.0064683603873253535 -0.029483009024932151 0.025279036512340661 -0.014954270744777115 0.014871343863309398 0.033191936389502595 0.0025924474221249195 0.028253374693597483 -0.020455026360073049 0.0051518043577841541 -0.0026322994534224695 0.011821943708814807 0.020117760857295306 -0.014256082778179685 0.020617459849928261
leaf_weight=182861.27374893427 484444.43942217529 378950.23053756356 91028.173976078629 649253.16445614398 243316.71273100376 214570.75803951919 129050.87786358595 596196.48107481003 116685.39977510273 521876.87045072019 656555.80583699048 513222.39313589036 386681.54656371474 17688.328749746084 340377.66558784246 85317.080623224378 109307.16772690415 82773.644701018929 254193.33975946903 83846.417932748795 507907.48846374452 65837.691950708628 166697.02596828341 197351.88261148334 117515.69944486022 250890.64126418531 322627.32070043683 573081.37145444751 385891.69943773746 28344.487526848912 321009.35448244214 24518.432347655296 50452.003794029355 1088998.4107740968 85992.442828804255 386735.19700424373 37044.950803413987 11261.613832935691 558183.19114533067 281707.45827101171 536904.62979114056 352550.7611515373 6569.3076849579811 31757.59048640728
leaf_count=761616 1794311 1396842 229271 2104426 843070 614327 319695 1886493 295340 2030480 2368343 1693098 1082046 38558 904068 198943 268173 213448 742572 228004 1360220 191698 386345 565380 345719 588112 1043160 1486766 1682263 100287 1567634 55493 124620 2636962 211191 975364 88186 28422 1483251 717485 1248639 924461 16739 77129
internal_value=-3.10398e-05 0.00565201 -0.0016038 -0.0114156 -0.00853994 0.0123532 0.00914501 -0.0134007 0.00417057 -0.0132629 -0.0192058 0.00234832 0.00595995 0.0127737 0.0188008 0.0215924 0.0117467 -0.00281666 -0.00187856 0.0120938 -0.00387691 -0.00732208 0.00873865 -0.00859556 0.00696406 0.0261785 -0.00872614 0.0005021 -0.0216057 -0.0173134 -0.0251344 0.00205809 0.00118925 0.0159621 0.0262964 0.00757312 0.00957827 0.00581383 0.00718812 -0.00609208 0.00882921 0.0226987 0.0326012 0.00253585
internal_weight=1.2528e+07 8.35654e+06 4.01224e+06 4.17149e+06 3.25339e+06 4.34429e+06 2.90086e+06 1.75926e+06 2.68329e+06 1.32895e+06 899873 1.00969e+06 2.2849e+06 1.89117e+06 1.44343e+06 1.01921e+06 323878 1.49413e+06 1.41135e+06 424224 1.15716e+06 859386 1.51406e+06 793548 630738 695328 844504 770838 918107 414236 503871 679809 655291 1.20394e+06 114942 1.34737e+06 960631 28949.9 687234 398393 923586 444437 91886.4 604839
internal_count=37918650 23531200 11634635 14387450 10275650 11896565 8153738 5854984 6766684 4867951 3211413 3435659 5753859 4718079 3742827 2610755 882500 4420666 4207218 1132072 3464646 2643571 3780580 2451873 2038817 1728255 3073640 1973279 4111800 1782550 2329250 1744008 1688515 2915133 278171 3394235 2418871 66980 1802946 1012825 2330685 1140143 215682 1563895
is_linear=0
shrinkage=0.05


Tree=27
num_leaves=45
num_cat=0
split_feature=2 2 2 1 1 1 0 1 0 0 3 0 0 2 3 3 3 0 2 3 4 0 3 3 3 0 4 0 0 4 0 4 4 0 4 0 2 2 2 4 0 0 0 3
split_gain=451849 76927.2 47220.9 34204.8 32481.4 27035.1 20774 14529.4 12789.9 11814 10254.5 8017.16 7896.98 7847.39 7176.08 6682.08 6555.48 5729.34 4243.62 4153.45 3999.4 3997.44 3656.15 3578.09 2976.94 2881.04 2692.03 2682.01 2591.3 2522.28 4413.93 2280.87 2239.36 2087.42 2084.19 2075.17 2049.17 1935.72 1879.71 1861.86 1827.68 1782.36 1764.83 1854.22
threshold=3.5000000000000004 5.5000000000000009 2.5000000000000004 -0.2393156642875576 0.23931566428755774 -0.2393156642875576 0.58743244627487468 -0.2393156642875576 0.48662714534649493 1.0000000180025095e-35 11.112010374266022 -0.46472317204376817 -0.88545602565320969 4.5000000000000009 -1.8070737377971076 -4.3819396918493245 -2.1121527708916079 -0.82298386589365657 6.5000000000000009 -2.9295840744931883 -1.9649533070803604 0.48662714534649493 -2.9295840744931883 9.2200767118306164 7.1897771933336623 0.48662714534649493 6.6670945776380934 -0.93085292505862405 0.81773537194966905 8.5298331830513394 -0.2393156642875576 -5.1715951788574008 -5.565288809378564 -0.93085292505862405 -4.1486759917289886 0.96778869966720549 6.5000000000000009 4.5000000000000009 4.5000000000000009 -11.129526036391809 0.088756899407539988 0.35460488704253579 0.89412692780947678 -2.9295840744931883
decision_type=2 2 2 2 2 2 2 2 2 2 2 2 2 2 2 2 2 2 2 2 2 2 2 2 2 2 2 2 2 2 2 2 2 2 2 2 2 2 2 2 2 2 2 2
left_child=2 5 4 9 6 8 16 15 14 20 11 -6 34 17 39 41 -1 31 33 -10 -3 -17 -11 26 37 -13 -14 -15 36 32 -31 -7 -18 -5 -9 -27 -24 -16 -21 -2 -41 -4 43 -8
right_child=1 3 7 18 10 13 42 12 19 22 -12 25 23 27 24 21 29 -19 -20 38 -22 -23 28 -25 -26 35 -28 -29 -30 30 -32 -33 -34 -35 -36 -37 -38 -39 -40 40 -42 -43 -44 -45
leaf_value=0.01931417663399515 -0.013156101832461879 -0.0076230730824062417 0.0063965094430203989 -0.0088012853825748683 0.017067301752240662 0.0009350551764592789 0.0091833144777813246 0.0078037502383499369 -0.011590170288903787 -0.017204706770532853 -0.0019142052124637974 0.011452213805514186 0.0024468666630554116 -0.0025886823443763748 0.014525316825569446 0.017130717567218953 0.019686757405145396 -0.0045340992203668712 -0.018035487349313376 0.0031894851720377275 0.00095717178621115839 0.0075574444994033797 -0.0031609625693796574 -0.0079397385876092807 0.0016503898633834528 0.004749147527588992 -0.0051866123130919857 -0.0094800061322437498 -0.01389206138215731 0.0079205361683153241 0.026672705717991858 0.011571259427773194 0.031057302767110873 -0.014747066709432648 0.019565931755790241 0.017049987811774355 -0.0099893698085556527 0.0083528439767977664 -0.0043389026559214148 0.0039266528964965438 -0.0055157537756755203 -0.0052881438076101336 0.010585391322512525 0.018843046277491241
leaf_weight=353039.17355069518 23939.582095935941 189647.82293307781 75166.586036220193 171484.99529151618 465186.0113440603 163438.17602026463 68809.874596655369 131285.98632410169 119942.39213763177 162751.36199979484 153542.9066336751 539399.66286407411 647980.12681627274 163810.25479069352 244531.94255678356 329207.78184629977 48484.607814565301 898526.80505120754 1273523.5235521197 159033.41075310111 478415.84525111318 163051.8015768677 210379.69027599692 127562.57902806997 94375.934183418751 370863.58534495533 140550.48644855618 1022311.4086260349 176877.66888861358 38555.854135021567 168624.04924727976 72880.622014671564 405048.30661435425 1060527.3482899815 52812.068045049906 37779.244472622871 229971.38276588917 264308.15655045211 173229.22918824852 192319.97403031588 69864.64781332016 57680.698812499642 333750.5628131628 178681.96480634809
leaf_count=1248410 64477 536409 237484 485100 1615074 497231 221091 421391 323516 423538 466334 1779086 1984410 485100 819983 1136406 173632 2621850 3353350 487869 1434791 518758 612846 366481 281610 1156602 405709 2872100 472008 123525 635788 241969 1583945 2868250 186909 130354 628358 841963 497615 595856 198911 163252 1093400 625909
internal_value=-2.53977e-05 -0.00763943 0.0118405 -0.012476 0.0154711 -0.00241848 0.0204939 0.00518703 0.00323188 -0.00635846 0.0103578 0.0116911 0.0017284 -0.00568446 0.00671312 0.0112742 0.0248147 -0.00271214 -0.0160116 -0.00361461 -0.00147856 0.0139597 -0.0105382 -0.000170587 0.00980641 0.00905312 0.00108625 -0.00852827 -0.00878032 0.0277537 0.023183 0.00421526 0.0298417 -0.0139195 0.011178 0.00588637 -0.00672707 0.0113191 -0.000735533 0.000191756 0.00141052 0.00132317 0.0129579 0.0161574
internal_weight=1.25032e+07 7.61609e+06 4.88706e+06 3.95358e+06 3.16177e+06 3.66251e+06 1.59499e+06 1.7253e+06 1.34155e+06 1.44804e+06 1.56677e+06 1.41323e+06 1.10019e+06 2.32097e+06 889340 625107 1.01375e+06 1.13485e+06 2.50554e+06 452205 668064 492260 779980 916093 603216 948042 788531 1.18612e+06 617229 660713 207180 236319 453533 1.23201e+06 184098 408643 440351 508840 332263 286124 262185 132847 581242 247492
internal_count=37918650 21644700 16273950 10814650 10853150 10830050 5705700 5420800 4111800 4107950 5147450 4681116 3364900 6718250 2802800 2055900 3765300 3361050 6706700 1309000 1971200 1655164 2136750 2756600 1943556 3066042 2390119 3357200 1713212 2516890 759313 739200 1757577 3353350 608300 1286956 1241204 1661946 985484 859244 794767 400736 1940400 847000
is_linear=0
shrinkage=0.05


Tree=28
num_leaves=45
num_cat=0
split_feature=2 3 1 0 0 3 1 3 4 3 3 4 3 1 0 4 0 2 0 0 3 3 0 0 0 1 1 0 4 0 0 0 1 0 2 0 0 4 1 4 4 3 0 0
split_gain=108511 89174.2 38949 35438.4 31623.9 23777.9 27831.8 18383.5 17821.6 16430.5 13129 12423.7 11584.6 14658.9 11316.1 10185 9995.55 9225.7 9176.7 9060.09 7996.21 6654.74 6427.37 6424.48 6329.25 6307.97 6209.03 7175.88 6072.83 6057.74 5750.29 10699.7 5216.45 5191.54 5069.58 4851.27 6267.22 4824 6624.76 4704.49 4572.03 4529.4 5651.64 5016.56
threshold=4.5000000000000009 -4.5759955634478393 -0.4300652022765204 0.088756899407539988 0.48662714534649493 -6.488569845523247 0.14764656400248086 5.6196416414781885 6.9149937721793266 -17.932038940727381 -11.993893100142374 5.6503668841142494 -5.1115605456584587 -0.10466628778912916 0.26568621746226689 2.4244436874032798 -0.2393156642875576 2.5000000000000004 0.5633557562674042 0.93085292505862427 4.8113263553822572 -0.13562436995527702 -0.93085292505862405 -0.93085292505862405 -0.32012920303568732 -0.22264714151432796 0.93621795190976798 -0.32012920303568732 23.090718978779361 0.93085292505862427 -0.2393156642875576 -0.2058881604517783 0.25145141517831299 0.5633557562674042 2.5000000000000004 0.65797238821565851 0.58743244627487468 -12.783744499351728 0.97148236575323155 8.3879359718785782 -21.345002090901534 1.1815098353317028 0.81773537194966905 0.5633557562674042
decision_type=2 2 2 2 2 2 2 2 2 2 2 2 2 2 2 2 2 2 2 2 2 2 2 2 2 2 2 2 2 2 2 2 2 2 2 2 2 2 2 2 2 2 2 2
left_child=1 4 11 8 9 29 14 19 12 23 -6 -3 26 -14 -7 40 20 -18 -16 34 -13 -15 -11 -1 25 -9 -2 -28 35 37 -29 -32 -21 -26 -4 36 -20 -5 -39 -22 -8 42 -17 -43
right_child=3 2 7 5 10 6 15 24 -10 22 -12 16 13 21 18 41 17 -19 28 32 39 -23 -24 -25 33 -27 27 30 -30 -31 31 -33 -34 -35 -36 -37 -38 38 -40 -41 -42 43 -44 -45
leaf_value=-0.009705898886541638 0.0025533153704613305 -0.007833212006948486 -0.014031063532329611 0.022737674102417383 0.023287545501022529 0.021771542838899548 0.038054283713938174 0.0042654671477044713 0.014473487249366852 -0.010216395400045227 0.0083273201468215662 -0.00071613122335580396 0.0031514585272852955 -0.0011871305635521676 0.00015394057173492934 -0.0091662823550046554 -0.0068145053176814786 0.0038990233492825475 0.014073612434312011 -0.0046960372584557613 0.0077564966850756107 -0.0086170362605850759 -0.00031131006013432653 0.022388809151078239 -0.0085982378718700691 -0.025642845763266066 0.04122557222486703 -0.0096299049918378149 -0.0062792900514318205 0.025084345805606124 0.041469832151056402 0.0061762782488630702 0.011196398293275581 -0.017924082156061356 -0.0081838480970363846 0.010612501495824083 0.040262249926511784 0.013112762251952396 -0.012382540643117878 0.032310546448980591 0.004700684167575392 0.0058781492618948028 0.0089102987345376847 -0.0095650321408048203
leaf_weight=18454.219694077969 670766.1183219105 591321.02444379032 664597.59865289927 114686.31018382311 224172.71483750641 200912.80289462209 10481.919489771128 18846.834038972855 222723.45874817669 201587.21143338084 424102.7931984067 57809.46068584919 773317.61419089139 506700.3566364646 238416.22970817983 68416.551645174623 354872.15986312926 463262.86028003693 78676.277561292052 293541.80903115869 30582.115425333381 743719.45241890848 873226.52242307365 100543.98986366391 220353.72878721356 272999.67701981962 20186.179948717356 31210.219390869141 48664.649026989937 180686.36965428293 28074.907492652535 91340.408586248755 62654.739909678698 462353.17261791229 838235.44884857535 929302.92673313618 32192.47653350234 259790.68243016303 28250.132476314902 53870.833968147635 519414.74247211218 62199.952558457851 117500.58206814528 340228.42378385365
leaf_count=66348 1709175 2376566 2679031 254919 580502 517908 23028 80460 620232 747211 1270645 230117 2287042 1311900 664115 164556 1492715 1518995 204068 980289 114962 1991703 2943853 271921 729485 990780 43260 77625 119232 387965 54648 212715 187058 1524873 2747588 2257911 70084 580757 69329 157501 1285354 158652 273669 887903
internal_value=6.24782e-05 -0.00462133 -0.00849919 0.00467922 0.00461036 0.00834085 0.00632653 -0.0119862 0.000849473 -0.000217282 0.0135005 -0.00213153 -0.000209534 -0.00225973 0.0107128 0.000332353 0.00137901 -0.00074805 0.00903879 -0.00907031 0.0136115 -0.00560626 -0.00216906 0.0174116 -0.0175486 -0.0237114 0.00472056 0.0132312 0.0109842 0.0174779 0.0094795 0.0144739 -0.00190057 -0.014914 -0.0107697 0.0117919 0.0216779 0.0140653 0.0106123 0.023419 0.00536045 -0.00419623 0.00225821 -0.00717811
internal_weight=1.25452e+07 6.22739e+06 4.3853e+06 6.31786e+06 1.84209e+06 3.22982e+06 2.64641e+06 2.83358e+06 3.08804e+06 1.19381e+06 648276 1.55172e+06 2.86532e+06 2.02374e+06 1.52817e+06 1.11824e+06 960397 818135 1.32725e+06 1.85903e+06 142262 1.25042e+06 1.07481e+06 118998 974553 291847 841578 170812 1.08884e+06 583413 150626 119415 356197 682707 1.50283e+06 1.04017e+06 110869 402727 288041 84452.9 529897 588346 185917 402428
internal_count=37918650 21690900 15810420 16227750 5880480 7919450 6626480 9919564 8308300 4029333 1851147 5890856 7688068 5590645 3833318 2793162 3514290 3011710 3315410 6593966 502580 3303603 3691064 338269 3325598 1071240 2097423 388248 2651295 1292970 344988 267363 1167347 2254358 5426619 2532063 274152 905005 650086 272463 1308382 1484780 438225 1046555
is_linear=0
shrinkage=0.05


Tree=29
num_leaves=45
num_cat=0
split_feature=1 3 2 2 3 3 3 3 0 2 1 0 0 1 0 4 0 4 0 4 4 0 4 0 0 3 0 0 2 4 1 4 3 3 0 2 4 0 4 3 2 0 3 4
split_gain=294243 147438 107815 45928.6 29311.6 25672.6 22624.7 20684.8 19127.3 18382.3 12088.5 11374.7 10324 10000.3 12001.4 9983.08 17462.4 8790.57 8438 8301.82 7258.05 7036.67 6806.51 6600.99 10545.4 5983.35 6838.92 5891.58 5742.36 5643.67 5597.3 8042.81 5570.14 5529.18 5286.34 5206.21 4629.32 4546.94 4155.31 5400.3 4103.8 3993.57 3617.71 3882.66
threshold=-0.2393156642875576 1.3819116029588019 3.5000000000000004 3.5000000000000004 1.5159379753898181 -6.488569845523247 10.184363743421871 -6.7385137617844206 0.48662714534649493 2.5000000000000004 0.23931566428755774 0.93085292505862427 0.93085292505862427 0.82619477567192912 0.99087453071010911 -2.3164270444987696 0.35460488704253579 -5.8455746397174595 -0.88545602565320969 2.8874374994353933 0.23141757495560003 0.26568621746226689 18.426290891346699 -0.79450537036186197 -0.86066547284873141 -18.943206484268512 0.88059548392442355 0.81773537194966905 5.5000000000000009 16.158017337472774 0.4647231720437684 1.611173643267666 -13.241684549416249 0.33107608140073458 -0.93085292505862405 5.5000000000000009 14.470060564302171 -0.99087453071010889 4.1951159777199445 21.648738632197027 5.5000000000000009 0.67983684365189634 17.700182401887425 -3.2779083020232203
decision_type=2 2 2 2 2 2 2 2 2 2 2 2 2 2 2 2 2 2 2 2 2 2 2 2 2 2 2 2 2 2 2 2 2 2 2 2 2 2 2 2 2 2 2 2
left_child=3 2 5 15 17 32 9 12 20 18 36 19 25 14 42 -1 33 -5 -3 28 -6 38 -10 24 34 -4 27 37 -9 -18 -7 -32 -2 -17 -12 -19 -11 -27 -15 -40 -39 -31 43 -8
right_child=1 6 7 4 8 30 13 11 22 10 23 -13 -14 21 -16 16 29 35 -20 -21 -22 -23 -24 -25 -26 26 -28 -29 -30 41 31 -33 -34 -35 -36 -37 -38 40 39 -41 -42 -43 -44 -45
leaf_value=-0.009470258364333628 -0.024442904501263938 -0.011241591915932062 -0.01062373877080397 0.0076521591116544569 -0.0037778050069673568 -0.010570202843141693 0.035914797838753253 0.0049511227334136784 -0.0082928652236858805 0.0039385994480909776 0.026272453856435202 -0.00066885588019463234 -0.011501517553493653 0.021157833445936355 0.0094182899512200435 -0.019941093108687049 -0.016481640234765282 -0.0073257243284111503 0.0057169826186418138 0.02010384398387163 -0.019994148265384381 -0.0058421595140836502 0.0064265450916768472 0.013943620890412315 0.035073314043209416 0.014401577898519395 0.025142268610242637 -0.018591470022457889 0.011065729460154501 -0.015726513487614679 -0.0049926650863291247 0.01114483542565527 -0.014933357078042282 -0.030007487007124002 0.0068862596784935075 -0.00098601425467855614 0.016831258223528434 -0.0021231937541778879 -0.0009532112132674686 0.041571821803760622 0.0049896101028181275 0.0033196541836984107 0.036584387078654898 0.022988700774723161
leaf_weight=269272.07930894196 235234.07991938293 85308.382575824857 90415.45265302062 189343.18692331016 77538.554322808981 336739.33977593482 70383.210638418794 667367.12902969122 403406.22264949977 388378.64551767707 56830.549956247211 318772.26910468936 173252.10949894786 124241.95229941607 117378.98765157163 217086.78322596848 471060.81815563142 595138.28439463675 523269.7588942796 169896.4751830399 626650.55549448729 46466.263702526689 97525.915463238955 1303376.7882543057 103127.04062342644 77197.786214590073 33159.157117635012 33380.734482869506 904187.06267672777 45270.072852551937 497546.67031519115 91392.773851901293 445843.64234691858 367070.22899135947 92240.554890170693 710371.42218564451 84834.841749861836 376697.53920403123 51773.603056892753 8723.6018739044666 439255.41639436781 70202.800689220428 85216.469693928957 332734.08906845748
leaf_count=1083649 858524 376844 229271 510704 251654 1269741 159568 1850751 1162391 1076079 151997 808715 444283 310435 302280 965858 1898218 1892899 1727956 385166 2195116 126168 266508 3245701 250651 195711 74714 80885 2102316 204535 1776194 289513 1700141 1769591 236421 1940478 205340 1063155 151388 19129 1031803 245849 190230 840130
internal_value=-3.72867e-05 0.0053586 -0.000236598 -0.0109395 -0.0070935 -0.0108496 0.0132343 0.00495667 -0.0128957 0.0109614 0.0132476 0.0080147 -0.000193264 0.0203969 0.0237737 -0.0181509 -0.0201475 -0.00241587 0.00333979 0.00960422 -0.0182086 0.0115505 -0.00542716 0.0153764 0.0227808 0.00167243 0.00283089 0.0020324 0.00846914 -0.0140533 -0.00542837 -0.00248842 -0.0182178 -0.0262666 0.0142769 -0.00387608 0.00624992 0.0028032 0.0159251 0.00517883 0.00170587 -0.00414722 0.0272242 0.0252456
internal_weight=1.25046e+07 8.36462e+06 4.89034e+06 4.13994e+06 2.69997e+06 1.60676e+06 3.47428e+06 3.28358e+06 1.20512e+06 2.63737e+06 2.02879e+06 2.06022e+06 1.22336e+06 836918 605713 1.43996e+06 1.17069e+06 1.49485e+06 608578 1.74145e+06 704189 231205 500932 1.55557e+06 252198 1.05011e+06 959691 926531 1.57155e+06 586534 925679 588939 681078 584157 149071 1.30551e+06 473213 893151 184739 60497.2 815953 115473 488334 403117
internal_count=37918650 23531200 14160883 14387450 8219750 5894113 9370317 8266770 3875669 7270989 5166189 5146948 3119822 2099328 1492208 6167700 5084051 4344081 2104800 4338233 2446770 607120 1428899 3884770 639069 2675539 2446268 2371554 3953067 2348602 3335448 2065707 2558665 2735449 388418 3833377 1281419 2290669 480952 170517 2094958 450384 1189928 999698
is_linear=0
shrinkage=0.05


Tree=30
num_leaves=45
num_cat=0
split_feature=2 2 1 1 1 0 0 2 0 3 0 3 0 3 2 3 3 4 4 2 3 0 4 0 2 3 3 1 3 0 4 0 0 3 0 3 2 0 3 4 3 0 4 0
split_gain=410240 95240.6 43075.7 29000.5 25849.9 18520 17247.4 17032.6 12506.9 11007.7 9059.11 7884.92 7551.53 6430.62 6161.98 5997.23 5784.57 4567.73 4478.96 4077.41 3626.63 3436.78 3314.55 3093.68 2901.39 2818.07 2798.92 2642.39 2640.08 2585 2493.97 2473.28 2378.69 2297.21 2131.85 2090.76 2112.64 1956.56 1929.44 1887.33 1883.3 1779.85 1688.2 1682.63
threshold=4.5000000000000009 2.5000000000000004 -0.2393156642875576 0.23931566428755774 -0.2393156642875576 0.58743244627487468 0.48662714534649493 5.5000000000000009 -0.46472317204376817 -4.0890791080317319 0.48662714534649493 -2.1121527708916079 0.58743244627487468 4.640177594833081 6.5000000000000009 -3.6256227825398777 8.8762162215162679 -7.8766203409222824 -4.1486759917289886 6.5000000000000009 -1.6495127090000989 -0.82298386589365657 16.158017337472774 0.35460488704253579 6.5000000000000009 -24.51843460078786 12.629236340315515 0.88755655832397862 2.7480174956991594 -0.82298386589365657 9.2365952017657573 -0.93085292505862405 0.46472317204376884 7.1897771933336623 0.088756899407539988 15.665097213080172 3.5000000000000004 -0.93085292505862405 9.4015872141977166 -6.4105978126149834 -11.21834516884538 0.96778869966720549 28.833030140098895 0.46472317204376884
decision_type=2 2 2 2 2 2 2 2 2 2 2 2 2 2 2 2 2 2 2 2 2 2 2 2 2 2 2 2 2 2 2 2 2 2 2 2 2 2 2 2 2 2 2 2
left_child=1 3 6 5 9 15 11 31 16 23 13 -2 33 25 30 -1 18 -15 28 37 -8 -19 35 40 -22 -5 41 -27 -6 -20 -13 -4 -32 34 -11 36 -10 -9 -17 -18 -3 -12 -7 -35
right_child=2 4 7 10 8 42 20 19 22 12 26 14 -14 17 -16 38 39 21 29 -21 24 -23 -24 -25 -26 27 -28 -29 -30 -31 32 -33 -34 43 -36 -37 -38 -39 -40 -41 -42 -43 -44 -45
leaf_value=0.017156773105388767 -0.006856842595283779 -0.0084359432895224472 -0.0024062710796235133 -0.0078179095580585816 0.0052489403057895392 0.01269617431024353 -0.016056022263245932 -0.0083863007782946485 -0.00014137243304601039 0.016761164570935943 0.0043836319907516047 0.0063450515983621801 0.003837735325507516 -0.0073279592577473983 -0.003837819262081862 0.026554218110231627 -0.024889208207932251 0.022730722410784079 0.01790592482938436 -0.017408823325372337 -0.0053756478948697225 0.0063287024312174145 -0.010916604511787831 -0.0064201115316503063 -0.013242426364036939 0.017955779398631421 -0.0070019882664431434 0.012173650387575913 -0.0042371550698747616 0.003373980768104393 -0.0021405714945858969 -0.0090324660261589303 0.016358583570765105 0.0037770526084626673 0.010503391332374684 -0.01506739271420833 -0.0041894810909582896 -0.014160282816046416 0.016978964950046044 -0.0049272615360818053 0.0065701806643228668 0.015420133863427728 -0.007106090487628041 0.019903895059550685
leaf_weight=272854.75473034382 401432.87120606005 24801.817152261734 163488.81450124085 13690.103326275945 490546.5764298141 572389.60942526162 205463.46234756708 170538.86738826334 635119.22918586433 414737.5644723177 385221.30439841747 456177.09711125493 277713.40326540172 52659.884668588638 359730.60808849335 687744.51191860437 16327.909092485905 37994.942843168974 103492.52534283698 1259331.7494087517 327788.24512127042 200316.3799701035 128684.81423072517 120576.42340062559 182441.76448442042 394932.14601632953 50661.723941475153 395422.28753629327 86241.935515522957 43450.18967397511 180263.36307048798 1015953.4057638794 19230.75161151588 87117.405242115259 202577.48013541102 32339.021406561136 654369.48254570365 1050356.7975270152 56968.303361698985 43087.10158906877 133193.23507159948 40358.0809276402 10969.260625451803 19862.099446475506
leaf_count=950672 1141177 69074 485100 37149 1540450 1908614 540005 485100 1905831 1426951 1198875 1432685 856371 152245 1034884 2615660 41031 138956 360616 3353350 939156 641696 360170 340011 488189 1381158 149437 1310146 253927 136220 522432 2872100 65322 266320 661244 87640 1912159 2868250 198968 127906 421826 137788 31786 70003
internal_value=-2.84898e-05 0.00840934 -0.00976899 0.0146902 0.0027398 0.0194264 -0.00412043 -0.0130605 -0.000507174 0.00840336 0.00986458 -0.000924564 0.0108476 0.0123683 0.00142073 0.0234983 0.00458467 0.0059989 0.00581591 -0.0154127 -0.0104472 0.00894374 -0.00325631 -0.000388544 -0.00818855 0.0146733 0.00410771 0.0150629 0.00383057 0.0136089 0.0043058 -0.00811397 -0.000357298 0.0135354 0.0147076 -0.00251056 -0.00219564 -0.0133538 0.0258217 -0.010413 0.00421454 0.00543023 0.0123238 0.00677121
internal_weight=1.24786e+07 6.68642e+06 5.7922e+06 3.17218e+06 3.51424e+06 1.60093e+06 2.13253e+06 3.65967e+06 2.23366e+06 1.28058e+06 1.57126e+06 1.41683e+06 1.00201e+06 1.09502e+06 1.0154e+06 1.01757e+06 783146 290971 723731 2.48023e+06 715693 238311 1.45051e+06 278571 510230 804045 476241 790354 576789 146943 655671 1.17944e+06 199494 724295 617315 1.32183e+06 1.28949e+06 1.2209e+06 744713 59415 157995 425579 583359 106980
internal_count=37918650 21690900 16227750 10853150 10837750 5705700 6163850 10063900 6725950 4111800 5147450 4196500 3280889 3661350 3055323 3765300 2460150 932897 2291213 6706700 1967350 780652 4265800 830911 1427345 2728453 1486100 2691304 1794377 496836 2020439 3357200 587754 2424518 2088195 3905630 3817990 3353350 2814628 168937 490900 1336663 1940400 336323
is_linear=0
shrinkage=0.05


Tree=31
num_leaves=45
num_cat=0
split_feature=2 3 0 3 1 4 1 3 0 3 1 0 3 3 4 0 3 2 0 0 4 3 1 3 0 0 1 4 1 3 0 0 4 0 3 4 2 1 3 0 4 0 0 0
split_gain=98822.7 68676.9 37793.9 34182.7 30043.2 22478.1 18105.3 22107 15864.4 15365.2 17078.4 13803.6 11441.9 9798 8939.64 8222.72 8078.3 7728.94 7433.7 7019.61 6905.8 6256.77 6243.34 8196.61 5528.59 5160.82 5201.38 5040.73 7709.47 4927.44 4888.4 4623.9 4615.27 8842.2 5839.47 4539.71 4295.61 4167.66 6629.62 4147.8 3867.7 3652.97 3571.46 3471.12
threshold=3.5000000000000004 -8.1441104203294596 0.088756899407539988 -6.2430255561068355 1.0000000180025095e-35 6.9149937721793266 -0.55094406234797322 -1.4243037205819673 -0.35460488704253573 -2.8467498768627091 -0.10466628778912916 0.26568621746226689 1.4502341303717154 -15.289272778559694 7.0442677460641265 0.5633557562674042 -16.447419376070052 5.5000000000000009 -0.56335575626740397 0.93085292505862427 8.951559536320163 9.4015872141977166 0.85743085555170595 3.8540119167625204 -0.96778869966720515 0.93085292505862427 0.99284498505578556 -13.00689424757415 0.97148236575323155 -24.51843460078786 0.88059548392442355 0.88059548392442355 6.0297209360751234 -0.2393156642875576 5.1650662231069484 -16.325747075391323 5.5000000000000009 -0.55094406234797322 7.0727004068952022 -0.2393156642875576 17.206697600294646 -0.93085292505862405 0.99087453071010911 0.65797238821565851
decision_type=2 2 2 2 2 2 2 2 2 2 2 2 2 2 2 2 2 2 2 2 2 2 2 2 2 2 2 2 2 2 2 2 2 2 2 2 2 2 2 2 2 2 2 2
left_child=1 8 5 19 11 9 32 20 29 16 36 -5 25 -10 35 -13 -2 31 -9 27 -8 -20 23 -12 -18 26 -6 -4 30 -1 -29 -17 -3 34 -34 -14 -11 38 -7 -40 -33 -31 -21 -19
right_child=2 6 3 4 12 37 7 18 13 10 22 15 14 -15 -16 17 24 43 21 42 -22 -23 -24 -25 -26 -27 -28 28 -30 41 -32 40 33 -35 -36 -37 -38 -39 39 -41 -42 -43 -44 -45
leaf_value=0.027975428642826507 0.015361775337766673 -0.0071805549590236457 0.020427801104140154 0.019676076322046154 0.00073481881914658903 0.010409556061299202 -0.0055163538501622833 -0.019591871585802938 0.023032149215293687 -0.0023645862371569903 -0.0066056070337361565 -0.00029372411421389239 0.036268424620231006 0.007985410812916786 -0.0095168601276839505 0.0092491981383095011 -0.005101202554966322 0.022144230115873131 -0.010202871689691568 0.027477569912664299 0.015262969252900367 -0.018353541180023091 -0.0032248284953196324 -0.017279652888421353 0.0030251466220808472 0.011229740340468371 0.03331369690672098 0.014620853668862489 -0.011358602419852495 -0.011836016854189335 -0.00086655902405108104 0.0027463505557505123 -0.00033312178278133392 -0.0030829481120252383 0.025432635074098445 6.3242194839004972e-05 0.0049467063301159584 -0.0042721944730674524 0.038907054979496286 0.014148463535240175 -0.012496340357667512 0.00044924790587512974 0.015287114458767466 0.011109336583888041
leaf_weight=13118.099975168705 114605.56200614572 466783.86270399392 154428.51917406917 252475.21546818316 529339.23612220585 197305.12419784069 774994.08084973693 496796.54894162714 155734.489556849 359748.12127989531 524131.56113906205 304686.34773428738 8861.922945857048 354397.14461767673 443108.77489116788 262016.98077680171 255316.25201754272 80725.639791160822 899910.42923253775 155311.19515314698 42159.618926882744 318886.01787234843 519409.1063605696 273807.85421749949 1161197.07728073 181526.58179461956 12541.68298278749 307367.46993695199 38872.33386349678 87830.007772043347 61074.494861811399 236104.20049615204 39568.367660358548 512081.94196258485 49499.360205605626 376576.43249998987 454977.27488923073 31060.51156899333 39832.807909205556 29403.535960093141 50522.214931800961 194516.16990220547 97989.572818428278 608049.60450516641
leaf_count=34854 273623 1941910 353472 676228 1351738 583683 2841328 2125793 407999 1232456 1503894 879072 19615 1105637 1186925 740362 701582 190302 3202050 331343 123963 1093735 1388821 784658 3042446 430736 30493 713949 98190 346981 137887 655263 163034 2026959 160518 975787 1309046 95638 90810 81343 137094 699189 230507 1417737
internal_value=7.11713e-05 -0.00595792 0.00334187 0.00666925 0.00443291 -0.000154177 -0.00891053 -0.0112128 0.00723901 -0.00122779 -0.00397197 0.0088385 -0.000661428 0.0125789 -0.00467298 0.00706416 0.00259347 0.00887587 -0.0144367 0.0158515 -0.00444428 -0.0123354 -0.0074912 -0.0102683 0.00156043 0.00393316 0.00148885 0.0127356 0.00981923 -0.00198057 0.0120536 0.0044483 -0.00345037 -0.000553945 0.0139862 0.000895665 0.00171835 0.0130609 0.0150808 0.0283925 5.95971e-05 -0.00337235 0.0227617 0.0124026
internal_weight=1.25286e+07 4.40628e+06 8.12237e+06 4.16158e+06 3.34653e+06 3.96079e+06 3.60068e+06 2.53275e+06 805596 3.66319e+06 2.13207e+06 1.79458e+06 1.55195e+06 510132 828547 1.5421e+06 1.53112e+06 1.23742e+06 1.71559e+06 815044 817154 1.2188e+06 1.31735e+06 797939 1.41651e+06 723408 541881 561743 407314 295464 368442 548643 1.06793e+06 601150 89067.7 385438 814725 297602 266541 69236.3 286626 282346 253301 688775
internal_count=37918650 16273950 21644700 10556700 8691352 11088000 13679290 9386869 2594660 10236526 6218875 4696058 3995294 1513636 2182327 4019830 4017651 3140758 6421578 1865348 2965291 4295785 3677373 2288552 3744028 1812967 1382231 1303498 950026 1081024 851836 1532719 4292421 2350511 323552 995402 2541502 851474 755836 172153 792357 1046170 561850 1608039
is_linear=0
shrinkage=0.05


Tree=32
num_leaves=45
num_cat=0
split_feature=1 3 2 2 3 3 0 3 0 1 1 3 4 2 1 1 0 0 1 4 0 4 4 0 4 0 2 0 0 4 0 0 2 2 3 2 3 2 0 1 3 4 1 4
split_gain=267099 133283 98272.5 42428.4 31566.2 24072.7 22147.3 20354.5 18629.6 16002.4 16431.7 14795.3 14103.2 10379.7 8476.2 8451.93 10115 8337.52 9150.49 7774.98 6529.88 6351.52 6035.88 5954.45 5759 7414.24 5685.44 5571.86 7051.59 5320.05 7997.51 5243.68 5208.34 5196.2 5105.54 5075.93 4952.9 4942.8 4953.57 6190.35 4923.16 4709.09 4440.34 4427.62
threshold=-0.2393156642875576 1.4502341303717154 3.5000000000000004 2.5000000000000004 0.26188981147184626 -6.6132934035867406 0.26568621746226689 10.854957279475139 0.93085292505862427 0.47375768738725649 0.62305106867763382 -6.7385137617844206 2.0643835749059822 2.5000000000000004 0.57552211292281397 0.82619477567192912 0.99087453071010911 0.93085292505862427 -0.46472317204376873 2.8874374994353933 0.26568621746226689 16.495969642842109 23.090718978779361 0.88059548392442355 -10.563115581931781 0.83428993469774138 5.5000000000000009 0.88059548392442355 0.81773537194966905 -4.5164041021446719 0.37886415816525426 -0.99087453071010889 2.5000000000000004 5.5000000000000009 -13.241684549416249 5.5000000000000009 -7.9994374789460272 4.5000000000000009 0.67983684365189634 0.66905282987950276 0.58435031030321138 18.426290891346699 0.97148236575323155 -6.4105978126149834
decision_type=2 2 2 2 2 2 2 2 2 2 2 2 2 2 2 2 2 2 2 2 2 2 2 2 2 2 2 2 2 2 2 2 2 2 2 2 2 2 2 2 2 2 2 2
left_child=3 2 5 29 17 34 12 9 11 13 14 27 -6 -3 24 16 -9 18 26 33 -17 43 23 -8 -11 -26 -5 28 31 -1 40 -4 -7 -13 -2 -33 -10 42 -39 -40 -31 -32 -12 -15
right_child=1 7 8 4 6 32 22 15 36 10 37 19 -14 21 -16 20 -18 -19 -20 -21 -22 -23 -24 -25 25 -27 -28 -29 -30 30 41 35 -34 -35 -36 -37 -38 38 39 -41 -42 -43 -44 -45
leaf_value=-0.010051959957767115 -0.023666924084455823 -0.0035683814656764208 0.01374796389926428 -0.0066133836468424819 -0.007225055730994784 -0.0081578735249624619 -0.010262097115331562 0.026707427477155071 -0.012304586473768434 0.035365825612999301 0.010658371334977339 0.0046603740037745129 -0.021787007681757026 0.016362902211721736 0.03651669483090194 0.015791527730695126 0.0092892248219044477 -0.017988019138300785 0.0069253699073426921 0.019140860290637021 -0.0067563189276455063 0.018952980719804183 0.0098280285533695992 -0.00026525017211034098 0.010257387396645232 0.038816055082598715 0.00042704343637037072 0.020655661807820986 -0.020318303273566915 -0.020064286712691354 -0.018212493889620845 -0.0034125173227377726 -0.00051350934455436073 0.0104438115268119 -0.01445536343734977 0.0041413784999823353 -0.0011321695726378078 0.01558602645140702 0.010168211905220902 -0.031729830330411102 -0.030758293806109473 -0.0011137681730825947 0.0015308980541484018 0.0049213944618517478
leaf_weight=113963.26483856142 231235.61727656424 232298.01968806982 82839.535763114691 649535.83506673574 223839.4668635428 582798.84123785794 595654.24450899661 427443.42158265412 137496.09404805303 41293.013101801276 545410.58356894553 674767.56264416873 646513.81846013665 98692.143857836723 94305.054604902864 158521.51220852137 103538.5120703578 82304.976838454604 256671.28907121718 173340.71462313831 40265.726401343942 121644.06399013102 51958.637065947056 198625.59332410991 148934.031683743 26818.779101699591 513405.60505269468 36970.792058959603 37720.245193809271 191059.11711919308 292618.5448615104 418902.28371663392 360744.18622148037 915061.14177140594 430419.36954635382 474060.79675754905 356142.81098015606 609919.0541497767 30294.317011594772 12434.457633018494 246442.15077205002 46692.311822995543 176322.51469661295 590326.8407921046
leaf_count=483390 858524 873165 211067 2127396 780620 2251931 1906455 1028396 354830 98235 1609653 1866620 2399384 245494 230985 408797 264818 214794 749073 391053 108842 288452 150137 570594 415127 59823 1377197 82603 91640 907053 1259826 1179783 1157420 2119215 1658447 1110446 905740 1416878 71637 27396 1274624 186907 535678 1608505
internal_value=-4.29612e-05 0.005082 -0.000211712 -0.0104829 -0.0078101 -0.0103627 -0.0124418 0.0126013 0.00471506 0.0106176 0.0136294 0.00628688 -0.0180419 0.0057497 0.024001 0.0200186 0.023311 -0.00251634 -0.00161934 0.00908551 0.0112243 0.00841982 -0.00668215 -0.00776219 0.0185631 0.0146153 -0.00350524 0.00158961 0.000894126 -0.0201403 -0.0216203 0.00171411 -0.00523521 0.00798916 -0.0176746 0.000597733 -0.00424409 0.0112799 0.0144331 -0.0020245 -0.0260882 -0.0158596 0.00842849 0.00656023
internal_weight=1.24802e+07 8.37096e+06 4.9125e+06 4.10928e+06 3.21851e+06 1.6052e+06 1.71659e+06 3.45846e+06 3.3073e+06 2.72869e+06 1.68573e+06 2.81366e+06 870353 1.04296e+06 311351 729769 530982 1.50192e+06 1.41961e+06 1.76317e+06 198787 810663 846238 794280 217046 175753 1.16294e+06 1.05049e+06 1.01352e+06 890775 776812 975803 943543 1.58983e+06 661655 892963 493639 1.37438e+06 652648 42728.8 437501 339311 721733 689019
internal_count=37918650 23531200 14239319 14387450 10275650 5926322 5807190 9291881 8312997 7481028 4465412 7052427 3180004 3015616 804170 1810853 1293214 4468460 4253666 4376888 517639 2142451 2627186 2477049 573185 474950 3504593 2675539 2592936 4111800 3628410 2501296 3409351 3985835 2516971 2290229 1260570 3661242 1515911 99033 2181677 1446733 2145331 1853999
is_linear=0
shrinkage=0.05


Tree=33
num_leaves=45
num_cat=0
split_feature=2 2 1 1 1 0 2 0 0 3 0 3 0 2 3 3 3 4 4 2 3 0 4 0 2 0 3 3 0 0 3 4 0 4 0 3 3 4 4 0 0 3 2 3
split_gain=373556 85469.3 39638.7 25598.1 23253.5 16742.6 16010.1 15786.5 11389.3 9967.39 8168.9 7221.84 6876 5872.59 5658 5493.45 5238.15 4283.52 4196.28 3915.39 3392.62 3142.19 3041.32 2844.54 2707.49 2696.38 2582.79 2438.26 2262.13 2224.57 2172.26 2168.75 3729 2148.19 2140.52 2107.71 2070.16 2035.9 2027.43 1963.45 1814.48 1735.1 1711.8 1691.2
threshold=4.5000000000000009 2.5000000000000004 -0.2393156642875576 0.23931566428755774 -0.2393156642875576 0.58743244627487468 5.5000000000000009 0.48662714534649493 -0.46472317204376817 -4.0890791080317319 0.48662714534649493 -2.5919211796688226 0.58743244627487468 6.5000000000000009 4.8113263553822572 -2.1121527708916079 8.4045606075079089 -7.5692134568637988 -4.2687999025978298 6.5000000000000009 -1.6495127090000989 -0.82298386589365657 13.513500347739738 0.35460488704253579 6.5000000000000009 -0.93085292505862405 -24.51843460078786 12.629236340315515 -0.94117129826980295 -0.82298386589365657 2.7480174956991594 8.5298331830513394 -0.2393156642875576 9.2365952017657573 0.46472317204376884 15.665097213080172 7.1897771933336623 -5.565288809378564 -6.5579930310375252 0.35460488704253579 -0.94117129826980295 -11.21834516884538 3.5000000000000004 -14.798907145310212
decision_type=2 2 2 2 2 2 2 2 2 2 2 2 2 2 2 2 2 2 2 2 2 2 2 2 2 2 2 2 2 2 2 2 2 2 2 2 2 2 2 2 2 2 2 2
left_child=1 3 7 5 9 15 28 11 16 23 14 -2 36 33 25 -1 18 -16 30 40 -9 -19 35 41 -22 -5 -27 43 -4 -20 -6 37 -33 -13 -35 42 39 -17 -18 -11 -8 -3 -10 -12
right_child=2 4 6 10 8 -7 19 20 22 12 27 13 -14 -15 17 31 38 21 29 -21 24 -23 -24 -25 -26 26 -28 -29 -30 -31 -32 32 -34 34 -36 -37 -38 -39 -40 -41 -42 -43 -44 -45
leaf_value=0.017231755418803812 -0.0070452873437353378 -0.0081466661284434871 -0.001703088243533011 0.026068993429032225 0.0049590793498834277 0.011637733554542859 -0.0075473226503348775 -0.015483910809015788 -3.2466643654378372e-06 0.0153522492479792 -0.0056549127446883637 0.0057448958122795881 0.0036201970580862796 -0.0038547020022786193 -0.0070345024534924933 0.017217309120075804 -0.023443821867264868 0.022107983638197434 0.017137855343037991 -0.016810728889068503 -0.005125438195872559 0.0061250475192437996 -0.0089894497165201714 -0.0061828451067099874 -0.012747327963317482 -0.0086783030789176607 0.013598998386863993 -0.0064706077252372459 -0.0085411097594204188 0.0035912769106837281 -0.0038606710887929886 0.0067046647726989733 0.023898045651987755 -0.0020868001126503888 0.015325764480288169 -0.015862242448233956 0.006446924275940626 0.028016302505170839 -0.0037449917481907021 0.008231428364764792 -0.013528731043797874 0.0062731201269861994 -0.0037340117944814136 0.00608475893574541
leaf_weight=356041.43591377139 357345.45729462802 24725.213202103972 136925.13084876537 43088.867252647877 489333.61080040038 585639.85975085199 143898.483993873 203492.30989310145 607173.49822670221 499710.50939977169 33274.412537261844 482140.07086835802 278215.12677627802 374833.92875933647 53576.916576758027 48882.755742877722 17827.254164725542 36552.894445434213 103827.36184048653 1245722.7997846007 326766.35018703341 193737.63983769715 189782.73039403558 120224.36936412752 181084.00700232387 13237.950501307845 758285.95646703243 50303.998368397355 1036498.3799270242 42798.196622535586 81431.371915146708 38734.345512002707 169703.23357672989 182194.7180955559 19542.696213126183 27606.4454870224 107177.89187648892 407281.5720988512 48863.890072509646 120064.97909213603 1066413.0703718662 133501.96788789332 622890.58083353937 393118.65606886148
leaf_count=1248410 1015638 69074 408100 162911 1533199 1940400 411950 540005 1823429 1702000 92565 1507382 856371 1079175 155378 173632 45620 133318 359904 3353350 939156 619670 539343 340011 488189 35581 2554492 149437 2949100 134358 240533 123525 635788 528461 65844 74427 336323 1583945 146536 386195 2941400 421826 1828601 1244098
internal_value=-3.1311e-05 0.00799781 -0.00937111 0.0139353 0.00262392 0.0183767 -0.0125476 -0.00395193 -0.000460394 0.0079859 0.00940629 -0.000899206 0.0103049 0.00117527 0.0117783 0.0222435 0.00439292 0.00569941 0.00563897 -0.0148429 -0.0100289 0.00866194 -0.00308942 -0.000385284 -0.00784317 0.0138966 0.0132168 0.00394039 -0.00774319 0.0131838 0.00370076 0.0249284 0.020703 0.00393221 -0.000400011 -0.00219911 0.0128632 0.0268591 -0.0090107 0.0139728 -0.0128176 0.00401983 -0.00189246 0.00516863
internal_weight=1.24535e+07 6.69662e+06 5.75686e+06 3.18146e+06 3.51515e+06 1.60628e+06 3.62946e+06 2.1274e+06 2.23153e+06 1.28362e+06 1.57518e+06 1.41606e+06 1.00517e+06 1.05871e+06 1.09848e+06 1.02064e+06 784082 283867 717391 2.45603e+06 711343 230291 1.44745e+06 278452 507850 814613 771524 476697 1.17342e+06 146626 570765 664602 208438 683877 201737 1.25767e+06 726953 456164 66691.1 619775 1.21031e+06 158227 1.23006e+06 426393
internal_count=37918650 21690900 16227750 10853150 10837750 5705700 10063900 6163850 6725950 4111800 5147450 4196500 3280889 3180862 3661350 3765300 2460150 908366 2267994 6706700 1967350 752988 4265800 830911 1427345 2752984 2590073 1486100 3357200 494262 1773732 2516890 759313 2101687 594305 3726457 2424518 1757577 192156 2088195 3353350 490900 3652030 1336663
is_linear=0
shrinkage=0.05


Tree=34
num_leaves=45
num_cat=0
split_feature=2 3 0 3 1 4 3 1 3 1 0 0 3 0 4 3 3 0 0 2 3 4 0 1 3 4 0 0 0 0 0 1 0 0 3 0 4 0 3 1 0 2 0 1
split_gain=89006 62728 34330.3 30820.7 27238.2 20311.5 17844.2 24501.1 13916.4 15555.2 13192.2 12504 9352.86 9073.82 8554.56 7730.09 7449.42 7069.56 7026.03 6891.29 6209.44 5832.67 6951.65 5810.17 7654.18 5267.06 5006.24 5803.68 4984.65 4770.15 4549.93 4647.96 4509 4323.3 4260.79 4110.92 3999.61 3933 5305.98 6119.41 3909.53 3823.29 3795.05 3768.51
threshold=3.5000000000000004 -9.710004215326121 0.088756899407539988 -5.6601375280203134 1.0000000180025095e-35 6.9149937721793266 -2.0328718484581318 -0.4300652022765204 -2.8467498768627091 -0.10466628778912916 -0.35460488704253573 0.26568621746226689 2.0541674548187179 0.48662714534649493 7.0442677460641265 5.9072642300350475 -16.447419376070052 0.93085292505862427 0.5633557562674042 5.5000000000000009 -17.129417798973215 5.0440236147195394 -0.2393156642875576 0.85743085555170595 4.4751029713201484 7.9781922279500543 0.88059548392442355 0.81773537194966905 -0.96778869966720515 -0.56335575626740397 0.93085292505862427 0.99284498505578556 -0.93085292505862405 0.65797238821565851 -21.804925576132185 0.88059548392442355 -16.325747075391323 -0.2393156642875576 2.3299751480866182 -0.55094406234797322 -0.32012920303568732 5.5000000000000009 0.99087453071010911 0.98236589408923247
decision_type=2 2 2 2 2 2 2 2 2 2 2 2 2 2 2 2 2 2 2 2 2 2 2 2 2 2 2 2 2 2 2 2 2 2 2 2 2 2 2 2 2 2 2 2
left_child=1 10 5 17 11 8 13 21 16 41 32 -5 30 -3 36 29 -2 26 -13 35 -12 -8 25 24 -11 -23 27 -4 -18 -9 31 -6 -1 -15 -34 -20 -14 38 -7 -40 -17 -10 -19 -22
right_child=2 6 3 4 12 37 7 15 9 23 20 18 14 33 -16 40 28 42 19 -21 43 22 -24 -25 -26 -27 -28 -29 -30 -31 -32 -33 34 -35 -36 -37 -38 -39 39 -41 -42 -43 -44 -45
leaf_value=-0.011452991959091007 0.014685784201426339 -0.0060057207056313329 0.011129384425061608 0.018654147997339086 0.00019402128415292152 -0.0022455694076916003 -0.010157196005723816 -0.016124747854510017 -0.002232230054385585 -0.0066803228539215713 0.024379667866102336 -0.0002740623395301857 0.035790093498539975 0.015983076619834887 -0.0095061635948906192 -0.02416031673778038 -0.0048776412258742918 0.025799530369474299 0.0086129048254122379 0.011635808273743987 0.012693297052501051 -0.0015896023247909429 -0.0037004289578014614 -0.0030528020532714683 -0.017447312574419123 0.020112513953199362 -0.0012903057029879598 0.026171262569403077 0.0028455774109107756 -0.0088393709013173324 0.0099514644691083513 0.031141553099182429 0.026564604382153946 0.0011582459243906751 0.00092699289969694993 -0.00014093577922006279 0.00026569640612983321 0.007203433018538959 0.028438759457514291 -0.0046035991236554356 -0.015737092547106063 0.0046650184993036886 0.013811290218277726 -0.0042460695014411584
leaf_weight=68511.957566991448 115078.48378972709 780141.3199352026 480630.11271299422 250316.1737819016 538053.6354598403 24594.067949861288 265668.43467143178 337375.38920392096 359208.42178285122 558993.34864148498 111485.45487904549 299104.72234232724 8112.8957827985287 58261.988192647696 421049.9212962687 195492.85274481773 254669.28607881069 170574.88688886166 257472.62678787112 677220.87605902553 255412.61246183515 52581.03418469429 550939.0774718821 518367.39931292832 234227.2985586524 59702.045342430472 67447.257675662637 73999.978898480535 1162947.734047398 672641.39341236651 185219.9674705863 12412.377574667335 18342.105286315084 315434.5683337599 139153.24035638571 279930.92608374357 338996.59343671799 164655.03586952388 92923.475863784552 16500.374552622437 466423.22615422308 455959.71039716899 107696.12115097046 37676.739074870944
leaf_count=271658 273623 2970450 1126435 667692 1379687 74538 1175010 1486641 1232456 1609448 284123 864555 17673 183357 1137478 776988 701582 363074 726692 1577842 754663 223742 2192559 1388821 679104 200746 153062 165773 3042446 2395268 440892 30083 49552 1038274 499207 774730 877918 484493 238554 53889 1643702 1309046 253114 128010
internal_value=7.95068e-05 -0.00566132 0.00317744 0.0063443 0.00408753 -0.000157532 -0.00811202 -0.0104079 -0.00118079 -0.00379834 0.00893081 0.00830229 -0.000856467 -0.00293694 -0.00471535 -0.0140252 0.0024513 0.0145354 0.00659046 0.00828087 0.0143361 -0.0038971 -0.00138948 -0.00716945 -0.00985967 0.00994963 0.0115721 0.0131363 0.00145813 -0.0112729 0.00317275 0.000891853 -0.000745206 0.00346954 0.00391278 0.00405307 0.001096 0.0123798 0.0187396 0.0234562 -0.0182248 0.00162571 0.0211599 0.0105157
internal_weight=1.25116e+07 4.38524e+06 8.12636e+06 4.16824e+06 3.26789e+06 3.95812e+06 3.75466e+06 2.60082e+06 3.65945e+06 2.12676e+06 630582 1.76405e+06 1.50385e+06 1.15384e+06 768159 1.67193e+06 1.5327e+06 900348 1.51373e+06 1.21462e+06 404575 928891 663222 1.31159e+06 793221 112283 622077 554630 1.41762e+06 1.01002e+06 735686 550466 226007 373697 157495 537404 347109 298673 134018 109424 661916 815168 278271 293089
internal_count=37918650 16273950 21644700 10556700 8495242 11088000 14286737 10094656 10236526 6218875 1987213 4611511 3883731 4192081 2033069 6302599 4017651 2061458 3943819 3079264 1166796 3792057 2617047 3677373 2288552 424488 1445270 1292208 3744028 3881909 1850662 1409770 820417 1221631 548759 1501422 895591 851474 366981 292443 2420690 2541502 616188 882673
is_linear=0
shrinkage=0.05


Tree=35
num_leaves=45
num_cat=0
split_feature=1 3 2 3 2 2 3 1 0 4 0 4 1 1 1 0 4 0 4 3 0 4 0 4 4 0 1 1 1 0 0 0 2 4 0 4 4 4 4 0 1 3 4 0
split_gain=242484 120519 69761.6 40115.6 40067.4 31011.6 25732.6 17273.1 12081.1 11639.1 12937.4 10923.2 12900.6 13368.8 10628.6 9332.72 9304.99 13145.3 9036.68 8705.87 8621.37 8032.45 7838.39 7774.42 7543.93 7419.27 7038.86 20964.3 8397.55 6619.24 7056.12 6447.44 6350.54 5838.35 5425.87 5250.66 5190.65 4865.71 4590.37 4578.73 4377.76 4697.2 6050.56 4698.88
threshold=-0.2393156642875576 -3.6256227825398777 3.5000000000000004 5.1650662231069484 3.5000000000000004 3.5000000000000004 1.5159379753898181 -0.73300900260771595 0.93085292505862427 -9.8470377105010183 0.37886415816525426 19.389303354563477 0.23931566428755774 0.82619477567192912 0.47375768738725649 0.93085292505862427 -4.5164041021446719 0.35460488704253579 3.3589265570132132 -11.720728959144244 -0.99087453071010889 3.9486187187886661 0.88059548392442355 -3.5285917248313754 1.8456006950205011 0.26568621746226689 0.57552211292281397 0.62305106867763382 0.74851074817110097 0.26568621746226689 0.48662714534649493 0.81773537194966905 4.5000000000000009 17.976242361418649 0.37886415816525426 15.844850383144847 -0.905903151831012 10.136887402141918 0.92932852859705062 0.94117129826980317 0.85743085555170595 19.255578152819776 2.5427270573146292 -0.46472317204376817
decision_type=2 2 2 2 2 2 2 2 2 2 2 2 2 2 2 2 2 2 2 2 2 2 2 2 2 2 2 2 2 2 2 2 2 2 2 2 2 2 2 2 2 2 2 2
left_child=4 2 19 5 16 14 23 25 20 10 -5 12 -11 26 -3 21 -1 24 -16 -2 -4 -7 31 39 -18 38 -14 -28 -29 -25 -31 32 -22 -9 40 -19 -34 -32 -8 -6 -15 42 43 -42
right_child=1 3 8 9 6 15 7 33 -10 11 -12 -13 13 34 18 -17 17 35 -20 -21 22 -23 -24 29 -26 -27 27 28 -30 30 37 -33 36 -35 -36 -37 -38 -39 -40 -41 41 -43 -44 -45
leaf_value=-0.0062029941941986371 -0.0216158178377906 -0.0072460472476804016 0.014992190403991629 0.032101585813251531 0.0057773279905020481 0.0093029555028689721 0.0042522348025092957 -0.0073640267222948742 -0.0076443489925754476 0.0036047950152728078 -0.027168607782704142 0.023416214823237365 0.01384549477141896 0.031278621378040633 0.00020077249640148596 0.0019282956510135356 -0.01621977648620691 -0.015464953577927694 0.015294795053570724 -0.011313182351871738 -0.0040261835463594221 0.018921194211391688 0.021155010963428564 -0.0075337735810182818 -0.027580705951198214 -0.010787361183893437 0.044889217281053835 0.0066585004087623845 0.023867733073577445 0.0094597401972095554 -0.0060582098438442958 -0.014953442115006916 0.0034571538113228589 0.0075578278930821391 -0.0030137453623927642 -0.0037723932575558076 0.019813478050477784 0.0071408742097139911 -0.022734577208576256 -0.042303469697227841 -0.0082885067300653478 0.031458604754572315 0.00029347996168783053 0.014398200931513181
leaf_weight=178094.21653740108 298665.8582713753 423909.53381755948 151765.91915233433 137826.39881332219 303394.35900515318 1670738.7091731429 16434.585836499929 449333.36324162781 277289.78355671465 350282.46934777498 9866.0044653117657 246489.17633441091 369885.39846432209 24556.462362334132 576959.85309319198 374941.31977550685 229430.35617002845 474330.47458516061 119739.95747977495 654157.61489085853 297107.8519269824 249482.12194176018 54160.808172985911 611495.84416030347 402403.81996051967 261616.44621787965 88329.09369623661 116239.06626595557 181689.21791936457 145477.59783983231 334822.1783401221 55357.037269085646 1032008.4556224793 76748.382737189531 84349.882737696171 120381.66735416651 50897.647547766566 88220.191295966506 382417.18003262579 5033.7074382305145 24846.249071478844 23444.730383783579 150192.33468934894 280425.18762461841
leaf_count=711130 1137158 1599017 378408 313759 844799 4172048 55113 1394057 715658 1010330 24257 594609 997173 65200 1974927 945683 1070912 1940439 354992 2473746 873198 572759 121152 1946730 1969593 840144 194740 304300 448479 426809 887768 133629 2502070 205435 223971 475626 116667 225795 1380920 12180 71138 52222 432492 727418
internal_value=-4.856e-05 0.00482042 -0.0034836 0.00915243 -0.0100447 0.00581475 -0.00645403 -0.0119466 0.00200859 0.0146115 0.0281423 0.0135817 0.012151 0.0143784 -0.00100341 0.00914371 -0.0168828 -0.0184335 0.00279494 -0.0145426 0.00363941 0.0105526 0.0024827 -0.00207551 -0.0234553 -0.0173307 0.0187752 0.023496 0.0171534 -0.00392295 -3.9178e-05 0.00177813 0.00244929 -0.00518713 0.00872244 -0.0130981 0.00422592 -0.00330571 -0.0216226 0.00499262 0.0106887 0.00963294 0.00850948 0.0125517
internal_weight=1.24552e+07 8.3756e+06 2.87141e+06 5.50419e+06 4.07963e+06 3.41577e+06 2.67499e+06 1.18655e+06 1.91859e+06 2.08842e+06 147692 1.94073e+06 1.69424e+06 1.34396e+06 1.12061e+06 2.29516e+06 1.40464e+06 1.22655e+06 696700 952823 1.6413e+06 1.92022e+06 1.48953e+06 1.48844e+06 631834 660468 756143 386257 297928 1.18002e+06 568520 1.43537e+06 1.38001e+06 526082 587815 594712 1.08291e+06 423042 398852 308428 503465 478909 455464 305271
internal_count=37918650 23531200 8451686 15079514 14387450 9619426 8219750 3875669 4840782 5460088 338016 5122072 4527463 3517133 3928936 5690490 6167700 5456570 2329919 3610904 4125124 4744807 3746716 4344081 3040505 2276177 1944692 947519 752779 3487102 1540372 3625564 3491935 1599492 1572441 2416065 2618737 1113563 1436033 856979 1348470 1283270 1231048 798556
is_linear=0
shrinkage=0.05


Tree=36
num_leaves=45
num_cat=0
split_feature=2 2 1 1 1 2 0 0 0 3 3 3 0 0 3 2 3 4 2 3 4 2 3 0 3 4 4 3 0 0 3 0 0 0 4 3 3 4 0 0 0 0 3 4
split_gain=340203 77607.5 36508.3 22681.8 20781.1 15219.3 15072.9 14491.6 10323.4 8975.2 7383.7 6665.96 6568.48 6009.1 5049.96 5047.15 4737.57 3908.83 3756.33 3174.84 2786.57 2558.66 2270.61 2159.18 2138.48 2243.74 2117.34 2099.18 2084.18 2042.27 1951.53 1836.8 1693.34 1686.25 1667.2 1657.05 2502.13 1575.05 1888.33 1531.04 1520.87 1501.07 1538.81 1480.57
threshold=4.5000000000000009 2.5000000000000004 -0.2393156642875576 0.23931566428755774 -0.2393156642875576 5.5000000000000009 0.58743244627487468 0.48662714534649493 -0.46472317204376817 -5.4354207370286067 11.391058577170126 -1.5752794968868604 0.58743244627487468 -0.46472317204376817 -1.6495127090000989 6.5000000000000009 8.8762162215162679 -4.7763033860137183 6.5000000000000009 -1.9556117753525866 12.642818781967543 6.5000000000000009 2.8157882194800341 -0.82298386589365657 -18.943206484268512 6.1534312029725067 9.2365952017657573 7.5676226976124612 -0.93085292505862405 0.46472317204376884 15.665097213080172 0.46472317204376884 -0.93085292505862405 0.35460488704253579 -6.4105978126149834 7.5676226976124612 -1.2007271307681469 -10.741113714457011 0.088756899407539988 -0.94117129826980295 1.0000000180025095e-35 0.99437935835663549 -14.381925670524582 28.833030140098895
decision_type=2 2 2 2 2 2 2 2 2 2 2 2 2 2 2 2 2 2 2 2 2 2 2 2 2 2 2 2 2 2 2 2 2 2 2 2 2 2 2 2 2 2 2 2
left_child=1 3 7 6 9 28 14 11 16 33 13 37 35 -5 -1 26 17 22 32 -9 30 -21 -6 -19 -15 -26 -13 -16 -4 -28 41 -29 -7 -3 -18 36 -11 -2 -39 -20 -37 42 -10 -8
right_child=2 4 5 10 8 18 43 19 20 12 -12 15 -14 24 27 -17 34 23 39 21 -22 -23 -24 -25 25 -27 29 31 -30 -31 -32 -33 -34 -35 -36 40 -38 38 -40 -41 -42 -43 -44 -45
leaf_value=0.016583442837273095 -0.01643695582683196 0.0021671728996491293 -0.0021156813402761275 0.014699454631054348 0.0045562564942935148 -0.007673862018661941 0.011396574263182323 -0.015131418877193357 -0.0083488101045018706 0.0079029342984162851 -0.0017918143034232311 0.0061193285941091745 0.0030492395853735192 -0.0041225411296869534 0.025075036714098161 -0.0034246377524897297 -0.023328634774864753 0.015687492997959303 -0.01146374631346425 -0.0049764678842644837 -0.0082211250576800683 -0.012334353409472231 -0.0046782285784937984 0.0032414416434622499 0.0095422288980494818 0.0034801491000431605 -0.0018327741417639332 0.014297606421706558 -0.0082116198411855898 0.015346869632309655 -0.01565218143021312 0.032915382814479546 -0.013074630856201891 -0.0067765272737143074 -0.0043531044250882103 -0.00055322128363021427 0.014596915705990835 -0.0030590536373563872 -0.010708347178262101 -0.016893668896643229 0.012043484135923667 0.006542653327451662 -0.0015781179850353887 -0.0071474335526123967
leaf_weight=385669.35133232176 32777.420622751117 118195.34221330285 162969.12735514343 472561.06498719752 482121.76674202085 168901.95143796504 576556.23538202047 191354.8224863857 91115.75120049715 195668.96638321877 144067.39308094978 428374.63076455891 294597.54301393032 36113.313759431243 536583.67919042706 339546.08477440476 15869.545341968536 117522.89236825705 147457.19549816847 332574.05228661001 213037.55062113702 183260.21643547714 77229.782145828009 49534.83383230865 732888.61208599806 192793.51970615983 176955.92043466866 84876.116047367454 1004249.5313473493 19173.514430403709 25734.402312383056 15698.102860078216 1031450.3138155788 95110.914994746447 42780.004527270794 48590.011291414499 487157.28293389082 309175.65432818234 109170.97221526504 1085331.2995252311 47274.889201685786 52363.347713321447 1062386.7378299087 10968.490177676082
leaf_count=1352968 86110 361298 485100 1622603 1505913 485100 1908614 511749 250902 628553 439429 1342334 902597 101766 2056051 980318 41031 403321 415800 958088 609898 497513 226881 155098 2384508 599144 514333 293719 2872100 64581 69743 62562 2868250 267659 127906 143028 1652537 908572 300252 2937550 156128 165920 3169337 31786
internal_value=-3.33155e-05 0.0076093 -0.00898784 0.013258 0.00248671 -0.012054 0.0174329 -0.00378636 -0.000433134 0.00754686 0.00899867 -0.000865696 0.00940858 0.0100825 0.0210992 0.00148174 0.00418202 0.00528569 -0.0143056 -0.00963096 -0.00294115 -0.0075905 0.00328125 0.0119971 0.00781399 0.00827967 0.00414937 0.0238325 -0.00736049 -0.000153301 -0.00202784 0.0172036 -0.0123147 -0.00182072 -0.00948755 0.0118145 0.0126787 -0.00588217 -0.0050552 -0.0162442 0.00565873 -0.00173708 -0.00211294 0.0110504
internal_weight=1.24278e+07 6.70507e+06 5.72272e+06 3.18878e+06 3.51629e+06 3.60036e+06 1.61035e+06 2.12236e+06 2.2297e+06 1.28659e+06 1.57842e+06 1.41517e+06 1.07329e+06 1.43436e+06 1.02283e+06 964050 785059 726409 2.43314e+06 707189 1.44464e+06 515834 559352 167058 961795 925682 624504 637158 1.16722e+06 196129 1.2316e+06 100574 1.20035e+06 213306 58649.5 778691 682826 451124 418347 1.23279e+06 95864.9 1.20587e+06 1.1535e+06 587525
internal_count=37918650 21690900 16227750 10853150 10837750 10063900 5705700 6163850 6725950 4111800 5147450 4196500 3482843 4708021 3765300 2901566 2460150 2291213 6706700 1967350 4265800 1455601 1732794 558419 3085418 2983652 1921248 2412332 3357200 578914 3655902 356281 3353350 628957 168937 2580246 2281090 1294934 1208824 3353350 299156 3586159 3420239 1940400
is_linear=0
shrinkage=0.05


Tree=37
num_leaves=45
num_cat=0
split_feature=2 3 0 3 1 4 1 3 0 0 3 1 4 4 3 3 0 2 4 0 0 1 4 3 1 3 3 0 1 2 0 4 0 0 0 0 0 3 2 0 4 0 0 3
split_gain=80378.3 57311.2 31235.9 28062.7 23538.2 18366.8 15484.4 21249.1 13257.2 12632.6 12592.5 15380.8 11936.2 10773.8 7319.73 6777.06 6727.56 6796.92 6701.55 6513.01 5894.53 5686.6 6576.23 6068.5 5632.06 5946.06 5587.8 4960.27 4784.11 4407.37 4238.21 4194.46 4110.25 9216.71 5852.89 4658.4 5323.74 4102.37 3880.57 3874.36 3814.11 3708.73 3675.45 4892.51
threshold=3.5000000000000004 -8.9673924666221421 0.088756899407539988 -7.0073297285146827 0.36521623457838687 6.9149937721793266 -0.55094406234797322 -1.5002822295041935 0.26568621746226689 -0.35460488704253573 -1.8819319506537473 -0.10466628778912916 3.0049550736313724 20.545020291238242 -15.289272778559694 -15.849766964683171 0.5633557562674042 5.5000000000000009 8.951559536320163 -0.56335575626740397 0.96778869966720549 0.97148236575323155 -11.324912368720002 -14.798907145310212 0.85743085555170595 6.0023226145337825 9.7717786928039008 -0.96778869966720515 0.99284498505578556 5.5000000000000009 -0.93085292505862405 -20.364660316191792 -0.86066547284873141 -0.93085292505862405 -0.79450537036186197 -0.96778869966720515 -0.99087453071010889 -21.804925576132185 2.5000000000000004 0.65797238821565851 -11.129526036391809 0.58743244627487468 -0.2393156642875576 2.3299751480866182
decision_type=2 2 2 2 2 2 2 2 2 2 2 2 2 2 2 2 2 2 2 2 2 2 2 2 2 2 2 2 2 2 2 2 2 2 2 2 2 2 2 2 2 2 2 2
left_child=1 9 5 21 8 10 38 18 -5 30 14 -12 28 16 -2 -11 -10 20 -8 -9 -18 23 -23 -4 25 32 -21 -16 29 -6 -1 -31 33 35 -34 36 40 -32 -3 41 -13 -19 43 -7
right_child=2 6 3 4 12 42 7 19 13 15 11 24 -14 -15 27 -17 17 39 -20 26 -22 22 -24 -25 -26 -27 -28 -29 -30 31 37 -33 34 -35 -36 -37 -38 -39 -40 -41 -42 -43 -44 -45
leaf_value=-0.011023526381207368 0.012520856791653746 -0.0052262433182325464 0.025756601927636409 0.017805206874302159 -0.0025025088464690338 -0.0022802943213122095 -0.0047146879224868495 -0.018175181716335344 -0.00014482905193507494 0.021677395578293179 0.0017830258979098378 0.019838004067175605 -0.0073001674114101869 -0.0065631789126894564 -0.0049570783448337173 0.0084978264318896126 0.0081573195464346489 0.014696011983954647 0.01542913296518799 -0.0094065611758300579 -0.0013546791263522292 0.014585404408088386 -0.017838333729617361 0.013928115586166787 -0.0032314044852401348 -0.018806807880359325 -0.017357646598454395 0.0022584151768629108 0.028271659656365206 0.038127144376166697 0.025293250112066137 0.0048543159202713917 -0.024891469719144983 0.0097428851259246593 -0.0078539287918685721 -0.022074472884809262 0.011041681947736689 0.00039939294525409802 0.00095529606858799651 0.010049992327926157 -0.013233570298174539 0.038351990585157314 0.0067436965966321712 0.022387471858658158
leaf_weight=77626.408359199762 149277.38938112557 670851.21325370669 136908.3448202163 259090.42582172155 289450.18277916312 24598.398722201586 837136.30568635464 487314.31226494908 287920.17123419046 141779.02711838484 726441.1985437721 9508.9721111655235 510680.75422757864 162312.44312864542 291263.24394837022 312590.59597182274 418392.46208868921 56946.14680659771 43430.814106091857 915227.76326988637 266688.03697223961 36704.962838917971 27247.154926776886 521349.17920990288 472256.48932307959 158671.10416540504 291296.38238814473 1307007.0384790748 17969.816523864865 9726.0806475430727 18451.076395943761 362436.47691987455 69139.621787458658 88086.253779068589 186054.60403549671 54748.877229735255 38365.936080619693 160601.69841331244 408480.77176088095 786806.21140278876 104824.46408475935 23367.220469206572 165104.62104067206 109934.43648031354
leaf_count=308975 359152 2891934 287020 685725 807333 74538 3069884 2143125 827116 365208 2277894 26101 1367022 423365 810730 957175 1153814 138534 126482 3298755 730021 90002 67781 1185726 1271469 465369 1021236 3450617 43060 19719 49552 866208 208000 242053 519611 164441 115467 578506 1463118 1817052 325622 47202 484493 292443
internal_value=8.67762e-05 -0.00538631 0.00302539 0.00604245 0.00416716 -0.000158497 -0.0079138 -0.0100214 0.00716257 0.00760124 -0.00113397 -0.00394236 -0.00152417 0.00578554 0.00193244 0.0126103 0.00687479 0.00817687 -0.00372117 -0.0132967 0.00445449 0.0150054 0.000771091 0.0163883 -0.00746213 -0.0102786 -0.0113262 0.000943489 0.00281628 0.00212489 -0.00126573 0.00572387 -0.0078215 -0.0038076 -0.0124699 -0.00956138 -0.00507493 0.00296466 -0.0028868 0.0111178 -0.010483 0.0215787 0.0117425 0.0178771
internal_weight=1.24941e+07 4.36479e+06 8.12928e+06 4.174e+06 3.45179e+06 3.95528e+06 3.65374e+06 2.57441e+06 2.26152e+06 711049 3.65565e+06 1.9081e+06 1.19026e+06 2.00243e+06 1.74755e+06 454370 1.84012e+06 1.5522e+06 880567 1.69384e+06 685080 722210 63952.1 658258 1.18166e+06 709400 1.20652e+06 1.59827e+06 679583 661613 256679 372163 550729 295535 255194 207448 152699 179053 1.07933e+06 867120 114333 80313.4 299637 134533
internal_count=37918650 16273950 21644700 10556700 8926171 11088000 14014534 9659482 5822829 2259416 10236526 5616027 3103342 5137104 4620499 1322383 4713739 3886623 3196366 6463116 1883835 1630529 157783 1472746 3338133 2066664 4319991 4261347 1736320 1693260 937033 885927 1601295 873684 727611 631631 467190 628058 4355052 2002788 351723 185736 851474 366981
is_linear=0
shrinkage=0.05


Tree=38
num_leaves=45
num_cat=0
split_feature=1 3 2 2 3 3 3 1 3 1 1 0 3 0 4 4 0 4 1 0 0 1 2 1 4 0 4 4 3 0 0 4 4 4 0 2 4 4 2 4 3 4 3 0
split_gain=220097 109252 83220.2 37340.9 23992 22859.5 16328 16273 15523.3 11560.6 14537.6 9738.7 9026.66 15659.5 8205.55 7569.13 7552.71 7297.8 7023.76 8608.69 6907.97 6719.9 6689.97 5858.71 7178.29 5814.71 5460.16 5420.4 5121.96 5053.64 8426.6 7959.56 5164.57 5009.75 6389.57 4960.48 4622.93 4588.73 4580.26 4255.65 4178.87 4119.57 5276.9 4093.99
threshold=-0.2393156642875576 2.0541674548187179 3.5000000000000004 3.5000000000000004 1.5868078500145588 -6.0055225317009215 -7.8528368245601241 -0.73300900260771595 11.112010374266022 0.47375768738725649 0.62305106867763382 0.93085292505862427 -0.48596513595315111 0.67983684365189634 1.953941008251576 16.495969642842109 0.20588816045177846 -6.1209156803570783 0.82619477567192912 0.99087453071010911 0.26568621746226689 0.57552211292281397 2.5000000000000004 0.4647231720437684 1.611173643267666 0.26568621746226689 17.976242361418649 22.138282614797578 -13.241684549416249 0.67983684365189634 0.65797238821565851 8.6590684360436772 7.1737656324947929 -10.563115581931781 0.83428993469774138 4.5000000000000009 -4.639266112385271 -11.71792585976482 5.5000000000000009 1.1634711335831762 -17.932038940727381 3.4731580807727558 21.648738632197027 1.0000000180025095e-35
decision_type=2 2 2 2 2 2 2 2 2 2 2 2 2 2 2 2 2 2 2 2 2 2 2 2 2 2 2 2 2 2 2 2 2 2 2 2 2 2 2 2 2 2 2 2
left_child=3 2 5 12 17 28 16 20 9 15 21 14 -1 -14 35 22 36 -5 19 -10 39 33 -3 -7 -25 41 -9 -15 -2 30 37 -32 -31 -11 -35 -8 -4 -12 -19 -6 -18 -20 -43 -37
right_child=1 8 6 4 7 23 11 26 18 10 29 -13 13 27 -16 -17 40 38 25 -21 -22 -23 -24 24 -26 -27 -28 -29 -30 32 31 -33 -34 34 -36 43 -38 -39 -40 -41 -42 42 -44 -45
leaf_value=-0.011641060993854757 -0.022244471549901102 -0.0048672209211128156 0.0018988680505756961 0.0075122904927569303 0.0028286963354200879 -0.0093244741080544882 0.0016463419575572982 -0.007088600377862183 0.02467637448763452 0.033838675014410444 0.019243362789115467 -0.00072631171783255283 -0.024172112156116213 -0.011130168366379924 0.01672716127416712 0.015530639373614789 -0.020878513771915096 -0.0064832226953317473 0.021363420450475915 0.0082403225330497289 -0.010496662664336062 0.033843527994161522 0.0061101168276006335 -0.0036563948302874767 0.010705669887518303 -0.0072757558334679189 0.007359946194205727 0.014698500610423224 -0.013081846726170798 -0.014844107726527717 0.040930809446801664 0.0095759983309398698 0.010178330334590605 0.0096226771820686671 0.036961118544273079 0.0098087122040369304 0.035307178001379072 0.0088676635965779464 -0.00056953803618394524 -0.022211222668327334 -0.0045485034324627511 -0.0019684878568258317 0.038433429248878354 0.0039752669672859283
leaf_weight=598310.62588208914 223832.22541706264 178090.17286112905 626325.43249760568 178536.02524113655 17784.311779394746 348245.61641122401 365395.01055763662 442354.75114244223 407396.30389611423 38327.575906991959 119408.84968401492 378667.50130721927 568605.20008870959 198155.87938560545 238047.05630920827 162004.17792017758 44337.445680081844 600411.98478408158 89897.579057484865 99034.05401968956 257443.06298103929 91684.814650014043 629011.86585114896 510617.70227633417 104869.85071508586 38159.648917779326 76729.817127004266 22632.727504387498 478756.98210455477 39124.39933373034 44385.505278617144 37207.815000116825 43602.977729842067 140536.38671796024 25206.331782802939 1059034.4353109151 10529.037705868483 990366.60911792517 720150.85302938521 369846.90448208153 336567.58484873176 50698.778727605939 9614.5912450999022 420074.77046683431
leaf_count=2455803 858524 688710 1622443 478026 60567 1334231 1058497 1378191 971461 89657 293075 963497 2857985 780487 541982 410002 112383 1932597 218671 251371 831236 221577 1676676 1820836 328851 102622 205095 73425 1864937 103398 105370 94759 114702 388955 55282 2541642 23594 2657345 1978654 1355384 851284 144347 20727 999792
internal_value=-5.39138e-05 0.00457227 4.60537e-05 -0.00962276 -0.00615758 -0.00914204 0.00444686 -0.0115428 0.011774 0.0099618 0.0126127 0.00664958 -0.0162731 -0.0197838 0.00799072 0.00566766 -0.000879892 -0.00197555 0.0183963 0.0214623 -0.0168457 0.0225994 0.00368792 -0.00414173 -0.00120931 0.0101534 -0.00495285 -0.00848251 -0.0160009 0.0102945 0.0111243 0.0266325 -0.00165557 0.0175476 0.0137803 0.00686322 0.0024512 0.00998406 -0.00325828 -0.0210624 -0.00644932 0.0145811 0.00447201 0.00815198
internal_weight=1.243e+07 8.37906e+06 5.1453e+06 4.05096e+06 2.66326e+06 1.66632e+06 3.47898e+06 1.16416e+06 3.23376e+06 2.53896e+06 1.56985e+06 2.46122e+06 1.3877e+06 789394 2.08255e+06 969106 1.01776e+06 1.4991e+06 694801 506430 645074 295755 807102 963733 615488 188371 519085 220789 702589 1.2741e+06 1.19137e+06 81593.3 82727.4 204070 165743 1.8445e+06 636854 1.10978e+06 1.32056e+06 387631 380905 150211 60313.4 1.47911e+06
internal_count=37918650 23531200 14922493 14387450 8219750 6207379 8715114 3830473 8608707 6899508 4124120 6105410 6167700 3711897 5141913 2775388 2609704 4389277 1709199 1222832 2247187 755471 2365386 3483918 2149687 486367 1583286 853912 2723461 3368649 3150549 200129 218100 533894 444237 4599931 1646037 2950420 3911251 1415951 963667 383745 165074 3541434
is_linear=0
shrinkage=0.05


Tree=39
num_leaves=45
num_cat=0
split_feature=2 2 1 1 1 0 2 0 0 3 3 3 3 0 2 0 3 4 2 3 0 4 2 4 4 0 0 4 3 0 0 4 0 4 3 4 0 4 3 3 3 4 0 0
split_gain=309757 70215.5 33643.3 19987.3 18662.3 17251.9 14375.4 13276.4 9345.61 8166.04 6486.38 6464.9 6136.71 5549.64 5131.92 4291.22 4252.73 3642.23 3603.28 2958.17 2777.21 2528.18 2349.19 2273.93 2466 2725.13 2227.56 2204.32 2035.93 1948.91 1934.66 1917.83 2004 1881.66 2117.22 1791.61 1841.16 1771.42 1702.97 1670.76 1614.2 1578.54 1566.97 1526.49
threshold=4.5000000000000009 2.5000000000000004 -0.2393156642875576 0.4647231720437684 -0.2393156642875576 0.81773537194966905 5.5000000000000009 0.48662714534649493 -0.46472317204376817 -3.5327065382870653 6.8440929709266891 -3.9974872748228978 -2.7600588162966058 0.58743244627487468 6.5000000000000009 0.5633557562674042 8.8762162215162679 -4.7763033860137183 6.5000000000000009 -1.2007271307681469 0.35460488704253579 16.495969642842109 6.5000000000000009 -7.5692134568637988 7.8385641403886988 -0.2393156642875576 0.35460488704253579 14.470060564302171 3.6246353151596193 -0.82298386589365657 -0.94117129826980295 8.8045601121818837 -0.2393156642875576 -10.378705173561888 16.544307882493953 9.6746708834979085 0.46472317204376884 -14.1647135174918 -24.51843460078786 -11.21834516884538 15.665097213080172 -6.5579930310375252 -0.94117129826980295 0.35460488704253579
decision_type=2 2 2 2 2 2 2 2 2 2 2 2 2 2 2 2 2 2 2 2 2 2 2 2 2 2 2 2 2 2 2 2 2 2 2 2 2 2 2 2 2 2 2 2
left_child=1 3 7 5 9 11 30 12 16 20 15 26 -2 31 35 38 17 28 42 -9 39 40 -21 -13 43 -26 -1 -7 -6 -19 -4 -11 -33 -12 -35 -14 -37 -17 -5 -3 -10 -18 -8 -25
right_child=2 4 6 10 8 27 18 19 21 13 33 23 14 -15 -16 37 41 29 -20 22 -22 -23 -24 24 25 -27 -28 -29 -30 -31 -32 32 -34 34 -36 36 -38 -39 -40 -41 -42 -43 -44 -45
leaf_value=0.015119579737583422 -0.0066778523998287757 -0.0079433370123073183 -0.0014176727681830511 -0.0073793286989312715 0.0041437883255794252 0.010522786566385549 -0.0069077301028454777 -0.014123422533452343 -0.0018912900198101092 0.013566131082998506 -0.014685111742084212 0.013015109344185226 0.0051203540354966843 0.0033181050580712657 -0.0036578626765511103 -0.009189525313420056 -0.022859626797877102 0.014982238194396431 -0.015690189679680586 -0.0045105105572922598 -0.0054507221589550243 -0.0097569766241357714 -0.01175994550705233 0.024985819815408452 0.0074420782380125901 0.020388381338785511 0.0046405801103351864 0.0033926854323029585 -0.005508942109424023 0.0031674169467645168 -0.0077540682541809465 -0.0023774631415017719 0.010078858934117692 0.0039942793981043358 -0.0089430828506395672 -0.0022514305604650316 0.014274624256022645 0.0052077567462877452 0.011711791864466477 0.0060800171478443479 -0.013251252335416944 -0.0041240868459418208 -0.012493039305533783 0.017319846905746679
leaf_weight=280981.00964382291 340870.36800266802 24655.57302673161 136508.15938574076 11856.257578894496 498757.48018296063 437695.83754874766 142672.62771938741 215202.78428409994 1290246.8457926214 471059.99374465644 17733.672498419881 77386.530796334147 507077.40481770039 272015.53815592825 378895.44965927303 23760.303789705038 15217.131847590208 118029.89746682346 1220072.1361112893 314537.95869743824 131208.03025825322 119629.32172136009 173333.36838243902 484055.33247019351 47812.681452393532 271244.07244749367 61883.697647497058 144081.6144233644 61345.268793195486 49560.346393376589 1024983.3541657031 38567.750297650695 198345.96294049919 221917.08645014465 36879.209470167756 168714.62360787392 18724.034737378359 211924.8306774199 790892.32715596259 153313.01958328485 32047.806037053466 43043.205033615232 1047913.5971485674 74999.743882313371
leaf_count=974097 974131 69074 408100 32310 1553546 1435038 411950 582875 3835726 1591640 48491 267280 1577253 835313 1093708 64013 39806 403321 3353350 910404 374215 340813 474071 1862744 155157 995059 193500 451462 179248 155098 2949100 111470 646126 699832 107311 488853 62555 665449 2632994 483962 89261 129131 2941400 268413
internal_value=-3.58631e-05 0.00723938 -0.00861877 0.0126048 0.00236511 0.015912 -0.0115789 -0.00362476 -0.000405484 0.00715313 0.00787607 0.0191181 -0.000833203 0.00938831 0.00102281 0.00968823 0.00398084 0.00502152 -0.0137806 -0.00924016 6.83096e-05 -0.00279635 -0.00708613 0.0212316 0.0219557 0.0184483 0.0132282 0.00875696 0.00308657 0.0114883 -0.00700936 0.0117206 0.00805106 0.001071 0.00215067 0.00357637 -0.000600574 0.00375631 0.0114298 0.00413724 -0.00216662 -0.00901766 -0.0118237 0.0239574
internal_weight=1.24017e+07 6.71215e+06 5.68951e+06 3.1951e+06 3.51704e+06 1.88014e+06 3.57215e+06 2.11736e+06 2.22788e+06 1.28917e+06 1.31496e+06 1.29836e+06 1.41428e+06 979989 1.07341e+06 1.03843e+06 785953 727693 2.41066e+06 703074 309177 1.44192e+06 487871 955498 878112 319057 342865 581777 560103 167590 1.16149e+06 707974 236914 276530 258796 694516 187439 235685 802749 177969 1.32229e+06 58260.3 1.19059e+06 559055
internal_count=37918650 21690900 16227750 10853150 10837750 6602750 10063900 6163850 6725950 4111800 4250400 4716250 4196500 3184549 3222369 3394766 2460150 2291213 6706700 1967350 927251 4265800 1384475 3548653 3281373 1150216 1167597 1886500 1732794 558419 3357200 2349236 757596 855634 807143 2128661 551408 729462 2665304 553036 3924987 168937 3353350 2131157
is_linear=0
shrinkage=0.05


Tree=40
num_leaves=45
num_cat=0
split_feature=2 3 1 0 0 3 1 3 3 4 3 4 0 3 1 0 4 0 2 3 0 1 4 1 0 0 0 1 1 0 0 4 0 0 4 0 0 4 1 0 4 0 1 1
split_gain=72671.4 62203.3 30007.2 24157.1 23844 15674.8 17490.2 12543.2 12463.9 11764.6 9787.67 9071.14 9636.84 8151.61 9188.57 7805.35 7111.13 6610.76 6558.51 6545.85 6266.86 6197.07 5684.5 5433.74 6406.02 5415.94 9312.85 5328.46 9189.34 5500.87 4891.02 4454.74 4435.81 4790.65 4376.55 4155.04 4976.39 4077.87 4774.6 3980.06 3976.99 4287.56 3789.02 4340.6
threshold=4.5000000000000009 -4.3819396918493245 -0.55094406234797322 0.088756899407539988 0.48662714534649493 -5.7702040850544014 0.14764656400248086 -21.804925576132185 5.6196416414781885 6.7954158655866452 -11.472267455423959 6.1534312029725067 -0.2393156642875576 -5.6601375280203134 -0.10466628778912916 0.26568621746226689 3.5863808503381454 -0.56335575626740397 2.5000000000000004 4.3130352583626825 0.5633557562674042 0.36521623457838687 -6.9894516850182482 0.93621795190976798 -0.32012920303568732 -0.2393156642875576 -0.2058881604517783 1.0000000180025095e-35 0.82619477567192912 0.37886415816525426 0.93085292505862427 17.976242361418649 -0.86066547284873141 -0.56335575626740397 23.090718978779361 0.65797238821565851 0.58743244627487468 -13.216727363151993 0.97148236575323155 -0.97474915486277791 -20.364660316191792 0.5633557562674042 0.36521623457838687 0.25145141517831299
decision_type=2 2 2 2 2 2 2 2 2 2 2 2 2 2 2 2 2 2 2 2 2 2 2 2 2 2 2 2 2 2 2 2 2 2 2 2 2 2 2 2 2 2 2 2
left_child=1 4 11 9 7 30 15 -1 17 13 -6 -3 19 23 -15 -7 40 -4 -14 -13 -17 -9 -16 -2 -25 -26 -27 31 -29 -30 37 39 -23 -34 -22 36 -12 -5 -39 -10 41 -8 43 -19
right_child=3 2 8 5 10 6 16 21 27 -11 35 12 18 14 22 20 -18 42 -20 -21 34 32 -24 24 25 26 -28 28 29 -31 -32 -33 33 -35 -36 -37 -38 38 -40 -41 -42 -43 -44 -45
leaf_value=0.022410501612386249 0.0020338173263213795 -0.0061154197593764389 -0.011653693156763683 0.018842746981095053 0.019197148362581337 0.017704152931624386 0.0029682692578696323 -0.0060160237857188915 -0.023344741422724677 0.011504839405514524 0.0086249459609208951 -0.00070838208422766967 -0.0055620613832764176 0.0023926843386240081 -0.0015222737124392523 -0.0002690402754525681 -0.0039689690521587479 -0.003723749955723268 0.0042545610307727242 0.02377253684378533 0.0094522670183738444 0.012632534840037457 -0.0082299580616267964 0.039303952846752657 -0.010692186487120664 0.039597846647187532 0.0056560419448787027 -0.020996988986275354 -0.012572504455796963 0.0065320795976692245 0.02005730700639316 -0.019483802419736795 -0.0069998347198184686 0.002757260982695763 -0.0059323868294816296 0.004528454239634167 0.037676705148697504 0.0099951856107000497 -0.0099011465329530216 -0.001177385279567516 0.0035547238890639983 0.064249821052766762 -0.0074454751307255172 0.010657127608893431
leaf_weight=57435.443122565746 612517.67170031369 518110.4172527194 667350.41921465099 117900.98636636138 248832.35242445767 201942.09884208441 5752.4244885891676 462905.25165809691 23274.618299394846 232074.64311656356 45190.044031366706 41597.854024127126 296188.76492881775 795185.97760124505 724571.33689209819 234152.85251313448 522895.35393306613 357040.13881784678 399825.99424412847 79472.711781531572 1025403.4904090017 78555.977616533637 559945.12968373299 19400.409633636475 28780.82029338181 26396.389542981982 86221.533870607615 461684.98412373662 245092.32091352344 44523.445765942335 206946.32346184552 63379.702771276236 174721.56981417537 449338.0478284508 48409.418711587787 354100.76819905639 21876.124750778079 312345.38057339191 33374.983833000064 155761.98320035636 539026.95598006248 5665.1946901381016 829673.14201462269 61510.599812194705
leaf_count=148286 1550542 2126999 2745217 257973 639159 510471 14137 1677888 104687 637863 134441 165013 1284748 2335960 1855199 651457 1338651 1207542 1314855 247638 2468686 260146 1567465 40673 71348 50761 198489 1654779 849415 143306 437870 218183 623274 1433547 119189 1066276 56934 692336 82720 569454 1335618 10342 2835323 183790
internal_value=9.40328e-05 -0.00378409 -0.00714565 0.0038489 0.00375337 0.00685444 0.00508632 -0.000400187 -0.00999371 0.000678986 0.0113349 -0.000939936 0.00234182 -0.000201627 -0.00183136 0.00855511 0.000206644 -0.00763657 7.71018e-05 0.0153613 0.00714255 -0.00152427 -0.00444628 0.00418127 0.0123614 0.00866474 0.0136116 -0.0145375 -0.0166173 -0.0096355 0.0136658 -0.0080919 0.00143504 2.55106e-05 0.0087587 0.00668977 0.0181013 0.0108129 0.00807444 -0.00405912 0.00417327 0.033375 -0.00548885 -0.00161032
internal_weight=1.24764e+07 6.13744e+06 4.24449e+06 6.33891e+06 1.89296e+06 3.25382e+06 2.58325e+06 1.22296e+06 2.90929e+06 3.08509e+06 669999 1.3352e+06 817085 2.85302e+06 2.0797e+06 1.50991e+06 1.07334e+06 1.91557e+06 696015 121071 1.30797e+06 1.16552e+06 1.28452e+06 773317 160799 141399 112618 993717 751301 289616 670568 242416 702616 624060 1.07381e+06 421167 67066.2 463621 345720 179037 550445 11417.6 1.24822e+06 418551
internal_count=37918650 21690900 15650949 16227750 6039951 7919450 6448551 4143141 10511696 8308300 1896810 5139253 3012254 7670437 5758624 3749803 2698748 6971872 2599603 412651 3239332 3994855 3422664 1911813 361271 320598 249250 3539824 2647500 992721 1470899 892324 2316967 2056821 2587875 1257651 191375 1033029 775056 674141 1360097 24479 4226655 1391332
is_linear=0
shrinkage=0.05


Tree=41
num_leaves=45
num_cat=0
split_feature=1 3 2 2 3 3 0 3 1 4 0 3 1 0 1 0 2 1 4 1 0 0 4 4 0 3 0 0 2 2 2 4 2 4 4 2 4 1 0 3 4 0 2 3
split_gain=199868 99014.5 73543.1 34864.2 26273.2 18642.5 18534.9 16681.4 13933.8 13199.6 13147.1 10374.4 9544.66 8022.96 7848.94 10075.9 7629.02 7515.62 7361.04 5396.19 5327.16 5315.73 5063.38 4924.84 6654.13 4957.5 4634.77 6529.28 4461.83 4440 4306.89 4238.71 4166.31 4161.93 5472.08 4151.32 4135.7 8117.88 4765.06 4066.95 4553.73 6842.07 4018.24 3867.9
threshold=-0.2393156642875576 1.1147507171781934 3.5000000000000004 2.5000000000000004 -0.13562436995527702 -7.8528368245601241 0.26568621746226689 9.0454771870147699 0.47375768738725649 1.611173643267666 0.93085292505862427 -10.305296212527717 0.62305106867763382 0.93085292505862427 0.82619477567192912 0.99087453071010911 3.5000000000000004 -0.46472317204376873 0.80806225100306517 0.57552211292281397 0.26568621746226689 0.88059548392442355 26.046987670433641 -5.039442712515334 0.37886415816525426 0.58435031030321138 1.0000000180025095e-35 -0.12053668025532321 2.5000000000000004 5.5000000000000009 5.5000000000000009 18.426290891346699 4.5000000000000009 17.586657681058949 -10.929287396660539 4.5000000000000009 -8.8385258504790496 0.98236589408923247 0.20588816045177846 16.544307882493953 -3.7760545893711561 0.58743244627487468 2.5000000000000004 -8.9673924666221421
decision_type=2 2 2 2 2 2 2 2 2 2 2 2 2 2 2 2 2 2 2 2 2 2 2 2 2 2 2 2 2 2 2 2 2 2 2 2 2 2 2 2 2 2 2 2
left_child=3 2 5 23 13 42 9 8 16 -6 11 36 19 17 15 39 -3 30 26 33 -16 22 -8 -1 25 -25 27 32 -7 -11 -5 -26 -13 34 -10 -14 38 -38 -4 40 41 -9 -2 -12
right_child=1 7 10 4 6 28 21 14 12 29 43 18 35 -15 20 -17 -18 -19 -20 -21 -22 -23 -24 24 31 -27 -28 -29 -30 -31 -32 -33 -34 -35 -36 -37 37 -39 -40 -41 -42 -43 -44 -45
leaf_value=-0.0077651200184031231 -0.020292028487915486 -0.0024063812158953242 -1.1363835678469498e-05 -0.0053683839738375601 -0.0054059652036434714 -0.0080340797086122032 -0.0086632006639206487 0.033854919945210026 0.030068772058104987 -0.023088295102152972 -0.011914034077344865 0.00088472875614566734 0.0067128124517476274 -0.017289474759325626 0.012285788788030253 0.0066763506449581747 0.0068981480691424251 0.0071501437797111865 0.014804343465447473 0.030412363049969523 -0.0044317813627386621 0.0011434966266814885 0.01756555006939876 -0.017753411286213463 -0.016538553007210324 -0.028638315577132596 0.0018376950361300285 0.024532214299826889 -0.0011520126915932269 -0.014927875821960875 0.00099158704695677239 -0.00019471783268745017 0.0079637497971919713 0.039947333513400268 0.0087837972520467458 0.012355570492461047 0.0032402823196188003 0.049375867309955017 -0.012323917316322026 0.029836915867349378 0.017169697041675216 -0.0153927728211862 -0.011342767503764948 -0.0012948715179689034
leaf_weight=100070.79120105505 335783.92146763206 338046.14452989399 400752.18871745467 603927.8589733541 224742.70081450045 610786.67091274261 634811.24023416638 81787.98210157454 37895.305950433016 368904.19665849209 112289.97614964843 258110.66074073315 671091.74491818249 77861.828948885202 242842.83644971251 145181.27198463678 632497.58140261471 244052.28721100092 252437.52323454618 81719.792968928814 59286.674345836043 216048.97323742509 18949.567407622933 190502.18337531388 285167.67532786727 231993.53226779401 548679.63484868407 52693.036502063274 383315.47254486382 304081.39878100157 475992.75643588603 46080.707231029868 1067346.7493458986 15657.224111899734 148616.43622079492 633753.87853714824 62962.128990635276 11236.384884923697 97746.335591688752 114136.76450386643 413578.29748663306 7718.2613698393106 200221.51941044629 362806.63631939888
leaf_count=433828 1421794 1217726 1045622 1985380 786450 2410239 2055321 183096 89751 1549433 295340 762878 1997527 206026 627223 371936 1608079 708212 578036 201160 160641 620342 53888 942753 1267841 1280471 1366250 122723 1238648 1039684 1270914 186907 2563813 34811 406833 1455205 151084 25472 245568 255825 1048765 19761 697611 927783
internal_value=-5.87241e-05 0.00433868 -0.000404624 -0.00921925 -0.0068034 -0.00943299 -0.0108576 0.0105655 0.00837757 -0.0158975 0.00387617 0.00520219 0.0112611 -0.00169158 0.0158254 0.0185281 0.00365733 -0.000774275 0.00677594 0.0195698 0.00900531 -0.00565593 -0.00790295 -0.0181869 -0.0195706 -0.0237303 0.00572413 0.00727142 -0.00538043 -0.0194011 -0.00256512 -0.0142649 0.00658523 0.015187 0.0131085 0.00945346 -0.000786368 0.0102269 -0.00242563 0.0213159 0.0193827 0.0296082 -0.0169491 -0.00380473
internal_weight=1.24042e+07 8.38098e+06 4.75717e+06 4.02319e+06 3.16937e+06 1.53011e+06 1.76754e+06 3.62381e+06 2.55928e+06 897728 3.22706e+06 2.75196e+06 1.58873e+06 1.40183e+06 1.06453e+06 762403 970544 1.32397e+06 2.17927e+06 283889 302130 869810 653761 853815 753744 422496 1.92683e+06 1.37815e+06 994102 672986 1.07992e+06 331248 1.32546e+06 202169 186512 1.30485e+06 572697 74198.5 498499 617221 503085 89506.2 536005 475097
internal_count=37918650 23531200 13852861 14387450 10275650 5768292 6105118 9678339 7011092 3375567 8084569 6861446 4185287 4170532 2667247 1879383 2825805 3964506 5393700 732555 787864 2729551 2109209 4111800 3677972 2223224 4815664 3449414 3648887 2589117 3256294 1454748 3326691 531395 496584 3452732 1467746 176556 1291190 1507447 1251622 202857 2119405 1223123
is_linear=0
shrinkage=0.05


Tree=42
num_leaves=45
num_cat=0
split_feature=2 2 1 1 1 0 2 0 0 3 3 0 3 4 3 2 0 3 2 4 2 4 4 0 4 0 0 4 3 4 3 3 4 0 4 0 4 3 3 3 0 3 3 0
split_gain=281197 63687.3 30838.3 17778.1 16780.7 15443.3 13709.7 12340.1 8487.05 7462.39 5685.26 5411.14 5023.01 4752.63 4572.21 4101.38 3868.91 3789.16 3456.67 3416.88 3016.32 2393.73 2385.89 2056.24 1993.43 2666.56 1777.73 1776.41 1750.24 1747.19 1937.18 1675.29 1666.61 1657.94 1603.3 1554.97 2368.93 1517.21 1510.15 1499.24 1454.74 1443.78 2191.34 1493.31
threshold=4.5000000000000009 2.5000000000000004 -0.2393156642875576 0.4647231720437684 -0.2393156642875576 0.58743244627487468 5.5000000000000009 0.088756899407539988 -0.46472317204376817 -5.4354207370286067 6.8440929709266891 0.58743244627487468 -2.9295840744931883 -2.5553691793463105 -3.7190583759849321 6.5000000000000009 0.5633557562674042 8.4045606075079089 6.5000000000000009 -3.6523558457140619 6.5000000000000009 8.1202913516313036 -7.5692134568637988 0.58743244627487468 7.8385641403886988 -0.2393156642875576 -0.94117129826980295 -9.8470377105010183 8.2588529183189738 -10.378705173561888 19.255578152819776 14.351529216426398 -6.5579930310375252 -0.82298386589365657 -14.1647135174918 0.89412692780947678 9.6746708834979085 3.6246353151596193 -24.51843460078786 -12.280136671474148 -0.94117129826980295 7.3083067911577908 -0.90510686734943835 0.46472317204376884
decision_type=2 2 2 2 2 2 2 2 2 2 2 2 2 2 2 2 2 2 2 2 2 2 2 2 2 2 2 2 2 2 2 2 2 2 2 2 2 2 2 2 2 2 2 2
left_child=1 3 7 5 9 14 26 13 17 39 16 41 -9 27 -1 23 38 19 40 37 28 31 -16 -14 -24 -26 -4 -2 -15 -12 -31 -10 -19 -21 -18 -7 -37 -6 -5 -3 -8 42 -11 -43
right_child=2 4 6 10 8 35 18 12 21 11 29 -13 15 20 22 -17 34 32 -20 33 -22 -23 24 -25 25 -27 -28 -29 -30 30 -32 -33 -34 -35 -36 36 -38 -39 -40 -41 -42 43 -44 -45
leaf_value=0.013661606388768186 -0.014435237424978426 -0.010207725580479186 -0.0012681668810707563 -0.006891744746790854 0.0041276101315617349 0.012540503838395785 -0.006596958211413019 -0.01357479868071315 -0.0011988540098482432 0.007298626633065481 -0.014098532457735909 0.0026910779971361792 0.00034591805890491709 0.0056871887164654192 0.012053157277704896 -0.010001105983515737 -0.0087604786098068651 -0.021163830637524406 -0.015146734791863415 0.015748540041499306 -0.0017736633372896539 -0.0061940757798625299 0.023215515435005683 -0.0056998704874130692 0.0071304663092479391 0.020333868901299637 -0.0073485318723848034 -0.0034424896618569091 -0.0060843334054648274 0.0034301359153990811 -0.012861549039845516 -0.014595016755514981 -0.0029975631725014358 0.0032677525046881221 0.004962910654277005 0.010788434135937545 0.0036450386833438383 -0.003793148815404504 0.011131868453278383 0.00030491330898236197 -0.011991281013737544 0.0022643416739848844 0.013405298848688879 0.017568456292806556
leaf_weight=326652.91530174017 44584.159183591604 42323.665346086025 136289.81411267817 11794.71467602253 523055.28199373186 251702.85672421753 142075.56588318944 236364.05719958246 1053713.7983992994 214927.85447874665 17592.847602009773 295459.01987856627 268290.72191588581 453890.53660705686 73712.978071317077 307571.85210974514 23654.423536717892 17081.274573042989 1207589.4380286038 92672.003605276346 263138.85269930959 362190.73655220866 519498.21464711428 295590.28506067395 47754.707475051284 191930.32698255777 1019007.5734395236 209178.81317688525 33938.167788550258 238851.71054519713 19755.598741844296 23866.960233196616 48397.823705792427 37326.257984772325 212285.31429192424 266217.3770403266 205765.51623180509 68358.98436665535 793250.0706192404 170697.85149794817 1038907.1131039113 84516.60772100091 464180.84514550865 19644.325327888131
leaf_count=1123054 119668 115857 408100 32310 1629447 847000 411950 643778 3147233 688433 48491 902597 801840 1417597 253805 851469 64013 45620 3353350 319053 772326 1053175 1990836 848363 154849 716306 2949100 614455 94354 751160 55983 65392 146536 116968 665449 872802 644098 202526 2632994 513100 2941400 256102 1567442 68269
internal_value=-3.80819e-05 0.0068774 -0.00825246 0.0119815 0.00223461 0.0150981 -0.0111029 -0.00347079 -0.00039544 0.00676817 0.00752557 0.00845695 -0.00711009 0.000541908 0.0186751 -0.00535666 0.00921762 0.00378008 -0.0132657 0.00482539 0.00254092 -0.00267753 0.0206413 -0.00282333 0.0214752 0.0177032 -0.00663123 -0.00537383 0.00486825 0.00114834 0.00218558 -0.00149556 -0.00773653 0.0121649 0.00358706 0.00936673 0.0076742 0.00321208 0.0108678 -0.00178376 -0.0113423 0.0106319 0.0114726 0.00515064
internal_weight=1.23752e+07 6.71883e+06 5.65642e+06 3.20042e+06 3.51841e+06 1.88323e+06 3.54387e+06 2.11255e+06 2.22666e+06 1.29175e+06 1.31718e+06 1.07873e+06 1.10782e+06 1.00473e+06 1.15955e+06 871453 1.04098e+06 786892 2.38857e+06 721413 750968 1.43977e+06 832896 563881 759183 239685 1.1553e+06 253763 487829 276200 258607 1.07758e+06 65479.1 129998 235940 723686 471983 591414 805045 213022 1.18098e+06 783270 679109 104161
internal_count=37918650 21690900 16227750 10853150 10837750 6602750 10063900 6163850 6725950 4111800 4250400 3482843 3145450 3018400 4238850 2501672 3394766 2460150 6706700 2267994 2284277 4265800 3115796 1650203 2861991 871155 3357200 734123 1511951 855634 807143 3212625 192156 436021 729462 2363900 1516900 1831973 2665304 628957 3353350 2580246 2255875 324371
is_linear=0
shrinkage=0.05


Tree=43
num_leaves=45
num_cat=0
split_feature=2 3 0 3 1 4 3 1 0 3 1 0 4 4 3 0 3 1 0 2 3 1 3 0 4 1 4 3 0 0 1 0 4 0 0 0 0 2 4 0 0 0 0 0
split_gain=66444.3 48120.3 25541.1 22876.7 18974.7 15020.9 14085.8 20209.4 11288.4 10363.5 11398 10112.2 9842.05 9187.67 7722.18 7284.93 6833.64 5940.3 5772.09 5591.12 5569.29 6065.64 5233.82 5060.9 4962.56 4712.59 5744.43 5293.46 4632.58 6159.18 4427.52 4352.74 5969.14 3934.76 5981.04 3933.6 3826.96 3732.48 3640.36 4412 3578.42 7570.2 4795.39 3549.34
threshold=3.5000000000000004 -9.8891503216907211 0.088756899407539988 -7.0073297285146827 0.36521623457838687 7.1737656324947929 -2.2715344360623457 -0.4300652022765204 0.26568621746226689 -3.81294381829106 -0.10466628778912916 -0.93085292505862405 3.1197391685492737 20.545020291238242 -17.932038940727381 0.48662714534649493 6.5213846600313063 0.25145141517831299 0.5633557562674042 5.5000000000000009 2.8157882194800341 0.85743085555170595 -17.129417798973215 0.96778869966720549 4.0738507106311213 0.97148236575323155 -11.324912368720002 -13.969481366817602 0.58743244627487468 0.65797238821565851 0.99284498505578556 -0.2393156642875576 7.4348533444267781 -0.86066547284873141 -0.79450537036186197 -0.4298763333408428 0.65797238821565851 5.5000000000000009 -17.921515655244225 0.5633557562674042 -0.93085292505862405 -0.86066547284873141 -0.79450537036186197 -0.2393156642875576
decision_type=2 2 2 2 2 2 2 2 2 2 2 2 2 2 2 2 2 2 2 2 2 2 2 2 2 2 2 2 2 2 2 2 2 2 2 2 2 2 2 2 2 2 2 2
left_child=1 11 5 25 8 9 15 24 -5 17 -11 -1 30 18 -13 -3 35 -2 -10 23 40 33 -19 -20 -8 27 -27 -4 -16 -30 37 32 -26 -22 -35 -9 -17 -6 39 -39 -12 -42 -43 -7
right_child=2 6 3 4 12 43 7 16 13 10 20 14 -14 -15 28 36 -18 22 19 -21 21 -23 -24 -25 31 26 -28 -29 29 -31 -32 -33 -34 34 -36 -37 -38 38 -40 -41 41 42 -44 -45
leaf_value=-0.01051449029969358 -0.0019557244402074463 -0.0051737103342717142 0.022533240246289509 0.016253068663975169 -0.0023548256250599453 0.017194594428326906 -0.0097170914593715137 -0.013881629495302035 -0.00030010070127873688 0.0013798936922748755 -0.0087879900145461289 0.020797666760639894 -0.006664600187620085 -0.0062337473034533098 0.0027497425396510546 0.015274488524479522 -0.016774824762165293 0.016825034479001997 0.0074452499848018149 0.010059780129233484 -0.0082781473378589106 -0.0038281963447312876 0.0037218518957156306 -0.0013614202014486597 -0.0039027539410663109 0.013389111000473478 -0.016963758438204361 0.012219907875596518 0.050921095973429031 0.011008905803507643 0.026929149630885316 -0.0030391812568068377 0.017249538373913714 -0.031408273733368623 -0.012125137240889369 -0.0076687164179350641 0.0012202041021133851 0.0069201761304863389 0.0041601474508279499 0.061088964020064508 0.012483190093896569 -0.017928755217844997 -0.001887580704275475 0.0059542666496829487
leaf_weight=65575.718568488955 475332.17149497569 752494.76252888143 166004.55046600103 261015.34163424373 291304.01659061015 126405.16354005039 222544.36527903378 411952.69267977774 288230.70994661748 908333.75367175043 208511.91394875944 132052.90222275257 500306.69389893115 161564.81911566854 256423.99519708753 57461.059926345944 578287.61914376915 84501.333198055625 420486.53670354187 871967.66994290054 158088.3765142709 264469.38902336359 776571.26479691267 266543.22112813592 64861.665693327785 36958.271359086037 26957.964823052287 496641.60586670041 10326.656297728419 151117.09151905775 18141.843696504831 579811.01278857887 68658.954273298383 63448.284817501903 109805.65170224011 667681.72528466582 308418.70726269484 9295.967519685626 361068.51364865899 6311.0626619458199 86720.747225195169 51642.332198232412 476204.27612403035 158036.54622359574
leaf_count=263227 1322771 2880096 347960 685725 814405 339843 1004446 1833650 827116 2809310 632577 345887 1352522 423365 863271 178611 2183172 192338 1153814 2002788 474525 723027 1956738 730021 288452 90002 67781 1124786 21857 431323 43073 2332079 234124 196339 311659 2402159 1011596 21359 860980 11003 231555 155457 1280668 461193
internal_value=0.00010155 -0.00490348 0.00276549 0.00548806 0.00379268 -0.000118957 -0.00705035 -0.00907278 0.00647112 -0.0009783 -0.00299349 0.00804469 -0.00133156 0.00520009 0.0102578 -0.00235982 -0.0123887 0.00253097 0.00620013 0.00740191 -0.00579321 -0.00947502 0.00500773 0.00402857 -0.00319854 0.013553 0.000587175 0.0148036 0.00692702 0.0135619 0.00255718 -0.00116489 0.00697417 -0.0139822 -0.0191869 -0.0100394 0.00342742 0.00189526 0.00518208 0.0288246 -0.00312802 -0.00120769 -0.00345698 0.0109494
internal_weight=1.24585e+07 4.32767e+06 8.13087e+06 4.1828e+06 3.45624e+06 3.94807e+06 3.71217e+06 2.5938e+06 2.26981e+06 3.66363e+06 2.32722e+06 615496 1.18643e+06 2.00879e+06 549921 1.11837e+06 1.65792e+06 1.3364e+06 1.84723e+06 1.559e+06 1.41889e+06 595812 861073 687030 935876 726562 63916.2 662646 417868 161444 686121 713332 133521 331342 173254 1.07963e+06 365880 667980 376676 15607 823079 614567 527847 284442
internal_count=37918650 16273950 21644700 10556700 8926171 11088000 14348385 10278082 5822829 10286964 6815117 1925565 3103342 5137104 1662338 4070303 6418981 3471847 4713739 3886623 4005807 1705550 2149076 1883835 3859101 1630529 157783 1472746 1316451 453180 1750820 2854655 522576 982523 507998 4235809 1190207 1707747 893342 32362 2300257 1667680 1436125 801036
is_linear=0
shrinkage=0.05


Tree=44
num_leaves=45
num_cat=0
split_feature=1 3 2 2 3 3 0 3 3 1 4 0 0 4 2 4 0 0 0 0 4 1 0 0 1 4 0 3 3 4 4 4 0 0 4 4 2 4 3 0 4 3 0 4
split_gain=181763 89925.9 68874 32599 21196.3 19925.4 14873.8 12963 12866.5 9590.42 8601.78 14084.2 8010.14 6978.3 6814.18 6663.26 6515.42 6590.27 6289.76 6718.49 6158.04 6040.6 7261.4 5869.29 5274.18 6402.07 5042.29 4907.47 4887.21 4789.07 4772.17 4494.13 4385.88 4319.94 6409.16 4011.22 4002.08 3812.44 5140.41 3745.86 3745.37 3715.44 3602.59 3343.08
threshold=-0.2393156642875576 2.0541674548187179 3.5000000000000004 3.5000000000000004 1.7845166241521719 -5.7702040850544014 0.76251730544457197 -7.9994374789460272 11.112010374266022 0.23931566428755774 -2.3164270444987696 0.35460488704253579 0.93085292505862427 1.953941008251576 3.5000000000000004 -3.399854346944934 0.26568621746226689 0.46472317204376884 -0.79450537036186197 -0.86066547284873141 13.980421417346863 0.82619477567192912 0.99087453071010911 0.20588816045177846 0.4647231720437684 1.1634711335831762 0.26568621746226689 -13.593287481757395 0.78397047326234681 13.980421417346863 -11.71792585976482 10.136887402141918 0.94117129826980317 0.26568621746226689 0.68479773376498809 -4.639266112385271 5.5000000000000009 2.8874374994353933 21.648738632197027 -0.93085292505862405 16.846153360096448 -17.932038940727381 0.67983684365189634 26.046987670433641
decision_type=2 2 2 2 2 2 2 2 2 2 2 2 2 2 2 2 2 2 2 2 2 2 2 2 2 2 2 2 2 2 2 2 2 2 2 2 2 2 2 2 2 2 2 2
left_child=3 2 5 10 15 27 33 23 9 20 -1 28 13 36 30 32 -17 -18 19 39 -3 22 -10 35 -7 -26 37 -2 -12 -13 -11 -19 -5 34 -6 -4 -9 -23 -39 -16 -8 -25 -31 -35
right_child=1 8 7 4 6 24 40 12 21 14 11 29 -14 -15 18 16 17 31 -20 -21 -22 26 -24 41 25 -27 -28 -29 -30 42 -32 -33 -34 43 -36 -37 -38 38 -40 -41 -42 -43 -44 -45
leaf_value=-0.006939133288456723 -0.02130077919236854 0.00048748020693782917 0.0015808373539481968 0.0053977684820472258 -0.0035719870649813718 -0.0086415580553880107 -0.003451816656401395 0.0033877361329144036 0.022433494294462116 0.020136155761433294 -0.017226260142847647 -0.014420806593340125 -0.00075940808644917729 0.015119206616137276 0.024905583752399638 -0.0070201537796813476 0.011825950703299441 -0.0046111685844937838 0.011366463489564242 0.031913207048589722 0.012701835672391824 0.020183161216981528 0.0073718099596264842 -0.019626429501354611 -0.0032867259149976474 0.010021298836204909 -0.0072230854183099619 -0.012108948141492564 -0.026911253382582451 -0.013538957798616314 0.0056725423672505425 0.0072765517433591225 -0.041009191301155372 -0.010530269045716608 -0.019133600726629323 0.033266084031816565 0.0080631177127759215 -0.0017193672530420681 0.036769717427979007 0.0062624152712839557 0.011104912966634338 -0.004032491763586759 0.0019557901186240709 0.01621449239718498
leaf_weight=258680.73859708011 203614.37945540249 444193.86755153537 613030.59718747437 313739.69275121391 77722.530706003308 337292.0562569201 191438.69258223474 796085.37899290025 408944.35980004072 62218.746943712234 223407.69684398174 404015.20027416945 382248.95676767826 240738.84177672863 43133.395535677671 626639.19749866426 102593.25802482665 381113.99007338285 1027268.6743541211 83240.982589825988 134417.59724766016 84406.399527743459 99491.257181718946 43298.26383292675 488772.30326746404 110871.51234297454 38138.709240302444 506232.17253501713 312403.03518778086 61815.981478452682 683840.45025186241 100461.08276727796 5175.2993972450495 327350.437834993 444974.7854565084 10154.003723919392 1076845.9728158116 56487.801144897938 10248.781003177166 71782.513217315078 57448.741988345981 324267.98921376467 95418.675087794662 12116.985765606165
leaf_count=1083649 802507 1339934 1585864 874667 259397 1304470 547446 2186823 971461 176830 1073696 1705957 973219 544063 107334 2029613 296056 1040432 2435612 191376 346149 203221 251371 112383 1748942 349077 102622 2002383 1661753 295098 2131144 261109 12752 1042875 1669230 22404 2463777 158603 21921 171129 153435 826581 347547 32738
internal_value=-6.41388e-05 0.00411982 2.82594e-07 -0.0088385 -0.00560291 -0.00842686 -0.0108591 0.00398049 0.0106311 0.00898497 -0.0151409 -0.0170749 0.0059013 0.00710586 0.0106461 -0.00178526 -0.00347884 0.000319929 0.0129397 0.0210958 0.003325 0.0166476 0.0194862 -0.000858453 -0.00363964 -0.00082613 0.00902269 -0.0147456 -0.0228731 -0.0115395 0.00687876 -0.00213128 0.00464468 -0.0139674 -0.0168197 0.00209711 0.00607586 0.0131221 0.00419143 0.0132601 -9.18005e-05 -0.00586941 -0.00413589 -0.00957564
internal_weight=1.23778e+07 8.38127e+06 5.13345e+06 3.99652e+06 2.64077e+06 1.64678e+06 1.11105e+06 3.48667e+06 3.24781e+06 2.5501e+06 1.35574e+06 1.09706e+06 2.49592e+06 2.11367e+06 1.97148e+06 1.52972e+06 1.21081e+06 584168 1.22543e+06 198157 578611 697717 508436 990751 936936 599644 189282 709847 535811 561250 746059 481575 318915 862165 522697 623185 1.87293e+06 151143 66736.6 114916 248887 367566 157235 339467
internal_count=37918650 23531200 14922493 14387450 8219750 6207379 3705121 8715114 8608707 6899508 6167700 5084051 6167882 5194663 5213425 4514629 3627210 1597597 2905451 469839 1686083 1709199 1222832 2547232 3402489 2098019 486367 2804890 2735449 2348602 2307974 1301541 887419 3004240 1928627 1608268 4650600 383745 180524 278463 700881 938964 642645 1075613
is_linear=0
shrinkage=0.05


Tree=45
num_leaves=45
num_cat=0
split_feature=2 2 1 1 1 2 0 0 0 3 3 3 0 3 0 4 0 2 2 3 4 0 4 2 0 4 3 4 4 0 0 4 4 4 0 4 3 3 3 0 4 3 0 3
split_gain=256146 57858.9 28288.8 15856.4 15008 14039.8 13940.9 8697.49 7726.95 6793.97 5472.84 5133.64 4516.82 4494.98 4440.81 3585.73 3406.01 3236.33 3014.49 2856.66 3211.09 2625.94 2455.86 2383.49 2367.58 2207.46 2165.61 1946.66 1962.14 2255.88 1900.13 1891.98 1878.53 1717.88 1682.45 1669.61 1824.69 1632.55 1600.17 1563.81 1470.62 1458.29 1392.06 1383.11
threshold=4.5000000000000009 2.5000000000000004 -0.46472317204376873 0.4647231720437684 -0.2393156642875576 5.5000000000000009 0.81773537194966905 0.088756899407539988 -0.4298763333408428 -3.5327065382870653 -3.9974872748228978 6.5213846600313063 0.58743244627487468 -3.3587638980914956 -0.93085292505862405 -1.9649533070803604 0.5633557562674042 6.5000000000000009 6.5000000000000009 8.4045606075079089 -4.1486759917289886 -0.93085292505862405 -6.4105978126149834 6.5000000000000009 0.35460488704253579 7.7023350478439037 7.8408586488272585 -8.3412114006233526 8.1202913516313036 -0.2393156642875576 0.35460488704253579 9.6746708834979085 -7.5692134568637988 -5.9806671733647141 -0.82298386589365657 -10.378705173561888 16.544307882493953 6.8440929709266891 14.351529216426398 0.35460488704253579 -14.1647135174918 -10.525199506780263 0.37886415816525426 -13.241684549416249
decision_type=2 2 2 2 2 2 2 2 2 2 2 2 2 2 2 2 2 2 2 2 2 2 2 2 2 2 2 2 2 2 2 2 2 2 2 2 2 2 2 2 2 2 2 2
left_child=1 3 7 6 9 21 10 15 19 24 30 16 37 -9 22 -2 -5 -15 -16 20 -6 32 -7 26 41 38 -17 -12 -29 -30 -1 -8 -4 -21 -22 -13 -37 39 43 -11 -18 -3 -39 -10
right_child=2 4 5 11 8 14 31 13 25 12 27 35 -14 17 18 23 40 -19 -20 33 34 -23 -24 -25 -26 -27 -28 28 29 -31 -32 -33 -34 -35 -36 36 -38 42 -40 -41 -42 -43 -44 -45
leaf_value=0.013566500986300712 -0.0055167931381201905 -0.0063168735048143437 -0.005833437944290738 0.010413997896367676 0.0027394393821523503 -0.011098425500087616 0.010395641838540207 -0.013525365906250825 -0.0064429982932841124 0.012864047751677486 0.01084415725137358 -0.013058526021583864 0.0029623520975167149 -0.0018127921351823633 -0.011380564225824053 0.0061158370499806228 -0.0083307163993676294 -0.0088174326379791418 -0.015083867836544744 -0.019161544993859973 0.014476058735795827 -0.0069722633251504519 -0.0036092985581336712 -0.0012650279536512588 -0.0051758878197559512 -0.0059018989225795354 -0.0068205195299847685 0.021490996232564091 0.0061310385140391013 0.018313638941047993 0.0039050253233763096 0.0046460701730752863 0.0035177295612521865 -0.0013892198468385118 0.0029548799722400711 0.0039437705689084231 -0.008083654569963265 0.0025178429145333776 -0.014678012547670006 0.0063573078433586594 0.0048662631604663832 0.0057229455573416157 0.016026756824325066 -0.00048204934298010657
leaf_weight=282278.59362876415 160070.03649425507 30288.460456714034 102221.48630669713 796343.93281172216 607132.22186730802 245958.81309634447 334098.39126113057 160787.05512967706 109199.6507012099 477612.79748761654 65329.123260095716 18840.34762725234 272788.37061291933 467831.17687101662 1087650.4892833829 390846.71693722904 23486.558959782124 254663.30633097887 1110626.2551224381 18962.76289023459 103084.29157951474 1068342.4272388816 197258.4396802336 230660.23605436087 130705.85620892048 376507.54289466143 35271.097866073251 583268.8857524693 44393.715994998813 263818.32386822999 62082.994233518839 250259.07536740601 113159.88769035041 48052.414465993643 45751.193144112825 235468.76600751281 36410.513276934624 95908.145011141896 22282.158457607031 114474.19957078993 208634.01028753817 148256.252279073 23803.348162636161 893905.71789814532
leaf_count=974097 461893 86202 295488 2630969 1873967 695666 1095383 439206 307204 1610908 223512 52466 835313 1378692 3103100 1224742 63846 711552 3099250 51803 351903 3103100 586384 679965 374215 1098588 97400 2217625 142682 964834 193500 791117 351312 147435 142842 742332 107311 291827 61254 364673 653476 466834 81828 2690954
internal_value=-4.01931e-05 0.00654671 -0.00791288 0.0114069 0.00212019 -0.0102464 0.0143487 -0.0025253 -0.000369959 0.00640224 0.0172299 0.00720219 0.00843283 -0.00596442 -0.012331 0.00119352 0.00886052 -0.00428177 -0.0132516 0.00347581 0.00435289 -0.00595689 -0.00776531 0.00282896 -6.2683e-05 -0.00262762 0.00504505 0.0191753 0.0197858 0.0165589 0.0118247 0.00793331 -0.000920399 -0.00641812 0.0109345 0.00133557 0.00233304 0.0105293 -0.00142535 0.011606 0.00353096 0.0036805 0.00520395 -0.00113097
internal_weight=1.23488e+07 6.72343e+06 5.62535e+06 3.20471e+06 3.51872e+06 3.92522e+06 1.88553e+06 1.70013e+06 2.22488e+06 1.29384e+06 1.30117e+06 1.31918e+06 984587 883282 2.64149e+06 816848 1.02846e+06 722494 2.19828e+06 822983 755968 1.28372e+06 443217 656778 309251 1.4019e+06 426118 956810 891481 308212 344362 584357 215381 67015.2 148835 290720 271879 711798 1.02539e+06 592087 232121 178545 119711 1.00311e+06
internal_count=37918650 21690900 16227750 10853150 10837750 11234300 6602750 4993450 6725950 4111800 4716250 4250400 3184549 2529450 7484400 2464000 3348291 2090244 6202350 2567950 2368712 3749900 1282050 2002107 927251 4158000 1322142 3548653 3325141 1107516 1167597 1886500 646800 199238 494745 902109 849643 2349236 3059412 1975581 717322 553036 373655 2998158
is_linear=0
shrinkage=0.05


Tree=46
num_leaves=45
num_cat=0
split_feature=2 3 0 3 1 4 3 1 3 0 2 0 0 0 3 3 1 0 4 0 0 0 1 0 0 0 0 0 4 0 0 4 3 0 0 4 4 0 0 4 3 0 0 4
split_gain=60099.8 43900.4 23249.9 20684.6 17662.2 13661.8 12880.5 19243.8 9407.75 9336.58 8890.94 7432.97 6874.22 6478.99 6232.3 5861.31 12906.6 5651.06 6290.08 5371.24 5093.44 5769.76 4972.07 5138.05 8225.69 5945.04 6435.54 7632.18 4565.23 4498.86 4943.15 4378.37 4334.17 4283.68 4201.55 3875.68 3710.17 3675.27 3580.88 6004.32 3534.84 3508.98 3420.7 3412.39
threshold=3.5000000000000004 -9.8891503216907211 0.088756899407539988 -5.6601375280203134 -0.2393156642875576 7.3000500837369104 -2.0328718484581318 -0.4300652022765204 -14.381925670524582 -0.35460488704253573 5.5000000000000009 0.26568621746226689 0.48662714534649493 0.94117129826980317 8.5531780951887715 -1.4243037205819673 -0.10466628778912916 0.97474915486277813 1.0000000180025095e-35 0.93085292505862427 0.5633557562674042 0.88059548392442355 0.85743085555170595 -0.86066547284873141 -0.79450537036186197 -0.93085292505862405 -0.96778869966720515 -0.99087453071010889 3.7062759191938395 0.88059548392442355 0.81773537194966905 1.3981704685690206 -17.129417798973215 -0.96778869966720515 -0.4298763333408428 -10.563115581931781 21.255645475364993 0.65797238821565851 -0.2393156642875576 7.4348533444267781 2.4640361104050972 0.58743244627487468 0.99087453071010911 8.951559536320163
decision_type=2 2 2 2 2 2 2 2 2 2 2 2 2 2 2 2 2 2 2 2 2 2 2 2 2 2 2 2 2 2 2 2 2 2 2 2 2 2 2 2 2 2 2 2
left_child=1 9 5 19 11 8 12 28 -2 -1 40 -5 -3 20 34 33 -17 18 -12 29 -13 -22 23 25 -25 26 27 35 -8 30 -4 -15 -11 -10 -9 -18 -20 41 39 -30 -6 -14 -21 -39
right_child=2 6 3 4 10 -7 7 14 15 32 17 13 37 31 -16 16 22 -19 36 42 21 -23 -24 24 -26 -27 -28 -29 38 -31 -32 -33 -34 -35 -36 -37 -38 43 -40 -41 -42 -43 -44 -45
leaf_value=-0.00061777823676558775 0.010125613881366263 -0.0050553347299196836 0.0089564609136448588 0.015345603163069663 -0.00021077170587131171 0.010590899235151136 -0.0097338453231158948 -0.014090097762347466 -0.0047227465082027653 0.020538929287180228 0.0071588561969365824 -0.00040810650558899421 0.006592891751509425 0.045998131488456696 -0.017401774667459593 0.0018344385010523726 0.018220021296466198 0.0099579414312296367 -0.0011159226367523721 0.022008492966414519 0.0098533216295783339 0.00046795340566438588 -0.0027757283405552844 -0.026292611995567036 -0.0088394916413875989 0.004171771897737226 -0.022877363014956381 0.013696089253457675 -0.0040421066454717734 -0.002813370537008027 0.022742187092289576 0.01281075581376168 0.0089633124496901039 0.0018238542040266298 -0.0079775595634307677 -0.013708122794061674 -0.019866246326097847 -0.001204324298374612 -0.0028461013196548002 0.016601769503103665 -0.0066786085351901951 0.033002303617114537 0.010697686527924841 0.013002001122615431
leaf_weight=218428.79219010472 183015.70847448707 782437.88003738225 485963.33084622025 254339.02094343305 403675.76057331264 277035.3804217875 194951.9797231704 444404.27786037326 305703.76799191535 112898.835884884 284549.63907319307 299256.3543369472 42042.018222123384 15707.487645223737 403132.0235702917 701192.63351488113 10402.512292176485 244814.41305628419 462837.32907794416 172857.20073239505 584327.88846516609 227515.1577718854 449627.33180965483 97124.593092516065 221404.12849755585 111032.52180168033 67626.303721383214 42470.776969388127 72137.341836720705 68038.077341794968 75070.623013347387 27057.558819457889 284990.72718942165 1368297.2660247386 765183.37410281599 110132.07924297452 27977.267683163285 271029.9830801338 580679.47727012634 68830.635392710567 443154.81666457653 17946.996585309505 108992.9298607558 50080.98884819448
leaf_count=794090 443345 3012840 1126435 667692 1105392 777041 889186 2008680 858725 284123 671184 864555 135751 33120 1513111 2198011 28753 550414 1142438 363074 1482739 578394 1221398 304800 627118 313970 207618 128428 324393 153062 165773 65527 847352 3629978 2780808 348815 72093 907376 2345220 233258 1261694 50722 253114 147040
internal_value=0.000108627 -0.00466524 0.00263856 0.00523408 0.00338051 -0.00011556 -0.00672695 -0.00872978 -0.000924187 0.00768814 0.000191677 0.0076083 -0.00237317 0.00590282 -0.0120177 -0.00150447 -0.0034759 0.0033353 0.00124426 0.0118986 0.00516777 0.00722312 -0.00683101 -0.00959289 -0.0141612 -0.00533388 -0.00991017 -0.00453044 -0.00294478 0.00932861 0.0108011 0.0250004 0.0122478 0.000628323 -0.0102233 -0.0109526 -0.00218472 0.0031336 -0.00111072 0.00603771 -0.00359545 0.0144938 0.0176345 0.00101132
internal_weight=1.24404e+07 4.30918e+06 8.1312e+06 4.18613e+06 3.27521e+06 3.94507e+06 3.69286e+06 2.52932e+06 3.66803e+06 616318 1.86701e+06 1.4082e+06 1.16354e+06 1.15386e+06 1.61272e+06 3.48501e+06 1.81101e+06 1.02018e+06 775364 910922 1.1111e+06 811843 1.10982e+06 660193 318529 341664 230632 163005 916599 629072 561034 42765 397890 1.674e+06 1.20959e+06 120535 490815 381100 721647 140968 846831 59989 281850 321111
internal_count=37918650 16273950 21644700 10556700 8495242 11088000 14348385 10094656 10310959 1925565 4803215 3692027 4253729 3024335 6302599 9867614 5378911 2436129 1885715 2061458 2925688 2061133 3180900 1959502 931918 1027584 713614 505996 3792057 1445270 1292208 98647 1131475 4488703 4789488 377568 1214531 1240889 2902871 557651 2367086 186473 616188 1054416
is_linear=0
shrinkage=0.05


Tree=47
num_leaves=45
num_cat=0
split_feature=1 3 2 2 3 3 1 0 3 0 2 4 0 3 0 4 4 1 3 4 0 0 4 0 0 3 4 3 0 4 4 1 4 0 2 0 2 4 1 0 4 0 4 0
split_gain=165150 81293.5 58555.2 30271.4 19819.4 18023.4 14869.8 14174.1 12961.7 10009.5 8283.69 8201.05 13440.9 7323.24 7307.22 9300.47 9024.34 7080.54 6959.04 6163.87 6234.13 6093.64 5470.24 5371.83 6249.27 5381.05 5025.55 4751.77 4645.62 4516.83 4384.07 7881.47 4282.94 4153.01 3983.46 3925.28 3877.99 3822.83 3490.15 4958.38 3889.75 3483 3428.2 3403.53
threshold=-0.2393156642875576 -0.34773159257752789 3.5000000000000004 3.5000000000000004 1.9150080877777429 7.9721025807415069 0.47375768738725649 0.48662714534649493 -9.3317940367424583 0.93085292505862427 3.5000000000000004 -2.3164270444987696 0.35460488704253579 -11.21834516884538 -0.32012920303568732 -4.639266112385271 17.586657681058949 0.82619477567192912 17.700182401887425 -3.399854346944934 0.26568621746226689 0.46472317204376884 -0.34033546191620795 0.5633557562674042 0.76251730544457197 7.5676226976124612 -0.11104948705641247 0.78397047326234681 -0.99087453071010889 13.980421417346863 -9.6772138048987149 0.98236589408923247 10.613918788794527 0.94117129826980317 3.5000000000000004 0.20588816045177846 2.5000000000000004 -4.9109995856303916 1.0000000180025095e-35 0.5633557562674042 -8.1825277551116589 0.48662714534649493 16.846153360096448 0.93085292505862427
decision_type=2 2 2 2 2 2 2 2 2 2 2 2 2 2 2 2 2 2 2 2 2 2 2 2 2 2 2 2 2 2 2 2 2 2 2 2 2 2 2 2 2 2 2 2
left_child=3 2 8 11 19 6 10 26 -2 13 -3 -1 27 30 15 -7 18 -8 38 33 -21 -22 28 25 -25 -9 -6 -13 -15 -14 35 -32 -23 -5 -19 -4 -10 -20 -16 -40 -41 -36 -26 -42
right_child=1 5 9 4 7 14 17 23 36 -11 -12 12 29 22 16 -17 -18 34 37 20 21 32 -24 24 42 -27 -28 -29 -30 -31 31 -33 -34 -35 41 -37 -38 -39 39 40 43 -43 -44 -45
leaf_value=-0.0065574746452532326 -0.017056391593390247 -0.0039880792607994908 -0.00080580971949713678 0.0051684363240932863 -0.0015801070097862979 0.030492900532810618 0.012848346302650297 -0.0055111864469449242 -0.0090194301151714507 -0.0042512688697754928 0.0051281000894481885 -0.016624189374373554 -0.013891516724348541 0.011516690273075619 -0.0023454821684645534 0.013369706212419168 0.019199768569344702 0.0023334223338157523 -0.019920701574559076 -0.0067760407941494369 0.011283888369816274 -0.0042698462895462133 0.012817956259796448 -0.011944246797079989 -0.0032750813458513484 0.039491352454401531 -0.017056623854781471 -0.026251668285057508 0.0036197196252129625 -0.003873219705398904 0.0029616119621789492 0.049798703868011773 0.0076566641999370301 -0.040225117104253673 0.0095009046722895063 -0.013090360779029142 -0.0022820904970653594 0.02456173057189311 0.0030345121393088501 -0.024226369584605282 0.017299129794295005 -0.013543128286731949 0.010679509796588028 0.0049617926348309305
leaf_weight=257084.87010619044 418030.87207113206 376467.92079363763 335572.41469112039 315409.22356306016 57965.126650005579 129969.62145969272 814075.21463726461 12826.480884537101 549220.90875779092 408434.98798932135 737101.47897554934 220578.218163535 400005.54688161612 212860.75926819444 92240.380907490849 203410.01678840816 272063.68737278879 356876.98919282854 5140.4635111540556 637088.49175661802 104842.25746020675 395660.4902819097 230323.64726629853 197987.64651112258 187511.80133126676 13777.59785503149 551678.71184231341 305914.26064574718 1488898.8530379236 156537.81545460224 53193.608544737101 10806.611442148685 92962.224672585726 5120.4505300670862 634614.03588981926 80656.101027473807 349500.11811485887 79974.467608988285 246353.12960863113 6926.303417891264 192612.73742595315 16832.401961520314 57510.863091230392 78760.696981757879
leaf_count=1083649 1695308 1394544 877142 878157 192156 290495 2127871 34360 2228595 1059555 1886503 1073696 1705957 536304 248623 559912 654356 1143332 11432 2078762 302313 1083930 527349 600804 537572 38789 2065562 1661753 3705594 642645 128128 23724 241447 12836 1507969 205657 1144266 180540 661008 17579 468169 39585 153062 207660
internal_value=-6.92247e-05 0.00391026 -0.00107677 -0.00846918 -0.00535293 0.00877279 0.00659825 -0.010556 -0.00978267 0.00298723 0.00204616 -0.0145856 -0.0164913 0.0042128 0.0136559 0.0200453 0.0114691 0.00937979 0.00847305 -0.00173255 -0.00334121 0.000346102 0.00558626 -0.00402742 -0.00533789 0.0177945 -0.0155851 -0.0222182 0.00460749 -0.0110737 -0.00131298 0.0108702 -0.00200078 0.00444328 0.00657943 -0.00318629 -0.00639937 0.0218752 0.0066239 0.00820083 0.0127741 0.00890548 2.91496e-07 0.0137185
internal_weight=1.23514e+07 8.38092e+06 4.1375e+06 3.97046e+06 2.63034e+06 4.24342e+06 2.93597e+06 1.07926e+06 1.31675e+06 2.82075e+06 1.11357e+06 1.34012e+06 1.08304e+06 2.41231e+06 1.30745e+06 333380 974072 1.8224e+06 702008 1.55108e+06 1.23055e+06 593465 1.93208e+06 469614 443010 26604.1 609644 526492 1.70176e+06 556543 480229 64000.2 488623 320530 1.00832e+06 416229 898721 85114.9 616893 524653 278300 651446 245023 271373
internal_count=37918650 23531200 12131622 14387450 8219750 11399578 8099804 3622305 5068169 7063453 3281047 6167700 5084051 6003898 3299774 850407 2449367 4818757 1795011 4597445 3706452 1627690 4769247 1364587 1291438 73149 2257718 2735449 4241898 2348602 1234651 151852 1325377 890993 2690886 1082799 3372861 191972 1603039 1354416 693408 1547554 690634 675829
is_linear=0
shrinkage=0.05


Tree=48
num_leaves=45
num_cat=0
split_feature=2 2 1 1 1 0 2 0 0 3 3 3 2 3 4 0 2 3 0 4 3 4 0 4 0 3 4 1 0 0 3 4 0 4 3 2 0 0 4 3 0 0 0 3
split_gain=233583 52361.5 26145 14139.1 13390.4 12648.4 12119.7 10473.6 7092.96 6159.54 5510.76 4993.28 4807.51 4502.69 3748.6 3239.27 3197.71 3060.44 3023.83 2977.17 2231.36 2084.48 1880.44 1830.52 1940.68 1829.55 1724.77 1710.52 1703.47 1635.86 1607.99 1579.62 1546.03 1537.39 1679.55 1517.59 1490.01 1414.1 1338.52 1313.77 1249.5 1245.25 1238.72 1382.39
threshold=4.5000000000000009 2.5000000000000004 -0.2393156642875576 0.4647231720437684 -0.2393156642875576 0.81773537194966905 5.5000000000000009 0.58743244627487468 -0.46472317204376817 -1.8070737377971076 -3.0130825307625559 -3.9974872748228978 6.5000000000000009 6.5213846600313063 9.2365952017657573 0.35460488704253579 6.5000000000000009 9.2200767118306164 0.5633557562674042 -4.9109995856303916 -0.62696125845824457 16.495969642842109 0.35460488704253579 -7.1348371782435747 -0.66312265824079508 1.0469221891041089 9.6746708834979085 -0.73300900260771595 0.35460488704253579 0.65797238821565851 -10.525199506780263 9.9729883624521403 -0.82298386589365657 -10.378705173561888 19.255578152819776 6.5000000000000009 0.48662714534649493 0.99437935835663549 -13.924665154860365 -24.51843460078786 -0.94117129826980295 -0.94117129826980295 -0.2393156642875576 5.4329906566908273
decision_type=2 2 2 2 2 2 2 2 2 2 2 2 2 2 2 2 2 2 2 2 2 2 2 2 2 2 2 2 2 2 2 2 2 2 2 2 2 2 2 2 2 2 2 2
left_child=1 3 7 5 9 11 36 10 17 15 -2 28 31 18 22 30 41 19 39 25 29 37 -11 -13 -25 -6 -7 42 -1 -9 -3 -12 -21 -15 -35 -22 -4 -10 -20 -5 -18 -8 43 -16
right_child=2 4 6 13 8 26 16 20 21 14 12 23 -14 33 27 -17 40 -19 38 32 35 -23 -24 24 -26 -27 -28 -29 -30 -31 -32 -33 -34 34 -36 -37 -38 -39 -40 -41 -42 -43 -44 -45
leaf_value=0.012868369643270931 -0.0066302652321277621 -0.0060950522015189943 -0.0046947076982116363 -0.0066844499397661272 0.0040014600437233063 0.0098780506794954991 -0.0060314591900931048 -0.031468848885262676 -0.0022219588917803661 0.013233650581676719 0.0043507261744123709 0.011264117315332728 -0.0037071585781363499 -0.01247939343151111 0.011242384764206506 -0.0041981608512372112 -0.0097519889439717858 -0.008234391006888624 -0.0077622484161251537 0.013016828736164571 -0.0043620420708961284 -0.0087904060885469395 0.0063873634384271002 0.022211389707368964 0.017230029622331573 -0.0030111586155469657 0.0043936522854127512 0.00033099540573345958 0.0037243131381751332 -0.012047716524395864 0.0062042848797236542 -0.00078146559885648519 0.0027702878870394672 0.0034356406936578462 -0.01181975040740443 -0.01090940789469047 -0.0084701025368023163 0.0054166681770102428 0.0047066504484595401 0.010148124761878739 -0.014730677069343107 -0.011044306004007038 0.0085212758324679626 -0.013182632147291049
leaf_weight=282785.73239529133 336912.73702441156 30212.316838651896 741798.96898341179 11765.437043398619 441675.85847769678 334990.94923099875 140978.35873907804 11511.763593927026 1253282.0728252232 357513.85313133895 559153.22861334682 85658.697479218245 415661.1927626431 18692.947500750422 9643.4452133327723 171156.09371371567 143383.84891822934 52058.200183570385 24004.090631559491 124005.12291656435 252560.7441984117 117966.90401311219 139407.06751178205 296298.77366152406 574871.09467916191 117819.24839735031 250593.02631860971 140505.255030334 62121.304819360375 186557.33762010932 220684.99498698115 204859.07351624966 52356.198989868164 252306.18626838923 19431.548403903842 136248.76709620655 403490.82259577513 63666.386826142669 208262.32856743038 786533.03354552388 1040793.9989336208 1021945.5936994255 211935.89977030456 14508.273139819503
leaf_count=974097 967982 86202 2194500 32310 1373493 1095383 411950 25572 3724668 1215744 1729507 295498 1203008 52466 31774 494855 415800 153457 65648 418916 733974 340813 441432 1141681 2111474 350879 791117 420973 193500 520942 699739 604003 163405 793660 55983 378862 1162700 200319 651674 2598659 2937550 2941400 683695 37386
internal_value=-4.1427e-05 0.0062373 -0.00758901 0.0108569 0.0020248 0.0136339 -0.0102414 -0.00318524 -0.0003301 0.00606514 -0.000990455 0.0163793 0.000620265 0.00688947 0.00846156 0.00110532 -0.0122989 0.00348147 0.00843914 0.00431031 -0.0088569 -0.00242304 0.011313 0.0182385 0.0189243 0.00252473 0.00753107 0.00469905 0.0112214 -0.0131765 0.00472323 0.0029746 0.00997495 0.00139063 0.00234475 -0.00665641 -0.0060248 -0.00185268 0.00341802 0.00990004 -0.0141278 -0.0104366 0.00729866 -0.00343006
internal_weight=1.23226e+07 6.72671e+06 5.59586e+06 3.20832e+06 3.5184e+06 1.88732e+06 3.49239e+06 2.10346e+06 2.22283e+06 1.29557e+06 1.51659e+06 1.30174e+06 1.17967e+06 1.321e+06 873514 422053 2.3471e+06 787915 1.03056e+06 735856 586879 1.43492e+06 496921 956829 871170 559495 585584 376593 344907 198069 250897 764012 176361 290431 271738 388810 1.14529e+06 1.31695e+06 232266 798298 1.18418e+06 1.16292e+06 236088 24151.7
internal_count=37918650 21690900 16227750 10853150 10837750 6602750 10063900 6163850 6725950 4111800 4504500 4716250 3536518 4250400 2831004 1280796 6706700 2460150 3348291 2306693 1659350 4265800 1657176 3548653 3253155 1724372 1886500 1173828 1167597 546514 785941 2333510 582321 902109 849643 1112836 3357200 3924987 717322 2630969 3353350 3353350 752855 69160
is_linear=0
shrinkage=0.05


Tree=49
num_leaves=45
num_cat=0
split_feature=2 3 0 3 1 1 3 4 0 0 3 4 1 4 3 1 0 0 0 3 4 0 0 2 3 0 0 1 1 4 3 0 3 4 2 3 0 3 1 0 0 0 0 0
split_gain=54263.8 40031.8 21089 18883.2 15083.2 12867.9 13959.3 12461.2 9536.99 9291.5 8611.93 8347.44 8156.8 7916.1 6035.41 5844.7 6984.68 6551.74 12205.7 5523.54 5280.33 5133.89 4913.98 4721.16 4645.03 4400.22 4354.78 4065.69 4057.17 5188.97 4774.3 3487.1 3436.96 3431.77 3410.02 3319.05 3295.66 4220.73 4822.96 3251.05 3388.82 3193.84 7591.6 4862.73
threshold=3.5000000000000004 -8.1441104203294596 0.088756899407539988 -7.0073297285146827 0.36521623457838687 -0.55094406234797322 -0.90510686734943835 7.3000500837369104 -0.35460488704253573 0.26568621746226689 -5.4354207370286067 3.1197391685492737 -0.22264714151432796 21.255645475364993 -13.969481366817602 0.93621795190976798 -0.32012920303568732 -0.2393156642875576 -0.2058881604517783 2.8157882194800341 9.6746708834979085 -0.56335575626740397 0.5633557562674042 5.5000000000000009 14.983940511818 0.96778869966720549 -2.8327694488239893e-16 0.99284498505578556 0.97148236575323155 -11.324912368720002 -14.798907145310212 -0.93085292505862405 -20.187501122676377 2.7730993688227916 5.5000000000000009 -16.447419376070052 -0.2393156642875576 2.4640361104050972 -0.55094406234797322 0.65797238821565851 0.58743244627487468 -0.93085292505862405 -0.86066547284873141 -0.79450537036186197
decision_type=2 2 2 2 2 2 2 2 2 2 2 2 2 2 2 2 2 2 2 2 2 2 2 2 2 2 2 2 2 2 2 2 2 2 2 2 2 2 2 2 2 2 2 2
left_child=1 8 7 28 9 33 20 10 31 -5 15 27 -12 22 -10 -2 -17 -18 -19 41 -7 -8 -11 25 -23 -24 34 -6 30 -30 -4 -1 -33 -3 -21 -20 37 -9 -39 40 -25 -14 -43 -44
right_child=2 5 3 4 11 6 21 36 14 13 12 -13 19 -15 -16 16 17 18 35 26 -22 24 23 39 -26 -27 -28 -29 29 -31 -32 32 -34 -35 -36 -37 -38 38 -40 -41 -42 42 43 -45
leaf_value=-0.0099474562584803885 0.0010590610911528123 -0.007010084137687677 0.021717399768271028 0.01466399394485895 0.001796676520320385 -0.0045929587960721364 -0.016230869601400032 -0.0033011251542492204 0.016428709898536384 -0.00044749472383479689 0.0014304088345662219 -0.0060785766428801593 -0.0063460719947575923 -0.0069682409453714752 0.0053496541593354438 0.034660489077931261 -0.011109503634646543 0.037249131500739031 0.022636607584024356 -0.013475846299136649 0.013621588862373333 -0.0088287037958482695 0.0066917776152468954 0.011996752753314355 -0.020261504975228557 -0.0014544497175769393 0.0047060488981771932 0.025687141134514396 0.012356406174941152 -0.016506920545245937 0.011280814463419726 0.019570632125092507 -0.00043287226782909305 -0.00045800516409671179 -0.0056815344585553276 -0.00018395092629381211 0.0052503279564935527 0.025092600267874316 -0.0062709818600579495 0.0080657553958520863 0.034373158056617538 0.011708303246944739 -0.016022245053890688 -0.0011630667134473022
leaf_weight=88168.311614632607 827791.81792506576 268685.65453346074 138307.06159587204 262836.33451618254 668231.45141133666 837048.8206948936 433736.12228716165 22599.831933006644 200996.74464504421 292025.59309226274 904854.88424578309 496213.23674793541 338107.76048997045 136259.78350506723 316473.64317157865 25926.512564301491 39538.621262341738 35748.671866342425 19213.450558319688 279691.88848692179 41774.889517694712 1021619.8599000722 427842.35485170782 58033.700150504708 97304.88156683743 270621.06898087263 59079.699172362685 18296.0060980618 37171.840262874961 26796.673418805003 527586.6018923223 24365.224486678839 180930.77291959524 780046.58291363716 281623.16558045149 93323.65309278667 154838.29424324632 85935.022206172347 14296.762362539768 805405.23327681422 23883.909280955791 108992.00371490419 60729.29174901545 589722.50546872616
leaf_count=354879 2186980 1141582 287020 685725 1707747 3129782 2007320 67666 528810 838143 2794156 1352522 1003455 359531 984826 56298 100097 71097 38427 887429 121979 3784299 1168844 139684 343489 741855 158067 43073 90002 67781 1185726 67498 658647 3150839 752434 228564 449846 213493 46036 1841223 47824 283796 182506 1567653
internal_value=0.000114141 -0.00443487 0.00251473 0.00498469 0.00344288 -0.00676604 -0.00876276 -0.000110298 0.00556964 0.00582231 -0.000884148 -0.00113778 -0.00241164 0.00466847 0.009653 0.00296236 0.0103332 0.0069752 0.0117973 -0.00443527 -0.00372713 -0.011613 0.00551287 0.00661048 -0.00982293 0.00353551 -0.00820623 0.00243336 0.0122931 0.00026544 0.0134485 -0.00163062 0.00194121 -0.00213665 -0.00956528 0.0037122 0.010102 0.0162179 0.020619 0.00903097 0.0185208 -0.00230372 -0.000504046 -0.00255039
internal_weight=1.24227e+07 4.29115e+06 8.13152e+06 4.18951e+06 3.45965e+06 3.48022e+06 2.43148e+06 3.94201e+06 810935 2.27691e+06 3.66434e+06 1.18274e+06 2.6228e+06 2.01407e+06 517470 1.04154e+06 213751 187824 148286 1.71795e+06 878824 1.55266e+06 1.87781e+06 1.58579e+06 1.11892e+06 698463 620395 686527 729862 63968.5 665894 293464 205296 1.04873e+06 561315 112537 277670 122832 100232 887323 81917.6 1.09755e+06 759444 650452
internal_count=37918650 16273950 21644700 10556700 8926171 13679290 9386869 11088000 2594660 5822829 10310959 3103342 7629496 5137104 1513636 2681463 494483 438185 338088 4835340 3251761 6135108 4777573 3939430 4127788 1910699 1797930 1750820 1630529 157783 1472746 1081024 726145 4292421 1639863 266991 777041 327195 259529 2028731 187508 3037410 2033955 1750159
is_linear=0
shrinkage=0.05


Tree=50
num_leaves=45
num_cat=0
split_feature=1 3 2 2 3 3 1 3 4 1 1 0 1 0 0 1 3 0 4 4 4 0 1 4 0 0 0 3 4 2 3 4 0 3 4 2 0 0 2 3 2 2 1 1
split_gain=149919 74204 58240.7 28296.6 21962.1 18449.3 16594.2 11011.8 10055 14300.2 9572.53 8288.25 8895.81 7101.58 6358.98 7141.64 6266.56 6146.27 5983.43 5900.69 5885.03 5538.17 5133.61 6013.6 5030.78 5295.02 4820.37 4679.37 4488.57 4481.49 4435.14 4424.56 5769.42 4524.79 4209.6 3927.85 3915.38 3890.04 3838.36 3755.13 3509.12 3460.59 3305.51 4414.44
threshold=-0.2393156642875576 2.532808694916675 3.5000000000000004 2.5000000000000004 1.0469221891041089 -5.7702040850544014 -0.73300900260771595 -6.488569845523247 20.545020291238242 0.23931566428755774 0.82619477567192912 0.67983684365189634 0.66905282987950276 -0.12053668025532321 0.93085292505862427 -0.46472317204376873 19.255578152819776 0.93085292505862427 3.2380587573242363 24.301560733309959 0.68479773376498809 0.93085292505862427 0.4647231720437684 1.8456006950205011 0.88059548392442355 0.81773537194966905 -0.94117129826980295 9.973880514858033 1.953941008251576 5.5000000000000009 -13.969481366817602 -5.039442712515334 0.46472317204376884 0.58435031030321138 18.426290891346699 5.5000000000000009 -0.99087453071010889 0.89412692780947678 3.5000000000000004 21.648738632197027 5.5000000000000009 5.5000000000000009 0.57552211292281397 0.62305106867763382
decision_type=2 2 2 2 2 2 2 2 2 2 2 2 2 2 2 2 2 2 2 2 2 2 2 2 2 2 2 2 2 2 2 2 2 2 2 2 2 2 2 2 2 2 2 2
left_child=3 2 5 31 14 30 13 21 9 -3 11 27 16 28 15 29 -13 18 41 26 -12 24 -7 -24 25 36 -8 38 -6 -5 -2 -1 33 -33 -34 -14 -4 -17 -11 -22 -38 -9 -20 -44
right_child=1 8 7 4 6 22 19 17 -10 10 20 12 35 -15 -16 37 -18 -19 42 -21 39 -23 23 -25 -26 -27 -28 -29 -30 -31 -32 32 34 -35 -36 -37 40 -39 -40 -41 -42 -43 43 -45
leaf_value=-0.0064018823223056512 -0.020415343637243982 0.0021339928283938916 0.011352918614826627 -0.0055187250541384215 -0.0057552178845479765 -0.007965264831204211 -0.019725900072848815 0.0033423150459584946 0.020118402675644569 0.0093736578328717096 0.010195555290850514 0.0098376370576016524 -0.0011125613609865974 -0.01220224564745692 -0.015243536274363315 0.004416306114300851 0.041241601180928546 -0.00025350763937167917 0.0072210002844752628 0.020211251351149123 0.0011844759466035789 -0.0083460506833728347 -0.0027151659856121321 0.010026209348470252 0.018985930437997161 -0.017758873513124482 -0.0040891818633879166 0.02367756393998445 -0.025386069564246577 0.00040674486399202284 -0.011370847334594911 -0.015885786170583553 -0.014932902451576796 -0.026435527012221578 0.0019055706596245886 -0.03157408506638628 -0.0029499934298364968 0.02864705437904938 0.017940624293406902 0.027211199318969377 0.0032118122836358137 0.0077949993874033468 0.048827727046694136 0.016998269383060521
leaf_weight=97841.222630232573 184351.56381908059 585339.18003563583 88541.593022719026 708236.93471872807 34075.081566914916 356577.28181229532 53842.84398457408 759772.88715204597 223258.89559835196 208449.5511380136 611899.98783275485 458268.31726661325 29216.788063943386 574813.95946548879 85893.017803072929 264409.55026616156 16455.906730815768 362026.14540867507 83072.117292493582 23290.284617751837 354672.02722682059 173345.98929314315 527602.95463739336 112321.70946963131 38669.707238718867 37770.205381527543 582447.40284122527 198844.30474899709 200183.10895337164 580743.83294543624 511956.10383947194 186587.50774164498 268875.68550498784 223241.62425841391 43061.679784655571 16592.543017491698 431589.91768319905 17670.786564782262 350749.05653694272 14422.375787317753 497291.20657259226 1025118.9220836163 12090.254410639405 110024.59139327705
leaf_count=433828 746316 1697920 221511 2419706 129309 1389995 198015 2074021 530137 662917 1573423 1178807 73020 2113484 232619 784753 33506 917551 187382 60374 970602 463511 1882873 347395 85369 94762 1874672 473499 824877 1593804 2058574 960921 1228613 1315113 173325 35074 1220801 44037 820367 32488 1155827 2334875 23504 245173
internal_value=-7.36234e-05 0.00370994 0.000134254 -0.00811054 -0.00594215 -0.00752097 -0.0103939 0.00371472 0.00990076 0.00909892 0.0109032 0.0137538 0.00889577 -0.0151927 -0.00199627 -0.00127202 0.0109262 0.00573905 0.00682919 -0.00450757 0.00718782 -4.26972e-05 -0.00315765 -0.000478757 0.00127315 0.000624026 -0.00541236 0.0170897 -0.0225306 -0.00284903 -0.0137654 -0.0163798 -0.0177324 -0.0216324 -0.0126084 -0.012146 0.00130646 0.00593423 0.0147472 0.00220147 0.000348827 0.00589963 0.0149153 0.0201496
internal_weight=1.23255e+07 8.38029e+06 5.31212e+06 3.94521e+06 3.12561e+06 1.69281e+06 1.46865e+06 3.61931e+06 3.06817e+06 2.84491e+06 2.25957e+06 1.27858e+06 520534 809072 1.65695e+06 1.57106e+06 474724 2.3521e+06 1.99008e+06 659581 980994 1.26721e+06 996502 639925 1.09386e+06 1.05519e+06 636290 758043 234258 1.28898e+06 696308 819608 721766 409829 311937 45809.3 1.01742e+06 282080 559199 369094 928881 1.78489e+06 205187 122115
internal_count=37918650 23531200 15449440 14387450 10275650 6425153 5200731 9024287 8081760 7551623 5853703 3277190 1320407 3067670 5074919 4842300 1212313 5782506 4864955 2133061 2576513 3241781 3620263 2230268 2778270 2692901 2072687 1956783 954186 4013510 2804890 4111800 3677972 2276034 1401938 108094 2598139 828790 1483284 1003090 2376628 4408896 456059 268677
is_linear=0
shrinkage=0.05


Tree=51
num_leaves=45
num_cat=0
split_feature=2 2 1 2 1 1 0 0 0 3 0 3 0 2 3 2 3 4 3 4 3 0 4 4 3 0 4 4 2 0 0 1 3 0 3 3 0 4 3 3 3 4 0 0
split_gain=212959 47382.4 24210.7 13095.7 12453.2 12138 9025.29 6461.62 6413.64 5682.3 5512.08 4285.03 4057.94 3755.17 3452.81 2813.46 2811.64 3185.9 2710.1 2771.12 2659.89 2650.25 3050.88 2490.6 2324.24 2139.33 2208.81 1925.85 1897.46 1892.91 1882.2 1732.82 1696.72 1749.66 1575.08 1570.4 1542.29 2257.26 1467.13 1450.34 1449.66 1447.86 1434.47 1353.39
threshold=4.5000000000000009 2.5000000000000004 -0.59907629515643335 5.5000000000000009 0.25145141517831299 -0.2393156642875576 0.58743244627487468 1.0000000180025095e-35 -0.46472317204376817 -5.4354207370286067 0.48662714534649493 -3.3587638980914956 0.35460488704253579 6.5000000000000009 -1.6495127090000989 6.5000000000000009 3.8540119167625204 -10.741113714457011 9.5877804135133946 -3.6523558457140619 7.3083067911577908 -0.82298386589365657 -6.5579930310375252 -1.9649533070803604 7.5676226976124612 -0.58743244627487456 -5.9806671733647141 12.025151732854502 6.5000000000000009 -0.93085292505862405 -0.82298386589365657 -0.66312265824079497 7.5676226976124612 0.46472317204376884 -24.51843460078786 3.6246353151596193 -0.79450537036186197 -7.8766203409222824 19.255578152819776 15.665097213080172 -0.55864259457566579 -5.3041796436846189 -0.82298386589365657 -0.58743244627487456
decision_type=2 2 2 2 2 2 2 2 2 2 2 2 2 2 2 2 2 2 2 2 2 2 2 2 2 2 2 2 2 2 2 2 2 2 2 2 2 2 2 2 2 2 2 2
left_child=1 4 7 21 6 9 14 23 18 -3 16 -9 20 25 -1 -13 29 -18 19 35 -11 22 -4 43 28 26 -5 39 31 -6 41 -25 -16 -34 -31 -7 37 -15 -12 -10 -14 -19 -21 -2
right_child=2 5 3 13 10 8 -8 11 27 12 38 15 40 36 32 -17 17 30 -20 42 -22 -23 -24 24 -26 -27 -28 -29 -30 34 -32 -33 33 -35 -36 -37 -38 -39 -40 -41 -42 -43 -44 -45
leaf_value=0.01252994003119421 -0.010354757827506915 -0.0016997927875261915 -0.0057076392542588731 -0.0093783610573988027 0.021028798926684397 0.0035404524191669446 0.0086829904356128997 -0.012668461008696659 -0.0012633895184226652 0.011059229299097743 0.0027618246221558017 -0.00060553881032886052 -0.0012912785157613627 -0.014461347679414958 0.019630192950593834 -0.0075236200541482987 -0.0095240942667101716 0.0026680361131175088 -0.0083734579638719327 0.013615492214949657 0.0011254126227989816 -0.0064674929270311064 0.0038837630475341196 0.0056669997569298485 -0.0084526432407534303 -0.010728023992924546 -0.0022440800522082784 -0.0065323351623470492 3.6068000966197169e-05 -0.0072310471189272465 0.0049284030363441235 0.025642524208122155 0.0097398861405810153 0.02785822494085053 0.010309371132692445 -0.0041475522779096281 -0.014048595586654151 -0.0067528894545203682 -0.015695756240826478 -0.013746064910327947 0.0052590469888762533 0.021220723538869325 0.0025257045009721315 0.0017833003565369855
leaf_weight=389345.40441702306 57510.894623041153 212488.4435338527 182016.81786032021 271544.54640372097 41069.921439304948 525108.64996960759 642998.16530816257 140856.42330729961 1182213.4284516722 551895.84157024324 418972.01986846328 417401.81139075756 111964.23160821199 176787.24309270084 535211.79377765954 226827.49637869 33581.322857484221 15093.106606692076 46687.884049385786 99429.88863389194 76758.405336678028 1021884.4395423234 152266.64044229686 326547.17415516078 39671.419374629855 919934.97213259339 180679.98298820853 226670.5149833411 185415.02209815383 13026.978690057993 244778.76776270568 11230.034618064761 85347.481728628278 15789.877503454685 730148.72479192913 76042.951247245073 1013045.9081799984 205208.26037372649 11050.040681943297 23737.120407775044 343915.19508564472 34677.621425509453 41260.200415626168 38231.202384874225
leaf_count=1352968 158696 628957 529607 783976 154201 1629447 2102100 389855 3536409 1840883 1292901 1243327 332327 496230 2056051 642168 96161 48588 138056 338309 231019 2987600 475243 1018755 107759 2656500 544274 662873 553154 35581 776991 41401 293719 62562 2422650 225607 2879800 601020 31499 66518 1078614 127178 128731 118385
internal_value=-4.29252e-05 0.00594201 -0.0072773 -0.00922836 0.0103336 0.00193369 0.0133272 -0.00170481 -0.000310554 0.00577695 0.00709493 -0.00476859 0.00724184 -0.011201 0.0162387 -0.00304133 0.00895337 0.00506716 0.00331096 0.00404632 0.00984631 -0.0052033 -0.00133874 0.00194735 0.00321547 -0.0093438 -0.00652796 -0.00230387 0.00410021 0.0105794 0.00673069 0.00633112 0.0185079 0.0125686 0.0100019 0.00256795 -0.0130277 -0.0103204 0.00228753 -0.00150909 0.00365028 0.0155946 0.0103632 -0.00550786
internal_weight=1.22963e+07 6.72926e+06 5.56706e+06 4.12337e+06 3.21109e+06 3.51817e+06 1.66869e+06 1.44369e+06 2.22115e+06 1.29702e+06 1.5424e+06 785086 1.08453e+06 2.7672e+06 1.02569e+06 644229 1.11238e+06 328131 788530 741842 628654 1.35617e+06 334283 658606 562864 1.37216e+06 452225 1.43262e+06 523192 784246 294549 337777 636349 101137 743176 601152 1.39504e+06 381996 430022 1.20595e+06 455879 49770.7 140690 95742.1
internal_count=37918650 21690900 16227750 11954250 10853150 10837750 5867400 4273500 6725950 4111800 4985750 2275350 3482843 7961800 3765300 1885495 3661350 1048918 2460150 2322094 2071902 3992450 1004850 1998150 1721069 3984750 1328250 4265800 1613310 2612432 952757 1060156 2412332 356281 2458231 1855054 3977050 1097250 1324400 3602927 1410941 175766 467040 277081
is_linear=0
shrinkage=0.05


Tree=52
num_leaves=45
num_cat=0
split_feature=2 3 3 1 3 1 3 0 3 0 0 3 0 0 1 1 3 0 1 0 4 0 4 0 0 0 1 0 0 1 3 4 0 0 0 0 0 4 4 4 1 1 0 1
split_gain=48800.4 36666 19136.1 24937.8 17315.4 15486.3 12803.8 11106.6 9866.04 9674.39 9185.73 7934.74 7589.26 7588.62 5166.12 14468.2 6327.16 5625.87 9057.32 4999.25 4840.34 4747.46 4656.21 4409.04 4390.72 4361.13 4287.76 4282.24 4191.3 3865.89 3705.19 3687.79 3479.05 3468.09 3408.81 3964.64 3401.8 3177.04 3097.29 3055.48 3045.13 3027.51 3084.38 3023.6
threshold=3.5000000000000004 -3.9038039403587521 -10.096529937029212 -0.2393156642875576 -0.34773159257752789 -0.4300652022765204 -15.849766964683171 0.20588816045177846 4.2382278149346257 -0.2393156642875576 0.94117129826980317 5.6196416414781885 0.93085292505862427 0.99087453071010911 0.62305106867763382 0.57552211292281397 7.3083067911577908 0.67983684365189634 0.66905282987950276 -0.2058881604517783 -1.3698137021719921 -0.93085292505862405 2.0643835749059822 0.65797238821565851 -0.93085292505862405 0.48662714534649493 -0.55094406234797322 -2.8327694488239893e-16 0.99087453071010911 -0.86104361176735533 -21.804925576132185 3.9486187187886661 -0.32012920303568732 0.93085292505862427 -0.86066547284873141 -0.56335575626740397 -0.86066547284873141 -6.5579930310375252 8.2562045752059152 -15.487953042056079 0.99284498505578556 0.52542847473095 0.81773537194966905 -0.22264714151432796
decision_type=2 2 2 2 2 2 2 2 2 2 2 2 2 2 2 2 2 2 2 2 2 2 2 2 2 2 2 2 2 2 2 2 2 2 2 2 2 2 2 2 2 2 2 2
left_child=1 6 7 8 12 22 21 30 10 -8 20 33 24 14 15 16 41 23 -19 -11 29 -1 -3 27 -5 -21 -10 37 39 -4 -2 -25 43 40 -26 -36 -31 -16 -29 -27 -7 -6 -43 -13
right_child=2 5 3 4 13 11 9 -9 26 19 -12 32 -14 -15 17 -17 -18 18 -20 25 -22 -23 -24 31 34 28 -28 38 -30 36 -32 -33 -34 -35 35 -37 -38 -39 -40 -41 -42 42 -44 -45
leaf_value=-0.0091708259975941293 0.019759840997263019 -0.0098557819139516289 -0.013101099920209625 -0.0041559662635269352 -0.0018591942791986904 -0.00986692414512505 -0.0048832464056521472 0.015954303421308713 0.011614923200530376 0.025729458357112118 0.031182940998592146 0.0036017189804734666 0.0091529708067814471 0.0041468162049204662 -0.0017289202591013915 -0.030898518976664915 -0.012778367029109642 -0.0028518816861432296 0.031051590144981208 -0.0019113865841338255 0.0041505192834579248 0.015977528214682932 -0.0010239756044255856 -0.03347113093426788 0.01045049470337852 0.029289701634233053 0.0029285386450618178 0.0021505685257172604 -0.0049546117496648461 -0.0045706103246128975 0.0033259669538563083 -0.0083264422092963544 -0.012353886729290491 -0.0023103382466800959 -0.0039071211268633587 0.0029822112540747341 0.0052924563114300728 -0.0095565012666110859 -0.011812187944718238 0.0075356607551127818 0.0023042776847230677 -0.022421398299941941 -0.0025016783967368762 -0.02207663433036286
leaf_weight=20768.817356795073 37033.499449580908 181258.32502548397 65137.72151607275 320466.00153771043 531333.42071563005 884668.00007115304 514226.5145394206 370649.55202229321 658530.8752066195 25833.592573285103 29098.579876080155 12257.219795569777 354958.22418957949 266469.20941241086 248856.37299652398 62220.860056199133 241016.30964335799 52453.943494603038 31546.898310318589 250863.00380590558 1577514.4026754349 194647.61052635312 844734.16625964642 20527.560956776142 118326.34378381073 16944.310814842582 181145.73533919454 416138.19715790451 68254.651628926396 182110.70648875833 464362.47390247881 50344.178934186697 456744.03738851845 230068.71192924678 262029.57934759557 1028539.107241258 168137.83062443137 270573.74213795364 43908.014613285661 340612.8334403187 54559.313472211361 38719.85570757091 39013.457475170493 177105.6847551465
leaf_count=82588 81365 820631 194862 913946 1503481 3609060 1981820 796465 1763178 76148 64112 60367 824325 659584 670136 188784 702660 146091 78163 881228 4398563 522676 3437281 49541 295564 42975 502653 1081000 228482 550295 1172388 141054 1711211 817311 699463 2569509 456515 786933 119525 1033693 202723 122352 112193 765756
internal_value=0.000119487 -0.00420635 0.00239305 0.00155233 -0.000811775 -0.00749439 0.00231713 0.00939135 0.00518518 0.00032789 0.00329328 -0.0102694 0.00249347 -0.00379008 -0.00482345 -0.00762458 -0.00592107 -0.00257063 0.00988072 0.00414237 0.00288606 0.0135529 -0.00258426 -0.00356641 0.00112658 0.00331823 0.00974099 -0.00269502 0.00639922 -0.00191598 0.00453979 -0.0156094 -0.0147163 -0.0078122 0.00232814 0.00158344 0.000164184 -0.00580635 0.000817927 0.00856657 -0.0091599 -0.00320754 -0.0124239 -0.0204145
internal_weight=1.24047e+07 4.27355e+06 8.13116e+06 7.25912e+06 4.39744e+06 2.8414e+06 1.43215e+06 872046 2.86168e+06 1.21673e+06 2.022e+06 1.8154e+06 2.08432e+06 2.31312e+06 2.04665e+06 912304 850083 1.13435e+06 84000.8 702508 1.9929e+06 215416 1.02599e+06 1.05035e+06 1.72936e+06 676675 839677 979476 425812 415386 501396 70871.7 646107 1.1693e+06 1.4089e+06 1.29057e+06 350249 519430 460046 357557 939227 609067 77733.3 189363
internal_count=37918650 16273950 21644700 19594482 11664304 11424340 4849610 2050218 7930178 4244346 5664347 7166428 5302807 6361497 5701913 2629470 2440686 3072443 224254 2262526 5600235 605264 4257912 2848189 4478482 2186378 2265831 2657594 1305150 1201672 1253753 190595 2537334 4629094 3564536 3268972 1006810 1457069 1200525 1076668 3811783 1738026 234545 826123
is_linear=0
shrinkage=0.05


Tree=53
num_leaves=45
num_cat=0
split_feature=1 3 2 2 3 3 0 3 4 1 1 3 4 0 0 0 1 4 4 0 0 0 1 4 3 3 3 4 4 1 1 0 1 3 4 0 4 4 2 0 0 0 0 0
split_gain=136130 67262 53199.6 26552.4 17448.5 17285.6 13032.4 9935.99 9126.49 12746.1 9087.96 7704.16 7632.78 12348.6 7112.32 6706.09 6816.11 6255.16 5640.88 5552.39 5203.29 5643.3 4883.21 5239.24 4832.66 4551.21 4506.7 4361.41 4329.01 4852.68 9573 4867.87 6122.69 4565.61 4197.19 4142.81 4549.93 4114.47 3711.15 3641.04 5275.17 3552.51 3322.71 5169.29
threshold=-0.2393156642875576 2.6008229031461743 3.5000000000000004 3.5000000000000004 2.1196444671600898 -5.2242228261087069 0.48662714534649493 -9.710004215326121 21.255645475364993 0.23931566428755774 0.82619477567192912 10.620897559109869 -2.3164270444987696 0.35460488704253579 0.93085292505862427 0.67983684365189634 0.66905282987950276 1.611173643267666 -6.1209156803570783 0.37886415816525426 0.5633557562674042 0.76251730544457197 0.4647231720437684 2.3090826435652478 7.5676226976124612 -13.241684549416249 0.78397047326234681 -0.34033546191620795 1.7318726003372336 0.95418073928008662 0.93621795190976798 -0.2393156642875576 0.97148236575323155 19.255578152819776 13.980421417346863 0.20588816045177846 -7.7215735669083747 12.425314784930018 4.5000000000000009 -0.88545602565320969 -0.93085292505862405 0.12053668025532308 1.0000000180025095e-35 -0.12053668025532321
decision_type=2 2 2 2 2 2 2 2 2 2 2 2 2 2 2 2 2 2 2 2 2 2 2 2 2 2 2 2 2 2 2 2 2 2 2 2 2 2 2 2 2 2 2 2
left_child=3 2 5 12 18 25 27 35 9 -3 11 15 -1 26 17 39 -17 38 -5 28 24 -22 -7 -24 -8 -2 -14 -6 29 30 -12 -31 -33 -30 -15 36 -4 -20 -9 40 -11 -39 43 -40
right_child=1 8 7 4 6 22 20 14 -10 10 19 -13 13 34 -16 16 -18 -19 37 -21 21 -23 23 -25 -26 -27 -28 -29 33 31 -32 32 -34 -35 -36 -37 -38 41 42 -41 -42 -43 -44 -45
leaf_value=-0.0057841813150854224 -0.019186749170601564 0.0021922400305664463 0.00028721982473220979 0.0067527340053920044 -0.00063796717753422823 -0.0075352199894823503 -0.0048818335621631584 0.00082628033102280702 0.019863988992905438 0.017745946107006246 0.01104977664830855 0.019836935756553584 -0.015547334146022924 -0.01297724063767814 -0.00098139526903574348 0.0073781616349592061 -0.021953932874660489 0.012789903162454156 -0.0033971701764773663 -0.0031176470990199245 -0.011345960486670893 0.0001922356550862446 -0.0021600087606392319 0.010126212783951129 0.03821407910037132 -0.010465267459435316 -0.025064443525658228 -0.016277657165832966 0.00071933693337215973 -0.0091530711948502354 0.035599886366121686 0.024660195610203973 0.0056406732385199491 0.027318382147884832 -0.0032617382798948852 -0.0066491469434316712 0.02869697717830115 -0.016658435323913642 0.006737687802274921 0.016436827988460734 -0.0024168050102866879 0.010518920419475001 0.002524807063658133 0.023582765493704774
leaf_weight=253813.37226013839 207819.28574550152 590965.98990686238 450927.59204874933 180969.90903823078 48726.166995555162 339555.27070012689 12223.964910551906 431316.90567553043 196745.76698130369 60590.31242197752 212390.38251656294 326358.18619351089 215495.57837381959 392945.56305508316 443032.16976767778 355697.80286921561 20973.552539661527 290555.09240266681 1296333.5828337222 123321.67923104763 190566.12370446324 238732.2162155211 507280.71220754087 104675.17731882632 13904.535286054015 533810.80400857329 294228.90008953214 523490.56949629635 226690.67813569307 42907.60434871912 48839.196874320507 50885.339303091168 251201.88481484354 17368.738165825605 155020.78856770694 265776.45428401232 14547.881474912167 13862.763713926077 1204178.6803354919 450988.46738889813 69821.976011067629 90670.22483061254 491964.41452339292 47333.555166363716
leaf_count=1083649 858524 1706719 1172795 482289 162860 1330777 32941 1248263 466035 176797 538255 765301 1073696 1705957 1133959 932499 51921 657601 3952671 321958 584828 674427 1805049 319888 38789 2141456 1661753 1999250 633943 117661 120299 125325 656041 38575 642645 685889 32197 46110 2867074 1150787 205435 245585 1164527 105650
internal_value=-7.75951e-05 0.00352087 0.000135219 -0.00776694 -0.00484996 -0.00718678 -0.00992258 0.00354138 0.00944877 0.00872952 0.0104404 0.0132021 -0.0135708 -0.0154393 0.00485133 0.010942 0.00574491 0.00589949 -0.00155452 0.00679707 -0.00361109 -0.00492959 -0.0027266 -5.84481e-05 0.0180521 -0.0129092 -0.0210409 -0.0149459 0.00823507 0.0104987 0.0156396 0.00660605 0.00884443 0.00261229 -0.0102287 -0.00166863 0.00117513 -0.00262769 0.00497893 0.0143091 0.00695093 0.00691476 0.00600625 0.00737479
internal_weight=1.22995e+07 8.37852e+06 5.33277e+06 3.92098e+06 2.60948e+06 1.69314e+06 1.02764e+06 3.63963e+06 3.04575e+06 2.849e+06 2.25804e+06 1.28443e+06 1.3115e+06 1.05769e+06 2.90838e+06 958072 376671 2.46535e+06 1.58184e+06 973606 455427 429298 951511 611956 26128.5 741630 509724 572217 850284 606224 261230 344995 302087 244059 547966 731252 465475 1.40087e+06 2.17479e+06 581401 130412 104533 1.74348e+06 1.25151e+06
internal_count=37918650 23531200 15523649 14387450 8219750 6455694 3493095 9067955 8007551 7541516 5834797 3282740 6167700 5084051 7177074 2517439 984420 6043115 4726655 2552057 1330985 1259255 3455714 2124937 71730 2999980 2735449 2162110 2230099 1557581 658554 899027 781366 672518 2348602 1890881 1204992 4244366 5385514 1533019 382232 291695 4137251 2972724
is_linear=0
shrinkage=0.05


Tree=54
num_leaves=45
num_cat=0
split_feature=2 2 1 2 1 1 0 3 0 3 4 3 3 2 4 0 0 3 4 0 4 2 0 4 2 4 0 4 0 1 0 4 1 4 0 0 4 3 3 4 0 3 4 1
split_gain=194272 43150.3 22358.3 12439.8 11081.7 10902.6 10311 6056.18 5797.93 5238.59 4897.19 4349.96 3651.7 3584.58 3216.51 2736.44 2656.9 2448.15 2685.12 2425.82 2795.2 2219.83 1972.43 2037.35 1853.41 1773.32 1744.71 1666.5 1734.07 1638.82 1552.54 1520.41 1508.98 1507.05 1433.82 1423.8 1392.62 1348.61 1267.24 1241.32 1182.15 1171.86 1920.36 1155.1
threshold=4.5000000000000009 2.5000000000000004 -0.59907629515643335 5.5000000000000009 0.4647231720437684 -0.2393156642875576 0.81773537194966905 -3.5327065382870653 -0.46472317204376817 -1.8070737377971076 8.3879359718785782 -4.3819396918493245 11.940174224122162 6.5000000000000009 9.2365952017657573 0.35460488704253579 0.48662714534649493 8.1203605507486731 -4.9109995856303916 -0.82298386589365657 -6.5579930310375252 6.5000000000000009 -0.58743244627487456 -5.9806671733647141 6.5000000000000009 8.1202913516313036 0.088756899407539988 -7.7215735669083747 -0.66312265824079508 -0.66312265824079497 0.35460488704253579 8.5298331830513394 -0.73300900260771595 -8.1825277551116589 -0.94117129826980295 -0.32012920303568732 -11.517414880093396 14.983940511818 0.78397047326234681 -6.8421651063302606 0.96778869966720549 3.2509951980101808 -11.921314318142581 -0.33743737045268668
decision_type=2 2 2 2 2 2 2 2 2 2 2 2 2 2 2 2 2 2 2 2 2 2 2 2 2 2 2 2 2 2 2 2 2 2 2 2 2 2 2 2 2 2 2 2
left_child=1 4 7 19 6 9 11 26 17 15 24 35 16 22 30 36 41 18 38 20 -4 -12 23 -5 29 37 -2 -13 -29 -9 -11 -8 -16 -19 39 -1 -3 40 -7 -15 -10 -6 -43 -36
right_child=2 5 3 13 12 8 31 10 25 14 21 27 -14 34 32 -17 -18 33 -20 -21 -22 -23 -24 -25 -26 -27 -28 28 -30 -31 -32 -33 -34 -35 43 -37 -38 -39 -40 -41 -42 42 -44 -45
leaf_value=0.012054174997540116 -0.0043342946854327893 -0.0075081228787901022 -0.005428813484361486 -0.0090152957456701415 0.0095666560696383001 0.0035863424719727215 0.0092367785541700217 0.0040368390440081075 -0.0016481056695612083 0.012060605044750625 -0.0013117334284696901 0.0095748427601112778 -0.0025745246026184464 -0.012365071767198782 0.0066384334872637511 -0.0039837331979359738 0.0030623914316184123 -0.020934902940799187 0.0095940092734398442 -0.0061465034938251728 0.0037567814138142214 -0.0079780376326814371 -0.010309319966816478 -0.0021529255764377703 -0.0008343023125663287 -0.0052377504707239054 -0.012820926254469765 0.020096766581308729 0.015476628583735427 0.018304976013732391 0.0058502186098579202 0.0041439157029864171 0.0001012030159647355 -0.0022271724835470188 -0.0094505505367938891 0.0049599015161770933 0.005398490210952029 -0.014116507038567087 -0.0022538298893641289 -0.0039680098954812063 0.0029725177030391851 -0.0079665747184027493 0.0069693699991424836 -0.013839633393612192
leaf_weight=220728.65251739323 114606.25866919756 23003.171548783779 181362.8182182014 269975.10483179986 663011.04031795263 436205.64361995459 308092.90064144135 398027.67224255204 889185.01335456967 358842.60362906754 358948.8769376874 80624.211560845375 105566.24593822658 92664.44000467658 236799.56192922592 170652.55601227283 303139.43545497954 13347.447844401002 165875.86204066873 1017109.306142211 152427.87656195462 191503.54969063401 913149.99714161456 180449.29976516962 229107.97589343786 357471.50035943091 128422.3697014153 311007.11901210248 585320.13983494043 21196.75612474978 139854.88240148127 279489.05434405804 140739.97775948048 55646.520209997892 175392.80127723515 104071.34911091626 228608.09988687932 19749.475658759475 118015.58031153679 83825.31097702682 163946.34541432559 23759.660823240876 228377.04980796576 1031489.6206843257
leaf_count=762178 334133 65126 529607 783976 2187384 1352538 1004468 1229962 2652629 1215744 1058181 276421 322078 263773 752855 494855 936295 36535 546940 2987600 475243 537357 2656500 544274 683178 1053175 356521 1196916 2148684 74168 441432 882032 420973 170867 496650 332051 720815 55165 353270 252127 504831 68456 736187 2964500
internal_value=-4.19762e-05 0.0056654 -0.0069769 -0.00886109 0.00985425 0.00183943 0.0123122 -0.00162175 -0.000289635 0.00547851 -0.000162693 0.0147938 0.0063464 -0.010793 0.00768315 0.000903686 0.00711941 0.00315103 0.00401308 -0.00493272 -0.00123415 -0.00363095 -0.00897373 -0.00626609 0.00278196 -0.00218777 -0.00881884 0.0164604 0.0170797 0.00475826 0.010319 0.00681431 0.00420147 -0.00584634 -0.0125862 0.00978105 0.00421852 -0.00117155 0.00234274 -0.00837682 -0.00092879 0.00846329 0.00556191 -0.0132018
internal_weight=1.22708e+07 6.73113e+06 5.53966e+06 4.09785e+06 3.21319e+06 3.51794e+06 1.88933e+06 1.44181e+06 2.21944e+06 1.2985e+06 1.19878e+06 1.30175e+06 1.32385e+06 2.74695e+06 876237 422264 1.21829e+06 789091 720097 1.3509e+06 333791 550452 1.36357e+06 450424 648332 1.43035e+06 243029 976951 896327 419224 498697 587582 377540 68994 1.38337e+06 324800 251611 1.07288e+06 554221 176490 1.05313e+06 915148 252137 1.20688e+06
internal_count=37918650 21690900 16227750 11954250 10853150 10837750 6602750 4273500 6725950 4111800 3582846 4716250 4250400 7961800 2831004 1280796 3928322 2460150 2252748 3992450 1004850 1595538 3984750 1328250 1987308 4265800 690654 3622021 3345600 1304130 1657176 1886500 1173828 207402 3977050 1094229 785941 3212625 1705808 515900 3157460 2992027 804643 3461150
is_linear=0
shrinkage=0.05


Tree=55
num_leaves=45
num_cat=0
split_feature=2 3 3 1 3 3 1 3 0 0 0 0 0 3 0 1 1 3 3 0 1 4 0 0 0 1 1 4 4 0 4 0 0 0 0 3 0 1 1 4 1 0 1 1
split_gain=43936.3 33755 17380.8 21213.1 17482.3 11268.1 15666.9 8883.14 8784.6 8742.15 7369.41 7256.1 7166.27 5886.78 5879.42 5299.58 14387.4 5233.31 4952.14 4633.91 8715.21 4302.51 4144.33 4126.63 4241.29 4074.54 3972.18 3880.06 3873.13 3775.21 3716.67 3496.57 5936.22 3292 3596.51 3183.77 3176.64 3144.79 3057.95 2963.51 2971.03 2956.57 2947.8 2933.85
threshold=3.5000000000000004 -10.969226696246691 -11.21834516884538 -0.2393156642875576 -1.1264310787250549 -2.5919211796688226 -0.4300652022765204 4.3966899613317922 0.93085292505862427 0.20588816045177846 0.97474915486277813 -0.93085292505862405 0.93085292505862427 6.5213846600313063 0.48662714534649493 0.62305106867763382 0.57552211292281397 -21.804925576132185 7.1897771933336623 0.67983684365189634 0.66905282987950276 4.4358424663966547 -0.66312265824079508 0.65797238821565851 0.37886415816525426 0.88755655832397862 -0.55094406234797322 2.7730993688227916 -16.915473305419578 -0.93085292505862405 3.7062759191938395 0.58743244627487468 0.65797238821565851 0.65797238821565851 0.58743244627487468 -21.804925576132185 -0.32012920303568732 0.97148236575323155 -0.22264714151432796 9.6746708834979085 0.14764656400248086 0.93085292505862427 -0.12053668025532321 -0.98846972602282535
decision_type=2 2 2 2 2 2 2 2 2 2 2 2 2 2 2 2 2 2 2 2 2 2 2 2 2 2 2 2 2 2 2 2 2 2 2 2 2 2 2 2 2 2 2 2
left_child=1 11 9 7 12 14 27 8 21 35 15 -1 29 41 37 16 18 -13 -6 23 -21 -4 -23 24 -17 28 -9 -7 -26 -5 -25 -19 -33 34 -16 -2 38 -3 -15 42 -41 -8 -35 -24
right_child=2 5 3 4 10 6 13 26 -10 -11 -12 17 -14 36 33 19 -18 31 -20 20 -22 22 43 30 25 -27 -28 -29 -30 -31 -32 32 -34 39 -36 -37 -38 -39 -40 40 -42 -43 -44 -45
leaf_value=-0.0095391631420798911 0.018957644634199661 -0.0052686344506901253 0.00032125303471721665 -0.0035229459571852343 -0.0033026057568897628 -0.0091793195394316886 -0.0096028500890305967 0.011177893965320781 0.018187138663770763 0.016324506043554558 0.0035905124424433599 0.023398163987472988 0.009472368215024965 0.0068725083532905316 0.0060145302470226911 -0.0037162237761810693 -0.030108711640585314 0.0040737216714976706 -0.011798502715182037 -0.0030969832115235805 0.029065869169612603 -0.018286568856407875 0.011455781253551412 -0.031813484462080904 0.06774875234256765 0.026744126813518017 0.0026923020016344293 -0.00084644459990885058 0.0011927474947243232 0.0026538705751581668 -0.0073190104714693314 0.048936061453686841 0.010983939977892201 0.0062599541454422666 0.032222475367252618 0.0035957312577252717 -0.012264887437147178 0.0044167883244530222 -0.022492004856043846 0.0028883161862113833 0.030880239865642152 -0.0031048498149822482 -0.0042518167314585797 0.0041094983390528002
leaf_weight=53027.702263653278 37158.14161118865 671144.5991409421 1069672.7330524772 301473.51775169373 642945.48779763281 170422.94529925287 872059.64823500812 637315.30525137484 93170.484786346555 296801.5257332474 331397.19621214271 62865.661458790302 343395.50412736833 9440.8655098676682 42098.986929953098 896864.05798797309 64094.862614184618 240815.8313986212 233924.52211548388 57930.200050354004 33095.332379594445 18749.335802614689 166611.69583949447 21868.578206241131 2217.5924202203751 18882.000978171825 175998.12146419287 774857.47487816215 152884.34379824996 1378472.0044657886 53067.37611207366 11067.246486574411 149271.80434201658 107295.78535221517 18997.694185376167 365369.74958503246 397282.25803315639 95769.032855421305 145590.83637801558 23047.268159657717 16102.383006826043 219017.01541627944 176248.13794746995 737479.62603276968
leaf_count=215692 81365 2610266 3111266 852509 1855518 790234 3598897 1698026 214877 631200 814795 153152 788794 45275 133628 2462874 198181 782798 690344 160313 81381 62358 470537 53737 3648 46827 487331 3155014 392638 3454514 149226 22093 410458 351425 51689 916490 1503926 330304 633971 70768 40736 790521 583103 1965951
internal_value=0.000123775 -0.00399188 0.00227829 0.00156914 -0.000567292 -0.00564759 -0.00747754 0.00490939 0.00318103 0.00981417 -0.00335578 0.00798242 0.00289075 -0.0104276 -0.00153085 -0.00441282 -0.00724062 0.00998477 -0.00556907 -0.00226143 0.00859688 0.00247934 0.00498079 -0.00312405 -0.00233028 0.00481409 0.00934164 -0.00234876 0.00214434 0.00154541 -0.0144672 0.00788273 0.0136035 0.00352136 0.0141638 0.00501382 -0.0146337 -0.00405916 -0.0207038 0.0015064 0.0144015 -0.00829848 -0.00027406 0.00546332
internal_weight=1.23873e+07 4.25642e+06 8.13084e+06 7.43151e+06 4.53251e+06 3.73937e+06 2.58867e+06 2.899e+06 2.08568e+06 699329 2.50917e+06 517048 2.02334e+06 1.64339e+06 1.1507e+06 2.17777e+06 940965 464021 876870 1.23681e+06 91025.5 1.99251e+06 922841 1.14578e+06 1.07085e+06 173984 813313 945280 155102 1.67995e+06 74936 401155 160339 383790 61096.7 402528 552314 766914 155032 322694 39149.7 1.09108e+06 283544 904091
internal_count=37918650 16273950 21644700 20015645 12005299 14689757 10517838 8010346 5824989 1629055 6909482 1584193 5095817 6572590 4171919 6094687 2744043 1368501 2545862 3350644 241694 5610112 2498846 3108950 2905987 443113 2185357 3945248 396286 4307023 202963 1215349 432551 1231349 185317 997855 2183172 2940570 679246 1046032 111504 4389418 934528 2436488
is_linear=0
shrinkage=0.05


Tree=56
num_leaves=45
num_cat=0
split_feature=1 3 2 2 3 2 3 3 0 4 0 0 4 1 1 0 0 4 0 1 1 3 4 0 4 3 0 4 4 0 0 0 0 1 1 1 0 2 4 0 4 1 3 4
split_gain=123545 61026.2 36260.9 24669.7 23643.8 17379.8 13346 11208.2 15397 9006.42 10045.5 8712.19 7534.77 7316.19 8925.55 6692.11 6470.78 5616.84 5530.19 5351.73 5323.74 5311.83 5035.52 4883.37 5447.57 4804.4 4793.07 4352.57 4292.15 4368.82 5738.15 4250.55 4157.17 4200.61 4106.02 4263.17 6164.03 3931.62 3716.82 3269.22 4507.39 5401.96 4518.11 3155.28
threshold=-0.2393156642875576 -4.5759955634478393 3.5000000000000004 4.5000000000000009 4.640177594833081 3.5000000000000004 2.3984898063610278 -0.83472754467402399 0.67983684365189634 -10.563115581931781 0.58743244627487468 0.48662714534649493 21.255645475364993 0.23931566428755774 0.82619477567192912 -0.99087453071010889 -0.86066547284873141 1.2800021765159004 0.35460488704253579 0.57552211292281397 0.62305106867763382 14.351529216426398 19.938981218868943 0.93085292505862427 3.8315857713926396 -12.596979556513535 0.5633557562674042 12.025151732854502 -3.2779083020232203 0.26568621746226689 0.46472317204376884 0.76251730544457197 0.37886415816525426 0.85743085555170595 0.52542847473095 0.36521623457838687 0.88059548392442355 2.5000000000000004 10.136887402141918 -0.46472317204376817 2.4244436874032798 0.95418073928008662 21.648738632197027 -20.858821381245885
decision_type=2 2 2 2 2 2 2 2 2 2 2 2 2 2 2 2 2 2 2 2 2 2 2 2 2 2 2 2 2 2 2 2 2 2 2 2 2 2 2 2 2 2 2 2
left_child=3 2 25 7 5 16 28 37 17 10 -6 -8 13 -11 21 -4 -3 -9 -19 34 43 -15 -10 24 -7 -2 27 -13 -5 -30 -31 -28 33 -16 35 -17 -37 -1 -32 -35 41 -41 -42 -21
right_child=1 4 15 6 9 23 11 8 22 12 -12 26 -14 14 32 19 -18 18 -20 20 -22 -23 -24 -25 -26 -27 31 -29 29 30 38 -33 -34 39 -36 36 -38 -39 -40 40 42 -43 -44 -45
leaf_value=-0.011120629931346618 -0.018081833065559973 -0.0091481228307424001 0.011859836422296962 0.0054525934398435109 0.025435667137641584 0.0059782573214750816 -0.013767350394701505 -0.0093911809007816115 -0.0081599971962572054 0.0025006088857232162 -0.028763412241535526 -0.001054282974771116 0.01886226102532438 0.011624516747766839 0.025854225914175018 -0.0053483662581482157 0.00034693342907443051 -0.023860674866231613 -0.014045278550166553 -0.00059668190368329839 0.0016288741111730827 0.022581558036967347 0.0094747287764869199 0.00083204342938658106 0.013859002321003292 -0.0095321956633827032 -0.010887590758229489 0.045835353230798313 -0.005029430886577535 0.013002335158880865 -0.0036848525087117183 0.00063767286204568444 -0.0042627901717332854 -0.009693682858655045 -0.014740701809879833 -0.0019087956315264271 0.019271300437942507 -0.0039429902432248295 0.0077452060593203925 0.020469188368479146 -0.0012683835739405727 0.0064392170496752488 0.031871697535820573 0.034693703686503173
leaf_weight=332409.92136900127 231264.2502220422 222553.04665568471 129204.66056680679 245748.43575870991 137531.36120340228 1809879.3068190962 412794.74231487513 136462.00632146746 263566.04055169225 420538.14575628936 9115.9507754594088 10602.565166473389 186515.29947182536 749286.32743221521 28520.240442201495 341488.53716096282 926086.31802807748 426738.42696492374 216211.95638519526 9330.7997888475657 948218.77991811931 129767.21752762794 47826.105221033096 390113.04628042877 249515.90302297473 567625.96228849888 143361.41728703678 9281.8085894286633 534719.1573330462 88871.82660895586 307682.46346993744 181001.44498182833 92771.653849482536 30652.387862429023 74587.113882884383 113920.60045397282 49182.211887672544 447804.0046119988 92507.686453029513 97525.45310407877 168726.55928377807 231389.81031960249 10952.249661713839 19719.569143414497
leaf_count=1553214 969803 949248 317601 660120 309489 4451962 1512314 679748 1016074 1193824 22216 27074 441657 1939881 74262 921873 3141761 2282215 1017596 25153 2368815 294410 154084 980989 559134 2270321 428424 25315 1707775 249749 824408 493862 243500 85769 197803 278221 108550 1520669 234809 238098 475340 599056 23371 49093
internal_value=-8.29553e-05 0.00333903 -0.00323298 -0.00743685 0.00611058 0.00358182 -0.00361466 -0.0115768 -0.0148497 0.0100782 0.0220665 -0.00886909 0.00925919 0.00834542 0.00994192 0.000925419 -0.00149277 -0.0186045 -0.0205599 1.77251e-05 0.00227481 0.013242 -0.00545151 0.00596142 0.00693309 -0.0120072 -0.00299547 0.0208333 -0.000481359 -0.00190574 0.00150956 -0.00445625 0.00555011 0.00715351 -0.00379075 -0.00217216 0.00447788 -0.00700102 -0.00104269 0.00616445 0.0071202 0.0105992 0.000751657 0.0233586
internal_weight=1.22736e+07 8.37598e+06 2.48454e+06 3.89759e+06 5.89144e+06 3.59815e+06 2.02657e+06 1.87102e+06 1.0908e+06 2.29329e+06 146647 757042 2.14665e+06 1.96013e+06 1.53959e+06 1.68565e+06 1.14864e+06 779412 642950 1.55645e+06 977269 879054 311392 2.44951e+06 2.0594e+06 798890 344247 19884.4 1.26953e+06 1.02378e+06 489062 324363 660538 567767 579178 504591 163103 780214 400190 539246 508594 328915 179679 29050.4
internal_count=37918650 23531200 7507233 14387450 16023967 10083094 6163850 8223600 5149717 5940873 331705 2486989 5609168 5167511 3973687 4267109 4091009 3979559 3299811 3949508 2443061 2234291 1170158 5992085 5011096 3240124 974675 52389 3676861 3016741 1308966 922286 1739396 1495896 1506447 1308644 386771 3073883 1059217 1421634 1335865 837154 498711 74246
is_linear=0
shrinkage=0.05


Tree=57
num_leaves=45
num_cat=0
split_feature=2 2 1 2 1 1 0 0 3 4 0 3 2 0 3 0 4 3 4 0 3 4 4 3 2 2 0 4 0 0 3 0 0 1 0 3 0 3 1 4 3 4 0 1
split_gain=177023 39268.6 20748.5 11814.5 9950.93 9739.38 7112.17 7014.85 5683.7 4417.57 4405.59 4023.35 3420.88 3241.35 3005.54 2206.49 2590.38 2163.83 2751.21 2253.76 2011.77 2081.2 1979.73 2170.56 1915.33 1911.16 1809.29 1883.52 1780.39 1650.42 1613.05 1777.96 1600.58 1517.44 1337.54 1322.58 1298.34 1264.69 1200.61 1162.59 1157.71 1090.69 1147.83 1078.35
threshold=4.5000000000000009 2.5000000000000004 -0.59907629515643335 5.5000000000000009 0.25145141517831299 0.23931566428755774 0.58743244627487468 0.58743244627487468 -3.6256227825398777 8.8045601121818837 0.48662714534649493 -1.7302547552419723 6.5000000000000009 0.48662714534649493 -1.5752794968868604 -0.82298386589365657 -6.9894516850182482 3.8540119167625204 -7.8766203409222824 -0.82298386589365657 5.7129892122748354 -9.3367711473430663 -8.8385258504790496 6.1036584017898656 6.5000000000000009 6.5000000000000009 -0.58743244627487456 -5.565288809378564 -0.93085292505862405 -0.93085292505862405 7.0727004068952022 0.46472317204376884 0.088756899407539988 -0.66312265824079497 -0.94117129826980295 -24.51843460078786 0.37886415816525426 19.255578152819776 0.12053668025532312 -6.4105978126149834 -24.51843460078786 -5.4324104112298235 -0.4298763333408428 -0.33743737045268668
decision_type=2 2 2 2 2 2 2 2 2 2 2 2 2 2 2 2 2 2 2 2 2 2 2 2 2 2 2 2 2 2 2 2 2 2 2 2 2 2 2 2 2 2 2 2
left_child=1 4 8 15 6 7 14 11 32 24 17 -3 26 20 -1 16 -4 29 -19 -20 28 -22 -13 38 33 -11 27 -5 -7 -6 41 -32 -2 -10 39 -31 -25 -12 -24 -14 -30 -16 -43 -36
right_child=2 5 3 12 10 13 -8 -9 9 25 37 22 34 -15 30 -17 -18 18 19 -21 21 -23 23 36 -26 -27 -28 -29 40 35 31 -33 -34 -35 43 -37 -38 -39 -40 -41 -42 42 -44 -45
leaf_value=0.011237769788631821 -0.0042613701482123994 0.0027184292555465679 -0.0053869217681682055 -0.0085549996215694268 0.019337693103208167 0.010305055985477096 0.0079558655938084949 0.00010473636060767402 0.003789285359067013 -0.0014016948015259747 0.0026378754336861105 -0.0067002265792550503 -0.011735134700186374 -0.004335181419316751 0.010309628869515114 -0.0058371787905506754 0.0034347086855558619 -0.0046844279367053163 0.017463815435571312 0.0049512194304220589 -0.015956654141194591 -0.0018940542826394163 0.010247940901192713 0.0023418948837119619 -0.0010777587294343242 -0.0077737617863336654 -0.0099040316539369972 -0.0018792114816708052 -0.014669488949370367 -0.0067863239620525569 0.0088937045104083689 0.02617338873353002 -0.012510288744370369 0.017279486933029855 -0.0091259389225432364 0.0093244076526594333 0.014084056578949898 -0.014662533159313894 0.021486266522817422 -0.0035515473943392851 0.0011412127482520998 0.021360258339980939 0.016409562059462656 -0.013378780276021102
leaf_weight=394660.24037757516 111264.22077013552 425298.9686806947 173151.06814393401 278481.54416412115 41087.711935847998 53717.423574775457 644855.02272902429 644477.07487097383 420883.19542318583 339303.59431676567 419152.17890307307 20016.393702194095 97328.894900485873 503808.89323374629 42216.440682113171 1012495.704090476 160214.33142490685 62550.99336463213 42908.826967164874 223110.04003572464 30163.833963409066 205932.36038061976 531285.18685850501 141656.1686167866 241529.85735458136 180150.28991368413 906590.20927409083 170255.81327718496 11729.626748010516 12964.156684234738 98998.317777886987 17521.060614913702 124728.38789352775 21931.829921647906 174504.72826184332 732982.09102584422 28233.33321160078 10836.671884030104 24877.852143242955 78323.309281602502 896246.530616045 217787.98453503847 253198.81948019564 1021964.1459116265
leaf_count=1370287 324798 1313592 506415 813609 154201 177350 2102100 1940400 1297760 1000052 1292901 57653 279486 1486100 149584 2987600 498435 186225 154156 708537 83315 623972 1772919 435402 718836 507455 2656500 514641 30190 35581 343903 69573 348465 76134 496650 2422650 96019 31499 89715 236414 2731123 870643 961310 2964500
internal_value=-4.19673e-05 0.00539825 -0.00668524 -0.00850889 0.0093926 0.00174754 0.0120694 0.00429443 -0.00152596 -0.000135022 0.00650169 0.00659957 -0.0104005 -0.00097036 0.0146588 -0.0046755 -0.00114727 0.00815898 0.0047509 0.0069695 0.000444937 -0.0036907 0.00881203 0.00923968 0.00250386 -0.00361157 -0.00861877 -0.00602213 0.00146024 0.00958178 0.0168029 0.0114921 -0.00862114 0.00445743 -0.0121604 0.00904441 0.00429328 0.00220187 0.0107506 -0.00808607 0.000936963 0.0180087 0.0186988 -0.0127585
internal_weight=1.22454e+07 6.73227e+06 5.5131e+06 4.07331e+06 3.21483e+06 3.51744e+06 1.66924e+06 1.81584e+06 1.43979e+06 1.2038e+06 1.54559e+06 1.17137e+06 2.72745e+06 1.7016e+06 1.02438e+06 1.34586e+06 333365 1.1156e+06 328570 266019 1.19779e+06 236096 746069 726053 684345 519454 1.35533e+06 448737 961694 787034 629723 116519 235993 442815 1.37212e+06 745946 169890 429989 556163 175652 907976 513203 470987 1.19647e+06
internal_count=37918650 21690900 16227750 11954250 10853150 10837750 5867400 5705700 4273500 3600237 4985750 3765300 7961800 5132050 3765300 3992450 1004850 3661350 1048918 862693 3645950 707287 2451708 2394055 2092730 1507507 3984750 1328250 2938663 2612432 2395013 413476 673263 1373894 3977050 2458231 531421 1324400 1862634 515900 2761313 1981537 1831953 3461150
is_linear=0
shrinkage=0.05


Tree=58
num_leaves=45
num_cat=0
split_feature=2 3 1 3 0 0 3 1 4 3 4 3 0 0 0 3 0 4 0 3 4 3 0 1 1 0 2 0 4 0 0 4 0 1 0 0 0 0 0 3 1 0 2 4
split_gain=39781.3 36914.1 16045.8 19191.2 13893.2 8896.73 8659.82 8509.13 7840.2 7248.2 6559.99 6204.88 5471.15 7405.15 5046.7 5022.43 4790.37 4616.42 6854.08 5792.42 4558.36 4782.05 4509.5 4228.56 5846.54 5259.13 4115.18 3669.04 3440.36 3480.42 3358.69 3323.72 3283.84 3088.49 3844.35 3042.41 4046.43 2979.09 4797.71 2933.96 7412.26 2874.95 2582.4 2573.61
threshold=4.5000000000000009 -10.739650303569732 -0.55094406234797322 -0.98011244915086582 0.088756899407539988 -0.93085292505862405 -5.6601375280203134 0.14764656400248086 9.2365952017657573 -21.804925576132185 6.534826170917257 9.973880514858033 0.58743244627487468 0.65797238821565851 0.26568621746226689 -14.381925670524582 -0.56335575626740397 6.1534312029725067 -0.2393156642875576 3.8540119167625204 6.534826170917257 3.3963988962647567 0.5633557562674042 0.82619477567192912 0.12053668025532312 0.37886415816525426 2.5000000000000004 -0.56335575626740397 -20.364660316191792 0.5633557562674042 0.088756899407539988 19.938981218868943 0.93085292505862427 0.14764656400248086 0.93085292505862427 0.88059548392442355 0.81773537194966905 0.65797238821565851 0.58743244627487468 -1.4243037205819673 -0.10466628778912916 -0.96778869966720515 2.5000000000000004 -23.157600016522462
decision_type=2 2 2 2 2 2 2 2 2 2 2 2 2 2 2 2 2 2 2 2 2 2 2 2 2 2 2 2 2 2 2 2 2 2 2 2 2 2 2 2 2 2 2 2
left_child=1 5 17 8 10 -1 32 14 27 -7 15 16 -11 -14 -8 -2 -5 30 19 -19 28 -22 -16 24 31 -25 -20 -4 29 -9 -3 -13 35 -10 -35 36 43 38 -24 41 -41 -17 -18 -6
right_child=4 2 3 11 6 9 7 20 33 12 -12 23 13 -15 22 39 42 18 26 -21 21 -23 37 25 -26 -27 -28 -29 -30 -31 -32 -33 -34 34 -36 -37 -38 -39 -40 40 -42 -43 -44 -45
leaf_value=-0.0083118166892004863 0.0091864861165881009 -0.0054610189216860875 -0.0058175805200678422 -0.011692083352778836 0.021060011064682718 0.023459678864641818 0.013529217984861695 0.0024245791379425307 0.0029043036395705974 0.0036846225342218731 0.0082604719459201826 -0.002812143707428879 0.046918277534775538 0.011197269712352754 -0.0011946394941199192 -0.0039144923154783148 -0.0086171006410238355 -0.0030159582812740171 -0.0037861016413474795 0.020547429342297644 0.0030149191661240325 -0.0082830693167155762 0.0075633783827287514 -0.011659831208785892 -0.023122676887401234 0.014693798596790437 0.0038322113604863589 -0.00067148117255281387 0.0024341421339939091 0.057692760136211621 0.001753758070799063 -0.020241433782594423 0.015288961769613654 0.0060587587767166051 0.037569223777771818 -0.0035166183311483609 0.021700181308745306 0.005555483979651216 0.030293562325354673 0.0023473057256515927 -0.0052102571362172834 0.002104964139342436 -0.0039420815722667505 0.0060541455832821339
leaf_weight=77660.537504583597 135501.73638404906 466548.73674303293 550586.01697573066 533482.77182950079 31212.54045830667 82322.505267605186 204606.02835504711 5679.0464733839035 32323.423107653856 350493.10335734487 248895.17830549181 77402.072892196476 15577.789512604475 211392.86349229515 234671.10175015032 242956.0209081322 527027.70976449549 37463.383671790361 305047.92515790462 85841.762892127037 153533.01182802022 240169.72112207115 80277.022356972098 98392.106633529067 187021.70633824915 23441.146285131574 423145.87034669518 933824.83795075119 655501.12412129343 5715.2071886360645 246560.00687015057 42301.991473719478 213153.34097619355 17224.413572028279 22097.583099082112 52607.910441875458 56419.929766535759 968518.78858020902 32659.647785514593 527532.27897122502 842697.11073219031 1080664.1971733421 672080.09393551946 337926.07400852442
leaf_count=296413 310906 1957468 2114609 2389279 65050 195388 509233 13910 97081 1088669 678565 286940 30345 558647 649321 658103 2100306 149031 1341595 268274 365345 664009 203233 352357 706787 73932 1372415 3048777 1630207 10193 873383 153668 445875 49198 50836 113336 119146 2305413 69039 1576776 2344970 2738980 2135502 756140
internal_value=0.000129101 -0.00278341 -0.00424649 -0.00603443 0.00288952 0.00769561 0.00515759 0.00382654 -0.00180051 0.00957977 0.000478226 -0.00908291 0.00760107 0.0136489 0.00622394 -0.00020637 -0.00775046 1.31448e-06 0.00248677 0.0133882 0.00038905 -0.00387717 0.00508825 -0.0144698 -0.0176 -0.0065893 0.000640821 -0.00258023 0.00290762 0.0301464 -0.00296648 -0.00897145 0.0101276 0.0143544 0.0237665 0.0078268 0.00922908 0.00645161 0.0141366 -0.000678835 -0.00230063 0.00100007 -0.00599683 0.00732297
internal_weight=1.23702e+07 6.01926e+06 5.28181e+06 3.71721e+06 6.3509e+06 737447 3.27265e+06 2.58133e+06 1.55606e+06 659786 3.07825e+06 2.16115e+06 577464 226971 1.52073e+06 2.82935e+06 1.73259e+06 1.56461e+06 851499 123305 1.0606e+06 393703 1.31613e+06 428559 306726 121833 728194 1.48441e+06 666895 11394.3 713109 119704 691320 71645.4 39322 478166 425559 1.08146e+06 112937 2.69385e+06 1.37023e+06 1.32362e+06 1.19911e+06 369139
internal_count=37918650 21690900 19521438 13559272 16227750 2169462 7919450 6419903 5360501 1873049 8308300 8198771 1677661 588992 3736239 7629735 6625087 5962166 3131315 417305 2683664 1029354 3227006 1573684 1147395 426289 2714010 5163386 1654310 24103 2830851 440608 1499547 197115 100034 1053672 940336 2577685 272272 7318829 3921746 3397083 4235808 821190
is_linear=0
shrinkage=0.05


Tree=59
num_leaves=45
num_cat=0
split_feature=1 3 2 2 3 3 1 3 4 0 4 1 4 0 4 1 3 0 0 4 4 0 1 4 4 1 1 0 0 4 2 1 0 0 0 4 4 4 4 1 0 3 3 0
split_gain=112091 55106.9 44520.6 23085.6 15300.7 14940.4 11490.5 8242.4 7998.56 10059.4 9063.27 8845.95 7215.17 8652.66 7006.47 6749.99 5965.48 5599.27 5405.24 5290.36 4699.53 4499.58 4137.49 5573.72 4011.88 3931.32 7131.13 4567.33 4862.69 5874.78 3861.54 3744.14 3639.69 3587.17 6479.27 3858.41 3540.48 3332.48 3237.42 5831.92 9100.99 5809.87 4391.23 4088.08
threshold=-0.2393156642875576 2.8157882194800341 3.5000000000000004 3.5000000000000004 -6.488569845523247 1.9150080877777429 -0.73300900260771595 -8.6337015575177549 -11.517414880093396 0.58743244627487468 19.389303354563477 0.23931566428755774 -5.039442712515334 0.35460488704253579 1.8456006950205011 0.85743085555170595 10.620897559109869 -0.12053668025532321 0.93085292505862427 2.4244436874032798 -6.5579930310375252 -0.94117129826980295 0.4647231720437684 1.044532298354593 13.980421417346863 0.57552211292281397 0.62305106867763382 0.67983684365189634 0.65797238821565851 8.3879359718785782 2.5000000000000004 0.91233666684008119 0.93085292505862427 0.93085292505862427 0.89412692780947678 14.470060564302171 24.301560733309959 -5.4324104112298235 1.7318726003372336 0.95418073928008662 -0.35460488704253573 13.004643051379945 19.255578152819776 -0.2393156642875576
decision_type=2 2 2 2 2 2 2 2 2 2 2 2 2 2 2 2 2 2 2 2 2 2 2 2 2 2 2 2 2 2 2 2 2 2 2 2 2 2 2 2 2 2 2 2
left_child=3 2 4 12 30 20 17 32 9 -3 11 -10 -1 14 -14 16 25 -7 19 -9 -5 -8 -6 -24 -15 -13 -27 28 -28 -30 -2 -17 37 34 35 -22 -23 -4 39 40 41 -33 -40 -41
right_child=1 8 7 5 22 6 21 18 10 -11 -12 15 13 24 -16 31 -18 -19 -20 -21 33 36 23 -25 -26 26 27 -29 29 -31 -32 38 -34 -35 -36 -37 -38 -39 42 43 -42 -43 -44 -45
leaf_value=-0.0024050679790527489 -0.015972576630843748 0.021436903722296525 -0.00077323036757873261 0.0067530515996468508 -0.0071262984216398928 -0.021947499630918941 -0.020326791267981682 0.0046672138481086319 0.0013354421616958391 -0.030293998292700672 0.016658341877157017 0.0054203026155350562 -0.011385797391873051 -0.012163994293038983 -0.022742440497196325 -0.0019978677814510202 0.01711016857841836 -0.010788269112192017 -0.00059886498523647113 0.012209014657634012 -0.0026066388968117964 -0.0028736370345557529 -0.0028852938077396097 0.0083317603820797972 -0.0026802312543398863 0.026156509774322295 0.0085070765780648535 -0.0028491113790572141 0.037026812474854613 0.0077554038587965045 -0.0078070073024845092 -0.0031336697464839393 -0.0092532033097356622 -0.013196920456464978 0.029277756874764777 0.010866043793648297 0.019767650908807478 0.010644840025951174 -0.00016993647575587928 -0.0095069062535307405 0.030608183243646111 0.05000744262121587 0.026236741822865929 0.0078020969312267421
leaf_weight=152874.41988065839 378337.86745260656 176114.4856979847 698442.29409234226 163262.88366946578 387592.72894592583 154523.09112682939 36043.560411944985 2124774.4607937038 536189.36963124573 9927.2182305157185 270820.18864744902 418279.96196243167 222698.49755425751 407187.96732769161 348101.52745850384 152487.70062609017 298043.50194373727 412452.88855953515 429782.48531514406 261102.01512408257 1234607.1669383943 428659.58424737304 567088.05903491378 137621.70212095976 153570.08198314905 75627.378029033542 244137.18478792906 63897.217039704323 37204.307300209999 31786.431601643562 234543.79273408651 46013.361222654581 115350.5596448034 70595.678323984146 16743.769733712077 55532.688161432743 17991.009807646275 70338.791755899787 207306.27008593082 39041.159130185843 68175.088266029954 5790.6053460240364 17037.259061664343 270224.34734632075
leaf_count=637358 1712175 409369 1807336 430724 1528792 628253 130365 5233778 1557814 23890 643355 1152955 1132473 1785631 1969593 414715 706104 1485953 1097100 583750 3787036 1332749 2035738 429095 642645 183222 637324 168985 84878 80160 846490 114810 314901 185657 39863 154165 44985 165943 577392 106077 167697 11104 37463 698788
internal_value=-8.8431e-05 0.0031655 0.000159616 -0.0071198 -0.00652469 -0.00440221 -0.0090027 0.00324032 0.00863929 0.0186765 0.00796808 0.00703089 -0.0126006 -0.013978 -0.0183116 0.0085771 0.0110044 -0.0138296 0.00456277 0.00549256 -0.001268 -0.003333 -0.00297691 -0.000694732 -0.00956676 0.00891489 0.0121441 0.00933337 0.0118193 0.0235405 -0.0128477 0.00505706 -0.000971206 -0.00221868 -0.00162565 -0.00202672 -0.00196165 0.000271454 0.00670304 0.00924707 0.0186041 0.0028064 0.00183546 0.00561704
internal_weight=1.22479e+07 8.37308e+06 5.40497e+06 3.87484e+06 1.70518e+06 2.59041e+06 1.04967e+06 3.69979e+06 2.9681e+06 186042 2.78206e+06 2.51124e+06 1.28443e+06 1.13156e+06 570800 1.97505e+06 1.16898e+06 566976 2.81566e+06 2.38588e+06 1.54074e+06 482694 1.0923e+06 704710 560758 870932 452653 377025 313128 68990.7 612882 806076 884132 1.37748e+06 1.30688e+06 1.29014e+06 446651 768781 653588 429245 119979 51804 224344 309266
internal_count=37918650 23531200 15755098 14387450 6552290 8219750 3622305 9202808 7776102 433259 7342843 6699488 6167700 5530342 3102066 5141674 3013628 2114206 6914628 5817528 4597445 1508099 3993625 2464833 2428276 2307524 1154569 971347 802362 165038 2558665 2128046 2288180 4166721 3981064 3941201 1377734 1973279 1713331 1098476 293611 125914 614855 804865
is_linear=0
shrinkage=0.05


Tree=60
num_leaves=45
num_cat=0
split_feature=2 2 1 2 1 1 0 0 0 3 0 3 0 0 3 4 2 2 3 4 3 3 4 0 0 0 4 0 2 3 4 1 3 4 0 4 4 3 3 1 3 3 0 0
split_gain=161113 35801.7 19192.3 10613.4 8792.54 8620.65 6408.94 5980.48 4794.36 4512.46 3939.68 3292.9 3132.38 3048.03 2809.75 2743.28 2400.18 2298.45 2161.53 2029.66 2558.87 1874.32 2868.88 1911.29 1838.58 2751.42 1809.02 1749.23 1666.96 1740.1 1585.68 1552.79 1487.79 1469.13 2330.88 1466.49 1344.53 1177.35 1167.48 1097.22 1083.49 1052.42 1049.31 1044.36
threshold=4.5000000000000009 2.5000000000000004 -0.46472317204376873 5.5000000000000009 0.25145141517831299 -0.2393156642875576 0.58743244627487468 0.088756899407539988 -0.4298763333408428 -6.7385137617844206 0.48662714534649493 -1.7302547552419723 0.35460488704253579 -0.93085292505862405 -1.6495127090000989 -1.6010117619410733 6.5000000000000009 6.5000000000000009 7.7037891927019055 -3.6523558457140619 5.6196416414781885 5.5246501439792519 -6.268506612969019 -0.82298386589365657 -0.82298386589365657 -0.79450537036186197 -8.1825277551116589 -0.93085292505862405 6.5000000000000009 8.2588529183189738 6.9149937721793266 0.88755655832397862 -0.067988576927621822 9.6746708834979085 -0.2393156642875576 -4.7763033860137183 -7.7215735669083747 13.853747309474672 19.255578152819776 0.12053668025532312 -1.3510783328691855 -1.4243037205819673 -0.79450537036186197 0.96778869966720549
decision_type=2 2 2 2 2 2 2 2 2 2 2 2 2 2 2 2 2 2 2 2 2 2 2 2 2 2 2 2 2 2 2 2 2 2 2 2 2 2 2 2 2 2 2 2
left_child=1 4 7 27 6 9 14 15 19 -3 21 -9 18 26 -1 -2 -15 -13 41 20 -7 31 -23 -24 -21 -26 -5 36 29 40 37 -6 -14 35 -35 -16 -4 43 -12 -37 -17 -11 -25 -10
right_child=2 5 3 13 10 8 -8 11 30 12 38 17 32 16 33 28 -18 -19 -20 24 -22 22 23 42 25 -27 -28 -29 -30 -31 -32 -33 -34 34 -36 39 -38 -39 -40 -41 -42 -43 -44 -45
leaf_value=0.010594292208459626 -0.0044796322002545038 -0.0029718454605963391 -0.0047740769239833433 -0.010070325030209154 0.011043279892581843 0.0024825277780192354 0.0075701846895079045 -0.010107789405535814 -0.0013906645655033388 0.0060257316885222838 0.0025872315285547596 -0.0008583287740780651 -0.00129745363206928 -0.009320673166147847 0.0097569969743194294 0.00066170610397814139 -0.01269487994196168 -0.0071013290221837305 -0.00025888801098762805 0.011289688927177849 -0.0084479150101767677 -0.0058918118741912648 0.018366786822519587 -0.0094151492873529741 -0.021841590482132599 0.0056285393099986892 -0.0035654169342560758 -0.0054608047662842926 -0.00085989060201662685 -0.0071455803016831389 -0.0046833754984964802 0.0067993990730145963 0.0047559206365550451 -0.0011337430764054258 0.014616232688818627 0.017879771319311483 0.0031714256294741111 -0.012245899002913214 -0.014119023528620739 0.029532021427428015 0.0068502332859170087 0.010572407942149985 0.0058768048950223646 0.0031870692679391607
leaf_weight=390194.8352303952 172945.07323750854 160273.6115873158 98998.476743832231 190230.01648426056 430067.5445676744 592492.16427947581 645832.93818898499 221680.01618428528 819470.04846315086 184109.07041482627 419231.85968753695 420462.38938838243 146510.23349401355 1048876.4519818574 54506.959052532911 92936.736202701926 1059320.2266602665 227039.46407574415 67698.546312347054 114259.53719037771 58863.923209428787 56612.194897592068 30577.499244913459 12091.070711061358 11226.49465380609 48473.818635717034 243937.17503303289 1044778.6862663925 224790.3174341619 29901.062823548913 401743.46103519201 432096.34548181295 330439.28588867188 28081.383965134621 143702.71467390656 385437.94663545489 115201.16710276902 22574.425078317523 10725.10119099915 21320.538539990783 295967.08747138083 412295.53797388077 155377.85323724151 146930.74448753893
leaf_count=1352968 504672 470034 289944 550669 1463893 1826359 2102100 631688 2450676 586042 1292901 1249880 435252 3103100 194364 279773 3099250 647882 201908 383967 173193 167280 110298 34805 29327 155104 731381 3103100 665490 82424 1190206 1388652 1033588 85962 536673 1506246 356856 64106 31499 89087 931641 1384976 496422 453012
internal_value=-4.24342e-05 0.00514023 -0.00640212 -0.00837131 0.00895326 0.00165404 0.0114701 -0.00196154 -0.000242822 0.00488422 0.00623743 -0.00484809 0.00598769 -0.0102305 0.0139316 0.0011111 -0.0110161 -0.00304737 0.00820779 0.00277613 0.00149473 0.00780312 0.00403422 0.0068716 0.00757409 0.00046285 -0.00641554 -0.00461692 0.00261342 0.00447769 -0.00203441 0.00891635 0.00289643 0.0159886 0.0120416 0.0174585 -0.000500815 -0.000958339 0.0021705 0.0184905 0.00537135 0.00916886 0.00477274 -0.00069467
internal_weight=1.22203e+07 6.73322e+06 5.48706e+06 3.80134e+06 3.21586e+06 3.51736e+06 1.66908e+06 1.68572e+06 2.21603e+06 1.30133e+06 1.54678e+06 869182 1.14105e+06 2.54236e+06 1.02324e+06 816540 2.1082e+06 647502 664103 825316 651356 1.11682e+06 254659 198046 173960 59700.3 434167 1.25898e+06 643595 418805 1.39072e+06 862164 476950 633050 171784 461265 214200 988975 429957 406758 388904 596405 167469 966401
internal_count=37918650 21690900 16227750 11234300 10853150 10837750 5867400 4993450 6725950 4111800 4985750 2529450 3641766 7484400 3765300 2464000 6202350 1897762 2172926 2567950 1999552 3661350 808805 641525 568398 184431 1282050 3749900 1959328 1293838 4158000 2852545 1468840 2412332 622635 1789697 646800 2967794 1324400 1595333 1211414 1971018 531227 2903688
is_linear=0
shrinkage=0.05


Tree=61
num_leaves=45
num_cat=0
split_feature=3 2 1 3 0 0 3 1 3 0 2 0 3 0 4 4 4 3 0 1 1 1 3 0 1 3 1 3 1 0 4 1 4 1 0 0 3 4 0 4 1 3 4 1
split_gain=36337.7 42371.7 17288.1 14160.4 13065 9655.2 8744.53 10361.7 7625.55 8037.8 6267.9 5968.52 5387.74 5313.11 4403.17 4319.15 4285.35 3937.92 3815.45 3650.14 3578.85 3571.39 3543.96 3490.24 3481.13 3245.43 3033.2 4438.72 3655.25 2919.12 2902.64 2833.02 2783.95 2559.45 3715.39 2483.03 2465.69 2416.39 2466.45 2387.52 2367.34 2249.35 2124.95 3457.97
threshold=-10.969226696246691 3.5000000000000004 -0.2393156642875576 -0.76901482607872385 0.20588816045177846 -0.58743244627487456 -2.7600588162966058 1.0000000180025095e-35 4.5576692807499564 0.94117129826980317 5.5000000000000009 -0.56335575626740397 -21.804925576132185 0.97474915486277813 21.255645475364993 9.821778554410491 -1.4861760645474715 -20.187501122676377 -0.56335575626740397 -0.86104361176735533 0.52542847473095 -0.55094406234797322 5.4329906566908273 -0.86066547284873141 -0.12053668025532321 7.5676226976124612 0.36521623457838687 1.0469221891041089 0.30909602655580187 -0.93085292505862405 21.255645475364993 -0.33743737045268668 6.9149937721793266 0.82619477567192912 0.37886415816525426 0.37886415816525426 5.7129892122748354 26.046987670433641 0.5633557562674042 1.1634711335831762 0.99649054800675863 14.983940511818 8.951559536320163 1.0000000180025095e-35
decision_type=2 2 2 2 2 2 2 2 2 2 2 2 2 2 2 2 2 2 2 2 2 2 2 2 2 2 2 2 2 2 2 2 2 2 2 2 2 2 2 2 2 2 2 2
left_child=4 5 8 11 12 20 42 14 9 16 18 -4 -1 30 -8 24 19 -6 25 -3 26 35 -9 29 -13 -5 28 -28 32 -21 -12 -23 -2 41 -35 -10 -22 38 -37 -11 -20 -24 -7 -44
right_child=1 2 3 10 17 6 7 22 21 39 13 15 -14 -15 -16 -17 -18 -19 40 23 36 31 33 -25 -26 -27 27 -29 -30 -31 -32 -33 -34 34 -36 37 -38 -39 -40 -41 -42 -43 43 -45
leaf_value=0.016466003454147886 -0.0091055093318111145 -0.012951144786813237 -0.001291287707273473 -0.0082735974067215858 0.023901657053948578 4.690033891491229e-05 -0.00090870427378724546 -0.0064654485176877073 0.01328829401397268 0.041410155982022988 -0.0016676266966191124 0.016492894122273082 0.0021065753320606072 0.0071751621250387629 -0.013974756915327256 0.014975241987445896 0.0036220796459659841 0.012124910514147059 -0.0047777659717471816 -0.00093357004024760451 -0.012512627162579623 -0.0011111734931811769 -0.013748985012755406 0.0051203804356445585 0.0031194416254939441 -0.021812250300073568 0.0076994921494637839 -0.01301924422790849 -0.02368446190613073 -0.014969793098287651 -0.018542945413744964 0.014634165288931548 0.0059394062957623178 -0.011417460740053492 0.0067844509704350396 -0.0013662641322164655 -0.025765456812320738 -0.015893581299089899 0.010343402335315798 0.013523785894515545 0.0072032946068366667 -0.026570505624478442 0.00018373591089415457 0.025023003211394675
leaf_weight=72994.192054107785 522357.33001262695 64683.970018237829 698912.34403403103 237890.30570919067 83396.269420966506 729076.94746306539 926376.89174583554 579290.92984387279 336253.72481659055 16218.199257701635 1074884.7033035308 50632.120425015688 621653.08313082159 181048.92840449512 69302.394477650523 89851.516048997641 1658425.5171613097 476896.81397946179 785680.41369228065 135360.61504158378 167470.85588790476 134806.35224065185 179734.68232331425 170791.31748692691 1249359.970555231 54384.632150180638 67559.05985185504 41872.693994306028 41035.491655059159 50997.372951984406 26100.529162794352 36250.740872442722 32671.517730951309 171371.35619749129 33519.223041534424 57069.14632768929 44401.379559472203 11149.163127616048 212115.77651380002 14571.624385654926 43513.120042741299 42247.848142981529 35708.356871917844 23059.80859914422
leaf_count=177640 2448275 192997 1896348 805624 184356 2546606 3772693 2156225 899188 33449 2787515 113583 1790669 407225 268258 194875 4606156 1147504 2279828 404500 697463 369466 697906 460123 3070987 185583 262285 199676 194738 158146 70391 102567 123580 666310 116905 167061 200891 30926 536303 33783 122100 158375 118970 60601
internal_value=0.000132857 -0.000779054 0.00140896 -0.000533545 0.0081973 -0.00514141 -0.00367812 -0.00543429 0.00441936 0.0028529 -0.00315051 0.00247776 0.00361548 -0.000762407 -0.00181814 0.0043731 0.00247755 0.0138778 -0.00588052 -0.00202213 -0.00959123 0.00861781 -0.00901275 -4.27614e-05 0.00364031 -0.0107928 -0.00787979 -0.000228274 -0.00928454 -0.00477462 -0.00206768 0.00222561 -0.0082199 -0.0124696 -0.00843971 0.0103912 -0.01529 0.00691613 0.00786087 0.0282126 -0.00414904 -0.0161892 0.00078414 0.00993032
internal_weight=1.23529e+07 1.1098e+07 7.39095e+06 4.49226e+06 1.25494e+06 3.70706e+06 2.78969e+06 2.00184e+06 2.89869e+06 2.11105e+06 2.4035e+06 2.08876e+06 694647 1.28203e+06 995679 1.38984e+06 2.08026e+06 560293 1.12147e+06 421833 917368 787645 1.00616e+06 357149 1.29999e+06 292275 705496 109432 596064 186358 1.10099e+06 171057 555029 426873 204891 616588 211872 280334 269185 30789.8 829194 221983 787845 58768.2
internal_count=37918650 34618481 19928724 11934059 3300169 14689757 10562849 7836672 7994665 5889154 6658266 5275793 1968309 3265131 4040951 3379445 5821922 1331860 3393135 1215766 4126908 2105511 3795721 1022769 3184570 991207 3228554 461961 2766593 562646 2857906 472033 2571855 1639496 783215 1633478 898354 734290 703364 67232 2401928 856281 2726177 179571
is_linear=0
shrinkage=0.05


Tree=62
num_leaves=45
num_cat=0
split_feature=1 3 2 2 3 3 2 1 4 0 0 0 4 0 4 1 1 1 4 4 1 3 0 3 1 0 3 0 0 0 4 0 3 0 0 0 1 4 4 4 4 0 0 0
split_gain=101947 50214.2 32748.1 21526.2 18566.2 17027.9 13274.1 12827.9 7383.36 8524.96 6573.3 6447.17 7015.4 6335.81 5829.98 5802.78 5405.31 7627.63 5367.04 5099.19 5042.45 5001.43 4996.95 4791.38 4593.87 6628.29 4565.11 4563.77 4214.22 4268.94 3896.96 4690.99 4433.42 3777.91 3933.48 3741.73 3462.5 3412.29 3367.89 3327.96 3256.32 3210.23 7017.38 3073.37
threshold=-0.2393156642875576 -3.9974872748228978 3.5000000000000004 2.5000000000000004 5.5246501439792519 -0.34773159257752789 2.5000000000000004 -0.73300900260771595 -9.6772138048987149 0.37886415816525426 -0.99087453071010889 0.26568621746226689 1.1634711335831762 0.93085292505862427 22.138282614797578 0.52542847473095 0.23931566428755774 0.82619477567192912 4.3200642626370618 17.586657681058949 -0.46472317204376873 -18.943206484268512 -0.79450537036186197 -11.993893100142374 0.36521623457838687 0.88059548392442355 14.983940511818 -0.88545602565320969 0.76251730544457197 0.67983684365189634 -5.3041796436846189 0.37886415816525426 -0.067988576927621822 0.81773537194966905 0.76251730544457197 -0.2393156642875576 -0.33743737045268668 -8.0299648512177502 2.0643835749059822 13.513500347739738 19.938981218868943 0.67983684365189634 0.65797238821565851 0.5633557562674042
decision_type=2 2 2 2 2 2 2 2 2 2 2 2 2 2 2 2 2 2 2 2 2 2 2 2 2 2 2 2 2 2 2 2 2 2 2 2 2 2 2 2 2 2 2 2
left_child=3 2 23 30 6 13 27 11 9 -6 -4 12 -7 20 16 37 -10 26 22 36 28 -12 -17 -2 -23 33 -18 -3 29 -5 -1 32 -32 34 -26 -14 -9 -8 -19 -33 -39 42 -24 -13
right_child=1 4 10 5 8 7 15 19 14 -11 21 43 35 -15 -16 18 17 38 -20 -21 -22 24 41 -25 25 -27 -28 -29 -30 -31 31 39 -34 -35 -36 -37 -38 40 -40 -41 -42 -43 -44 -45
leaf_value=-0.0044730993624929848 -0.016570013798236912 -0.011235643623980884 0.011339913763026019 -0.0012510946926803958 0.023820137119404811 0.0024405710234215693 0.0074850790527470727 -0.0034873522698827468 0.002498876309011635 -0.025554167740663453 -0.011182627389212472 -0.0030175960772310501 -0.02278754065294597 -0.014991589603231074 0.017996557427893661 0.016013530236213599 0.010961412336188844 0.0081662211140271258 0.014103911921536644 0.00683172626335309 0.0066844873190629959 -0.0041085614089659255 0.0049986040421322528 -0.0083362962829535547 0.0019535091632788713 0.020282667819781868 0.021802685075881678 -0.00069044723897800607 -0.012066484847132188 0.013395633550646378 -0.012895256720292861 -0.014426714733906394 -0.023870504706093434 -0.012229415310381075 0.043778805130359574 -0.013989092407135107 -0.013444392804489988 0.00049757740525035717 0.00031247885809960129 -0.0032346316125609186 0.017411025443831683 -0.0048483187154086393 0.027469736930606815 -0.01209797545495972
leaf_weight=90280.240622207522 251583.41672188789 123351.91852651536 144761.02005386353 889620.1165227145 132060.99017640948 50516.582893744111 259150.72190195322 565867.69332320988 368807.63328753412 9362.162477761507 90720.158513695002 213204.39543202519 185519.01524870098 73320.08972017467 154636.8335339874 111622.86815050244 660124.48019003868 328578.76736615598 224915.74440529943 104922.8301371485 237971.5885360986 356917.89416614175 1297971.9599722028 593525.57855935395 1131617.8027882874 49369.471397027373 113849.64021280408 609924.21409504116 84841.072258204222 52695.106601506472 158519.46390420198 215599.59474307299 219315.42180652916 47511.94166469574 5649.3980733901262 346582.98227387667 103240.7818300128 926960.18599902093 233513.88401657343 95991.785194247961 29359.207221761346 77803.732392325997 35698.354568421841 165535.91974316537
leaf_count=410065 1082795 595246 353444 2746374 294192 185435 652870 1898174 1032896 23638 238768 773516 788010 201560 365651 286862 1692784 839699 516754 290630 686091 962993 3218486 2380061 2818003 108229 257256 2190913 236049 144445 839983 1029515 1403345 117619 12735 1422352 348961 2507834 636546 428892 63112 197553 84261 554053
internal_value=-9.18456e-05 0.00300668 -0.00264915 -0.0068214 0.00565871 -0.00493927 0.00355886 -0.0082075 0.00953822 0.0205516 0.00111627 -0.0120648 -0.0153662 -0.000701794 0.00870061 0.00504923 0.00785744 0.00933661 0.00689419 -0.00341664 0.000126367 0.000236262 0.00582952 -0.0107874 0.000887349 0.00233218 0.0125561 -0.00246436 -0.00139302 -0.000432037 -0.0142413 -0.0155205 -0.0192659 0.00158418 0.00216128 -0.0170567 -0.00502368 0.00239592 0.00490349 -0.0109788 0.00101682 0.00502415 0.00560009 -0.00698635
internal_weight=1.22229e+07 8.36935e+06 2.67166e+06 3.85354e+06 5.69769e+06 3.07384e+06 3.69676e+06 1.73539e+06 2.00093e+06 141423 1.82655e+06 961359 582619 1.33845e+06 1.85951e+06 2.96348e+06 1.70487e+06 1.33607e+06 1.74801e+06 774031 1.26513e+06 1.68179e+06 1.5231e+06 845109 1.59107e+06 1.23415e+06 773974 733276 1.02716e+06 942315 779707 689426 377835 1.18478e+06 1.13727e+06 532102 669108 1.21547e+06 562093 311591 956319 1.41147e+06 1.33367e+06 378740
internal_count=37918650 23531200 8074647 14387450 15456553 10275650 10313891 6261131 5142662 317830 4611791 3723366 2395797 4014519 4824832 7527732 4459181 3426285 4303916 2537765 3812959 4258347 3787162 3462856 4019579 3056586 1950040 2786159 3126868 2890819 4111800 3701735 2243328 2948357 2830738 2210362 2247135 3223816 1476245 1458407 2570946 3500300 3302747 1327569
is_linear=0
shrinkage=0.05


Tree=63
num_leaves=45
num_cat=0
split_feature=2 2 1 2 1 1 0 3 0 3 4 3 2 0 3 3 4 0 3 0 4 2 0 4 4 3 3 0 4 2 1 4 0 0 4 3 0 0 0 1 3 3 4 4
split_gain=147354 32133.4 17769.6 10570.6 7844.43 7799.57 7429.28 5060.47 4352.16 4124.65 3956.47 3610.32 3147.11 2987.98 2797.89 1980.89 2254.62 1938.73 1933.51 1844.89 2235.63 1830.05 1575.1 1664.11 1565.11 1538.51 1527.73 1524.37 1441.36 1424.49 1392.01 1345.1 2117.92 1344.01 1327.52 1240.76 1182.45 1175.26 1154.31 1466.88 1048.1 919.647 912.593 921.708
threshold=4.5000000000000009 2.5000000000000004 -0.59907629515643335 5.5000000000000009 0.4647231720437684 -0.2393156642875576 0.81773537194966905 -3.0973456027968242 -0.46472317204376817 -7.7029350097891003 8.3879359718785782 -3.1845268707625105 6.5000000000000009 0.35460488704253579 12.629236340315515 9.7717786928039008 -5.565288809378564 0.48662714534649493 7.9721025807415069 -0.82298386589365657 -6.5579930310375252 6.5000000000000009 -0.58743244627487456 -5.9806671733647141 -10.206039406563901 -0.41554898318264571 0.1328636443988245 0.088756899407539988 16.158017337472774 6.5000000000000009 -0.66312265824079497 8.5298331830513394 -0.2393156642875576 0.35460488704253579 7.7023350478439037 -3.0130825307625559 -0.94117129826980295 0.99437935835663549 -0.82298386589365657 1.0000000180025095e-35 -1.5002822295041935 -10.305296212527717 -14.954000173884884 5.5345896761367799
decision_type=2 2 2 2 2 2 2 2 2 2 2 2 2 2 2 2 2 2 2 2 2 2 2 2 2 2 2 2 2 2 2 2 2 2 2 2 2 2 2 2 2 2 2 2
left_child=1 4 7 19 6 9 11 27 15 -3 29 33 22 18 17 16 26 -6 40 20 -4 -12 23 -5 -13 -15 -7 41 37 30 -9 -26 -33 -1 -8 -14 -37 -10 39 -18 -11 -2 -19 -44
right_child=2 5 3 12 14 8 34 10 28 13 21 24 35 25 -16 -17 38 42 -20 -21 -22 -23 -24 -25 31 -27 -28 -29 -30 -31 -32 32 -34 -35 -36 36 -38 -39 -40 -41 -42 -43 43 -45
leaf_value=0.010093434291493661 -0.017910374489713752 -0.0038318922490465077 -0.0047623735911968019 -0.008016401692884919 0.0073363384000903354 0.0032006503401851467 0.008361035126686428 0.003850595043617087 -0.0017032769795020124 0.0055967004100193028 -0.00095531480509408653 0.0043063391534515719 -0.013291410777755877 -0.0016281993327808466 -0.002928156050924001 -0.0075938127817541017 0.0043584423719206615 -0.0066946980445145082 -0.00068821777575892452 -0.0052800861327042675 0.0034639125570886235 -0.0070642545038445276 -0.0091433586446908535 -0.0017843990919603305 0.016261631686046787 0.0044722189014719249 -0.0029818546544932074 -0.011176096516276662 -0.007054078118521382 -0.00046423101088801847 0.017149404549259343 0.0013769101291646346 0.013798552793242699 0.0025375230918800572 0.0036157220313443373 -0.005187081953699128 -0.010876758398758202 0.0053060380018734605 0.0021400595437575144 0.014649873816816537 0.0099913445524883425 -0.0024070111999592715 0.0060339859879992609 0.00029786372063367967
leaf_weight=323256.27554981411 10397.835080251098 128391.62357629836 179784.58834458888 265644.44649173319 928782.41704574227 410876.76311695576 288579.75925171375 383737.87157081068 1239287.9006305039 199877.76590177417 354578.24963144958 36513.311816006899 512707.05026412755 148232.43436092138 90152.555651977658 43518.184320926666 59574.455251410604 23562.67727714777 61871.412662148476 1004126.3196697235 152773.00679944456 187380.47146447003 894274.62967249751 179500.99891573191 579500.30207419395 341357.75628761947 132028.98572063446 139416.06803649664 121745.4876332432 220332.63129018247 20740.388077288866 39823.853246405721 248100.27380724251 71952.697204694152 301228.61546111107 104294.5385132879 733806.68569602817 62835.310801014304 61466.874938830733 82674.125559836626 422370.59107762575 119501.15594825149 161325.42206159234 123754.2841219157
leaf_count=1112910 27148 374137 529607 783976 3022760 1270839 937285 1183648 3708051 633758 1049122 121789 1482945 438969 275714 130792 189943 65221 183891 2987600 475243 532151 2656500 544274 2222730 1065728 394178 396307 360170 659103 71882 125395 908636 224790 949215 312431 2181674 197579 191118 283280 1415317 354139 510153 376552
internal_value=-4.10377e-05 0.00490971 -0.00614238 -0.00784531 0.00852125 0.00160588 0.0105913 -0.0013672 -0.000200078 0.00467661 5.87794e-05 0.0127041 -0.00965104 0.00560735 0.0055759 0.0027758 0.00338022 0.00619546 0.00774152 -0.00421108 -0.000983316 -0.00306746 -0.00793365 -0.0055034 0.0144469 0.00262521 0.00169713 -0.00754506 -0.00185147 0.00277047 0.00453252 0.0148738 0.0120805 0.00871779 0.0059375 -0.011354 -0.0101687 -0.00136504 0.00786568 0.0103398 0.0085797 -0.00364799 0.00276227 0.00354391
internal_weight=1.21956e+07 6.73264e+06 5.463e+06 4.02691e+06 3.21653e+06 3.51611e+06 1.88896e+06 1.43608e+06 2.21401e+06 1.3021e+06 1.16677e+06 1.29915e+06 2.69023e+06 1.17371e+06 1.32758e+06 790139 746621 1.23742e+06 684120 1.33668e+06 332558 541959 1.33942e+06 445145 903938 489590 542906 269315 1.42387e+06 624811 404478 867424 287924 395209 589808 1.35081e+06 838101 1.30212e+06 203715 142249 622248 129899 308642 285080
internal_count=37918650 21690900 16227750 11954250 10853150 10837750 6602750 4273500 6725950 4111800 3495906 4716250 7961800 3737663 4250400 2460150 2329358 3974686 2232966 3992450 1004850 1581273 3984750 1328250 3378550 1504697 1665017 777594 4265800 1914633 1255530 3256761 1034031 1337700 1886500 3977050 2494105 3905630 664341 473223 2049075 381287 951926 886705
is_linear=0
shrinkage=0.05


Tree=64
num_leaves=45
num_cat=0
split_feature=3 2 1 3 0 0 3 1 3 0 0 0 3 4 4 4 4 3 3 1 1 1 0 1 1 3 1 3 2 0 3 0 1 4 2 3 4 1 0 3 0 4 0 4
split_gain=33124.9 38013.9 15245 13092.9 11612.8 8976.34 8187.81 9530.51 7023.99 7322.74 5818.44 5729.05 4837.11 4162.37 4084.46 3974.56 3970.71 3590.31 3555.47 3429.13 3333.36 3332.5 3224.43 3207.49 2963.2 4169.26 3550.6 2937.77 2849.99 2840.06 4872.67 2758.23 2580.42 2572.36 2398.23 2390.4 2378.79 2357.3 3503.98 2379.77 2270.74 2239.24 2286.74 2218.9
threshold=-11.21834516884538 3.5000000000000004 -0.2393156642875576 -0.34773159257752789 0.20588816045177846 -0.58743244627487456 -3.1845268707625105 1.0000000180025095e-35 4.5576692807499564 0.94117129826980317 -0.56335575626740397 -2.8327694488239893e-16 -21.804925576132185 23.090718978779361 21.255645475364993 -1.7227232922204718 10.451521914453734 4.3130352583626825 -24.51843460078786 0.52542847473095 -0.86104361176735533 -0.55094406234797322 -0.86066547284873141 -0.12053668025532321 0.36521623457838687 0.91447742228605133 0.30909602655580187 7.3083067911577908 6.5000000000000009 1.0000000180025095e-35 10.854957279475139 -0.93085292505862405 -0.33743737045268668 6.9149937721793266 6.5000000000000009 5.7129892122748354 14.996698968281775 0.82619477567192912 0.37886415816525426 14.983940511818 0.37886415816525426 26.046987670433641 0.5633557562674042 1.1634711335831762
decision_type=2 2 2 2 2 2 2 2 2 2 2 2 2 2 2 2 2 2 2 2 2 2 2 2 2 2 2 2 2 2 2 2 2 2 2 2 2 2 2 2 2 2 2 2
left_child=4 5 8 10 12 19 -7 14 9 15 -4 27 -1 28 -8 20 23 36 -6 24 -3 40 31 -12 26 -26 33 -5 29 30 -13 -22 -23 -2 -29 -21 -9 39 -39 -19 -10 42 -42 -11
right_child=1 2 3 11 18 6 7 17 21 43 16 13 -14 -15 -16 -17 -18 37 -20 35 22 32 -24 -25 25 -27 -28 34 -30 -31 -32 -33 -34 -35 -36 -37 -38 38 -40 -41 41 -43 -44 -45
leaf_value=0.015736247172627525 -0.0086662567733730728 -0.013054044400797649 -0.0013433107648048242 -0.0046804027930687202 0.030175748461542602 0.0010375672811770466 -0.00079271062298705882 -0.0063439414674959643 0.01268237659350812 0.039455668065287164 0.015264358426368816 0.0058569712139547965 0.0021048485418408876 -0.013786615701101238 -0.013406930222638747 0.0033882956799861901 0.014413129658918434 -0.012770777676020351 0.012512338423692213 -0.012019775672958597 -0.0010698429533794903 -0.0011588257432746318 0.0048610803022771367 0.002939799617797733 0.0077299271970470949 -0.012291846400323325 -0.023125626935110683 -0.014424889461316613 0.0033996944379462326 -0.0022153778212684015 0.08004652234924288 -0.014908974007289633 0.01383846425784206 0.0057896348484499909 -0.00083422510894947245 -0.025174943608180705 0.0098327411148054333 -0.010622764954884394 0.0058313927956803457 -0.025897271830305647 -0.001387421757081217 -0.015428026882866729 0.0098851958427042322 0.012657105027853882
leaf_weight=73152.362104639411 521801.91963606328 59542.82633574307 745190.89117023349 752321.95411606878 30190.787616491318 748512.87554530799 949731.99471393228 509867.23947061598 336828.62236560881 16358.267502874136 54954.29209010303 11212.570290908217 589729.09161135554 60940.705965489149 68823.553375765681 1683224.4761726856 87359.189860314131 211188.60341054946 505623.06661269069 167812.07783713192 133161.74093909562 134821.23654986918 163200.72585725784 1341262.8065301478 67969.872808814049 42110.000577285886 40634.517219997942 154158.37190189958 354571.73681484163 911303.2495116964 2757.4946580529213 49346.512677520514 36432.274227365851 32702.533044084907 41118.098492443562 43478.441946968436 23785.872872918844 204177.84504941106 38448.572789147496 41277.173493266106 57070.818367049098 11088.108050838113 212514.97242601216 14634.524973019958
leaf_count=177640 2460413 177643 2032070 2219023 63100 2571237 3870632 1913060 899188 33566 123240 28333 1694975 168919 268727 4671280 189463 820871 1205852 703933 397350 369466 437859 3299029 262319 203219 195950 485807 844639 2498590 5669 153320 102567 123580 110517 200891 74337 798600 135294 158375 167061 30926 536303 33817
internal_value=0.000136099 -0.000713884 0.00135153 -0.000466316 0.00803373 -0.00484512 -0.00343741 -0.00507351 0.00417507 0.00267605 0.00226133 -0.0031229 0.00360914 -0.00101971 -0.00164505 0.00231803 0.00407192 -0.00846801 0.0135076 -0.00913932 -0.00212735 0.00820307 -0.000245398 0.00342489 -0.00746526 7.07896e-05 -0.00885916 -0.00609877 -0.000411804 -0.0018724 0.0205009 -0.00481166 0.00203168 -0.0078137 -0.0115632 -0.0147268 -0.00562292 -0.0115347 -0.0080153 -0.0149169 0.0099146 0.00659307 0.0074988 0.0268016
internal_weight=1.23364e+07 1.11377e+07 7.42538e+06 4.51715e+06 1.1987e+06 3.71232e+06 2.79581e+06 2.0473e+06 2.90823e+06 2.11947e+06 2.22877e+06 2.28838e+06 662881 1.34079e+06 1.01856e+06 2.08848e+06 1.48358e+06 1.02875e+06 535814 916509 405252 788756 345709 1.39622e+06 705219 110080 595139 947598 1.27985e+06 925273 13970.1 182508 171254 554504 195276 211291 533653 495092 242626 252466 617503 280674 269586 30992.8
internal_count=37918650 34777083 20015645 12005299 3141567 14761438 10611133 8039896 8010346 5904835 5643802 6361497 1872615 3546150 4139359 5837452 3611732 3900537 1268952 4150305 1166172 2105511 988529 3422269 3245481 465538 2779943 2815347 3377231 2532592 34002 550670 472033 2583993 596324 904824 1987397 1913140 933894 979246 1633478 734290 703364 67383
is_linear=0
shrinkage=0.05


Tree=65
num_leaves=45
num_cat=0
split_feature=1 3 2 2 3 2 3 3 0 0 4 0 4 0 1 3 4 0 0 0 4 0 1 1 2 4 1 0 4 0 1 0 1 1 0 0 4 0 0 4 1 0 4 0
split_gain=92646.9 45588.7 27377 20202 18322.5 13514 10978 9684.73 13330.9 7429.06 7378.17 8211.1 6171.59 5659.1 6380.9 5759.6 5209.63 5077.61 4988.24 4935.66 4505.83 4498.97 4377.32 4376.95 4011.94 3982.07 3836.53 3732.02 4641.24 3629.29 3930.86 3605.23 3546.61 9016.42 5125.29 4236.79 3397.68 4156 5048.39 3362.05 3309.74 5164.99 3229.05 3038.82
threshold=-0.2393156642875576 -4.8939060778895387 3.5000000000000004 4.5000000000000009 4.4751029713201484 3.5000000000000004 2.3984898063610278 -0.69763357047092522 0.67983684365189634 0.48662714534649493 -10.563115581931781 0.58743244627487468 18.890002469392382 0.93085292505862427 0.82619477567192912 13.004643051379945 1.2800021765159004 -0.99087453071010889 -0.86066547284873141 0.35460488704253579 24.301560733309959 0.5633557562674042 0.57552211292281397 0.62305106867763382 2.5000000000000004 12.025151732854502 0.52542847473095 0.93085292505862427 3.8315857713926396 0.37886415816525426 0.85743085555170595 0.76251730544457197 0.57552211292281397 0.62305106867763382 0.67983684365189634 0.65797238821565851 -2.9171523481265704 0.26568621746226689 0.46472317204376884 9.6746708834979085 0.36521623457838687 0.88059548392442355 -6.8421651063302606 -0.46472317204376817
decision_type=2 2 2 2 2 2 2 2 2 2 2 2 2 2 2 2 2 2 2 2 2 2 2 2 2 2 2 2 2 2 2 2 2 2 2 2 2 2 2 2 2 2 2 2
left_child=3 2 24 7 5 18 36 42 16 -8 11 -6 13 14 15 32 -9 -4 -3 -18 -10 25 26 -24 -2 -11 40 28 -7 30 -16 -23 -12 -34 35 -35 -5 -38 -39 -40 -19 -42 -1 -32
right_child=1 4 17 6 10 27 9 8 20 21 12 -13 -14 -15 29 -17 19 22 -20 -21 -22 31 23 -25 -26 -27 -28 -29 -30 -31 43 -33 33 34 -36 -37 37 38 39 -41 41 -43 -44 -45
leaf_value=0.00082572091461025033 -0.013852715858682935 -0.0082515896772452791 0.01042207430762618 0.0048009244952222762 0.022124058705071951 0.0049961897877369267 -0.012499753346224281 -0.0079672013380679262 -0.0063229409786929149 -0.00049570819924519866 0.005833852647631534 -0.026911924157467335 0.014825278107645454 0.0014798482949892238 0.023787884606968554 0.020125701426628523 -0.022313198106332786 -0.0049912184295415902 8.0664195936877494e-05 -0.012814277296411903 0.018220311281571075 -0.0098887866569468824 0.021350888376894746 0.0013076780971307033 -0.0063357134096913084 0.044302793389947907 -0.014516012641237828 0.00055571548341556011 0.012287128768098572 -0.0044621825436047882 -0.0099370646756937134 0.00077781584802668203 0.028376812260834602 0.0075880085598626912 -0.0052900635598219503 0.023118191072793774 -0.0046976439247668166 0.012503496925002534 -0.0033886816555286359 0.0071437727499065826 -0.0021582075101679774 0.017551749090498666 -0.0076220286930316948 0.0060402738020461253
leaf_weight=137135.93437516689 458438.10595867783 222457.8623727411 122419.37127493322 264393.91224363446 144015.2573453784 1854378.1450301111 402235.57903494686 127796.79525641352 284927.22225895524 10537.961615383625 368278.35592925549 9075.0914593040943 278286.7789786607 389874.93055811524 29748.234985873103 146474.62639531493 400799.85579422861 322771.76346153021 932859.64959003031 207578.91888780892 20013.955954745412 141100.9208098799 28080.08965882659 908382.09757846594 289653.42058938742 9372.1250289082527 71462.340147659183 394724.19289076328 247397.38958442211 94870.452265486121 31554.792927116156 180624.70310387015 73824.519307613373 151674.85919912159 52977.4241887182 61813.695679679513 515522.19735221565 89101.221055448055 293548.47559145093 102128.16498087347 108725.48145721853 47873.614896863699 645876.28938578069 523298.41167959571
leaf_count=507995 2083963 962271 299168 712244 324551 4542412 1512314 655619 1099057 27074 1070329 22570 663120 1043142 77014 340772 2257991 880994 3180109 1005577 60217 428424 71478 2270360 1037224 25315 192024 992381 551177 248784 88252 493862 172706 390915 138249 147240 1663277 249436 791608 260296 266098 104516 2637144 1369381
internal_value=-9.66126e-05 0.00285289 -0.00303895 -0.00653431 0.00516527 0.00294746 -0.00307492 -0.0103435 -0.013503 -0.00789476 0.00860323 0.0192172 0.00786553 0.00685908 0.00822578 0.0111 -0.0171444 0.00063397 -0.00152372 -0.0190722 -0.00471211 -0.00247292 -0.000171689 0.00190868 -0.0109422 0.020592 -0.00370849 0.00501662 0.0058544 0.00460891 0.00608098 -0.00390029 0.0092342 0.0129142 0.00863028 0.0120846 -0.000239971 -0.00157235 0.00175114 -0.000670148 -0.00209735 0.00386729 -0.0061425 0.00513163
internal_weight=1.21981e+07 8.36539e+06 2.35781e+06 3.83269e+06 6.00758e+06 3.65182e+06 2.00857e+06 1.82413e+06 1.04112e+06 743871 2.35577e+06 153090 2.20268e+06 1.92439e+06 1.53452e+06 855043 736176 1.60971e+06 1.15532e+06 608379 304941 341636 1.4873e+06 936462 748092 19910.1 550833 2.4965e+06 2.10178e+06 679472 584601 321726 708569 340290 266466 213489 1.26469e+06 1.0003e+06 484778 395677 479371 156599 783012 554853
internal_count=37918650 23531200 7205825 14387450 16325375 10228350 6163850 8223600 5078461 2486989 6097025 347121 5749904 5086784 4043642 2260211 3919187 4084638 4142380 3263568 1159274 974675 3785470 2341838 3121187 52389 1443632 6085970 5093589 1783431 1534647 922286 1919439 849110 676404 538155 3676861 2964617 1301340 1051904 1251608 370614 3145139 1457633
is_linear=0
shrinkage=0.05


Tree=66
num_leaves=45
num_cat=0
split_feature=2 2 1 2 1 1 0 0 1 3 0 4 0 3 3 4 0 4 1 2 0 3 2 3 4 3 0 3 4 0 0 3 4 0 4 0 3 0 0 3 0 3 3 0
split_gain=134332 29319.3 16582.9 10759.3 7056.35 6880.89 6615.87 5196.8 3657.76 3323.33 3306.99 3186.23 2521.78 2485.15 2326.4 2624.87 2225.79 2392.59 2146.93 1960.56 1766.77 1721.19 1649.81 1570.61 1561.01 1520.22 1507.26 1484.41 1388.52 1588.23 1382.67 1331.51 1249.29 1245.33 1232.08 1229.33 1082.18 1215.71 1050.24 996.942 938.538 938.45 917.93 908.835
threshold=4.5000000000000009 2.5000000000000004 -0.80891915365350464 5.5000000000000009 0.4647231720437684 0.23931566428755774 0.81773537194966905 0.58743244627487468 0.25145141517831299 -4.3819396918493245 1.0000000180025095e-35 -7.5692134568637988 0.48662714534649493 13.004643051379945 -2.677525275943029 9.6746708834979085 -0.58743244627487456 -6.5579930310375252 0.12053668025532312 6.5000000000000009 0.48662714534649493 -1.5002822295041935 6.5000000000000009 6.6317365788889555 -10.020820555346416 6.2094194758468335 -0.32012920303568732 7.5676226976124612 -7.1348371782435747 -0.66312265824079508 -0.93085292505862405 -3.9974872748228978 5.6503668841142494 0.37886415816525426 7.7023350478439037 -0.35460488704253573 -1.4243037205819673 -0.2393156642875576 -0.32012920303568732 7.7037891927019055 -0.35460488704253573 -24.51843460078786 0.26188981147184626 0.48662714534649493
decision_type=2 2 2 2 2 2 2 2 2 2 2 2 2 2 2 2 2 2 2 2 2 2 2 2 2 2 2 2 2 2 2 2 2 2 2 2 2 2 2 2 2 2 2 2
left_child=1 4 10 16 6 7 9 11 14 38 27 -3 23 20 32 -16 17 -4 21 31 -6 26 43 30 -25 -23 35 36 -11 -30 -7 -12 -5 -27 -8 -13 37 40 -1 -19 -2 -32 -36 -10
right_child=2 5 3 8 13 12 34 -9 22 28 19 18 -14 -15 15 -17 -18 39 -20 -21 -22 25 -24 24 -26 33 -28 -29 29 -31 41 -33 -34 -35 42 -37 -38 -39 -40 -41 -42 -43 -44 -45
leaf_value=0.0096701147726791434 6.7457813354494841e-05 -0.00057701057773435654 -0.004432422747057351 -0.0089656527624880945 0.0069819786890185156 0.0089001460773438599 0.0080395340381451876 5.1223641340547083e-05 -0.0078929686046519051 0.0077052391812368701 -0.0078344638912764119 0.0052244727376961567 -0.0037495032413546441 -0.0030625570119674939 -0.0036075279081090755 -0.009245081144130949 -0.005098114186891059 0.0036130954927695532 0.018464068246087904 -0.0069935125360615072 0.0026332413329355933 0.0089652996941820273 -0.012073941343995894 -0.017035966038604116 -0.0021274586358724958 0.0013227028788501132 -0.00063955796441730872 -0.0077165630485432971 0.017135661184641642 0.012647071054529719 -0.013364083744608622 0.00076661165327117028 -0.016837567734799386 0.012982730620024838 -0.002362925189469726 0.021908265970815945 0.0053658256536092807 -0.0053970741136567454 0.0035865083574102164 -0.0061753768227730431 0.012038149724343321 0.0010044971530039598 0.0047754596948931475 -0.011616786951750342
leaf_weight=221335.79297931492 46244.81969627738 175406.02019095421 253051.7940543294 347611.75419802964 934719.58212503791 56229.427475884557 288972.35117159784 644272.88157244027 598939.60735960305 91836.393902957439 53201.46365404129 133586.39485800266 499760.79478670657 82553.826410278678 596370.52166769654 315815.8962546289 973571.76402324438 220989.90129767358 37513.252520576119 180314.2838165611 311355.54048007727 516593.48478533328 825334.78226432204 19489.762275457382 177154.93992428482 130650.59706878662 141741.768711254 30175.043537348509 297884.5178643018 582352.40062831342 11504.102456346154 291755.50285102427 58948.37108156085 27766.037672892213 55111.615066498518 12036.070524439216 307819.40352681279 58790.121348723769 104406.54924830794 29482.731631681323 25349.44479444623 931727.87768039107 246306.09668122232 225555.43753708154
leaf_count=762178 139369 529668 750210 1015360 3037669 184018 937285 1940400 1805650 315963 153983 422570 1486100 252849 1782630 926904 2899050 687966 132811 515900 959882 1719018 2464000 54652 538030 398929 424963 82608 1158434 2147624 30190 877817 163606 93958 162395 43383 956742 168671 332051 86424 84810 2839060 786820 666050
internal_value=-4.03889e-05 0.00468108 -0.00588417 -0.00718937 0.00813047 0.00152469 0.0100948 0.00366027 -0.00892447 0.012091 -4.46123e-05 0.00563867 -0.000766655 0.00533877 -0.00696137 -0.00555935 -0.00370228 -0.00100341 0.00672907 -0.00276842 0.00589536 0.00627164 -0.0104936 0.000479648 -0.00360506 0.0076513 0.00303084 0.00301005 0.0135557 0.0141661 0.00128332 -0.000559901 -0.010107 0.00336638 0.00570674 0.00660343 0.00374869 -6.91391e-05 0.0077202 0.00246091 0.00430593 0.000829251 0.00347027 -0.00891169
internal_weight=1.21716e+07 6.73227e+06 5.43932e+06 4.44567e+06 3.21683e+06 3.51543e+06 1.88821e+06 1.81957e+06 2.96858e+06 1.29782e+06 993650 1.17529e+06 1.69587e+06 1.32863e+06 1.31875e+06 912186 1.4771e+06 503524 999888 525271 1.24608e+06 962374 1.64983e+06 1.19611e+06 196645 675010 287364 468379 972073 880237 999461 344957 406560 158417 590390 145622 438204 130384 325742 250473 71594.3 943232 301418 824495
internal_count=37918650 21690900 16227750 13247850 10853150 10837750 6602750 5705700 8824200 4716250 2979900 3765300 5132050 4250400 3888500 2709534 4423650 1524600 3235632 1547700 3997551 3102821 4935700 3645950 592682 2211905 890916 1432200 3622021 3306058 3053268 1031800 1178966 492887 1886500 465953 1349592 392850 1094229 774390 224179 2869250 949215 2471700
is_linear=0
shrinkage=0.05


Tree=67
num_leaves=45
num_cat=0
split_feature=3 2 1 3 0 1 3 4 0 4 0 4 0 4 3 0 3 0 0 3 0 0 1 4 0 0 0 0 0 1 3 4 3 1 0 1 4 0 0 0 1 0 0 0
split_gain=30393.4 34292.9 13842.7 12499.1 11110.7 8474.66 12125.1 7052.85 6107.48 5215.25 4960.57 4750.1 5444.93 4671.65 4621.72 4407.03 4041.93 3828.33 3754.23 3509.86 3205.22 3929.15 3117.01 2894.43 3104.72 3724.87 6050.82 3483.79 3002 6252.63 3010.01 2894.06 3099.82 5298.1 4401.74 3559.34 3233.15 2914.92 2690.05 3537.34 2562.05 4587.02 2287.63 2268.38
threshold=-10.969226696246691 3.5000000000000004 1.0000000180025095e-35 -0.34773159257752789 0.20588816045177846 -0.55094406234797322 -1.3510783328691855 2.7730993688227916 0.93085292505862427 9.2365952017657573 -0.4298763333408428 -7.4232901021776732 0.58743244627487468 9.6746708834979085 -21.804925576132185 0.96778869966720549 12.629236340315515 -0.4298763333408428 -0.93085292505862405 -20.187501122676377 -0.86066547284873141 -0.56335575626740397 -0.86104361176735533 23.090718978779361 -2.8327694488239893e-16 0.5633557562674042 0.48662714534649493 -0.35460488704253573 0.67983684365189634 0.66905282987950276 8.2588529183189738 22.138282614797578 5.4329906566908273 -0.55094406234797322 -0.74317201360641438 -1.7225464241988328e-16 15.844850383144847 -0.2393156642875576 -0.86066547284873141 -0.79450537036186197 0.99284498505578556 0.088756899407539988 0.88059548392442355 -0.93085292505862405
decision_type=2 2 2 2 2 2 2 2 2 2 2 2 2 2 2 2 2 2 2 2 2 2 2 2 2 2 2 2 2 2 2 2 2 2 2 2 2 2 2 2 2 2 2 2
left_child=4 5 7 9 14 -2 13 8 22 18 -5 12 -12 40 -1 -10 17 -8 -4 -6 -20 -22 -3 24 27 26 -26 -13 -27 30 -30 32 34 37 -9 36 -35 -34 43 -40 -7 -42 -41 -24
right_child=1 2 3 10 19 6 16 31 15 -11 11 23 -14 -15 -16 -17 -18 -19 20 -21 21 -23 38 -25 25 28 -28 -29 29 -31 -32 -33 33 35 -36 -37 -38 -39 39 42 41 -43 -44 -45
leaf_value=0.015162191195043435 -0.00093207651290481703 -0.0055686087936023384 -0.0055730000998759311 -0.0076433938970854268 0.022206060615759072 -0.0032856857438624421 -0.011783938225681686 -0.010274965200672129 0.02473875201428526 0.01432708806285949 0.0030243241316532288 0.0057655082343814777 0.036052854249288994 0.014212186032192285 0.0018858080473475589 0.0047487538664588505 -0.016229889682995182 -0.00620837780682336 0.0098959988296280568 0.011088055587225825 -0.003791896218940328 0.0027924734622762747 -0.00019150619198407548 -0.016770342091458789 0.00078212818890271377 -0.010602754339566639 0.026757222810391397 -0.012474454783880283 -0.00082304263971697304 0.02386766997678462 -0.009776683078176647 -0.0035288467968869483 0.019553052969876479 0.0041369856244418369 0.0047296950981952253 0.017165961761205845 -0.009123364096497371 0.009482364905409435 0.012994291330564968 0.0028723002552480288 -0.00042570560400480002 0.035866854426352457 -0.010987452598901618 -0.0091877937467805034
leaf_weight=73267.034182086587 1084003.078458488 248076.39330378175 171237.52814677358 566442.08589651436 83366.244818150997 960773.17211294174 467095.37149497122 50560.807983294129 39577.763984903693 82476.206327468157 166359.30419278145 32347.580819860101 13490.109475106001 42379.822801932693 622494.6032526046 90887.506425917149 172509.82335231453 903182.22778942436 125216.09116292 478034.7132499218 278303.8764603734 1218955.9289904684 449779.0508326143 38205.724470809102 290418.24773234129 131331.07051619887 24295.878984928131 137266.60015104711 336573.97429478168 22150.948811665177 130168.22233746201 92507.88637343049 89787.138362184167 146177.30128444731 1468445.5875467211 35022.924573346972 67054.6422893852 359745.25797080994 83370.281760707498 285008.09106402099 34229.281900554895 11676.23220166564 33245.382286429405 82999.702338069677
leaf_count=177640 4464661 747212 501804 1729460 184356 3564125 2267259 163708 87343 178253 433835 91698 29363 119376 1790669 222538 679439 3434912 311993 1147504 743222 3003049 1323102 112048 769994 359049 59489 396175 896634 56050 381249 244830 229011 388001 3904777 85518 173189 933487 234295 798064 122989 36996 81023 259261
internal_value=0.000139152 -0.000697989 0.00126564 -0.000857237 0.00750619 -0.00464436 -0.00619698 0.00347232 0.000546277 0.00203342 -0.00372821 -0.00205143 0.00550172 -0.00204971 0.00328387 0.0108129 -0.00901701 -0.00810896 0.00146815 0.012739 0.00221128 0.0015686 -0.000586459 -0.00324016 -0.00277216 -0.00164307 0.0027874 -0.00899586 -0.00389119 -0.00208826 -0.00332009 0.00513591 0.00549749 0.00825613 0.00423026 0.00239339 -3.29712e-05 0.0114938 0.000736262 0.00382618 -0.00273432 0.00880544 0.00142448 -0.00159301
internal_weight=1.23205e+07 1.10633e+07 7.38749e+06 3.76524e+06 1.25716e+06 3.67585e+06 2.59185e+06 3.62225e+06 1.31294e+06 1.87619e+06 1.88905e+06 1.32261e+06 179849 1.04906e+06 695762 130465 1.54279e+06 1.37028e+06 1.79371e+06 561401 1.62248e+06 1.49726e+06 1.18248e+06 1.14276e+06 1.10455e+06 934938 314714 169614 620224 488893 466742 2.3093e+06 2.21679e+06 697787 1.51901e+06 248255 213232 449532 934403 401624 1.00668e+06 45905.5 318253 532779
internal_count=37918650 34618481 19928724 10053365 3300169 14689757 10225096 9875359 3752838 4738321 5315044 3585584 463198 3843486 1968309 309881 6381610 5702171 4560068 1331860 4058264 3746271 3442957 3122386 3010338 2522465 829483 487873 1692982 1333933 1277883 6122521 5877691 1809206 4068485 646708 561190 1162498 2695745 1113382 3724110 159985 879087 1582363
is_linear=0
shrinkage=0.05


Tree=68
num_leaves=45
num_cat=0
split_feature=1 3 2 2 3 3 0 3 4 3 0 3 0 0 4 2 0 0 0 4 0 0 3 0 0 0 4 4 4 0 0 2 4 1 0 3 3 0 4 0 4 0 0 0
split_gain=84206.9 41484.9 33281.5 18983.2 12261 11695 10158.8 6613.34 6685.1 6345.52 10024.5 5903.22 5640.5 5403.47 5543.87 5154.8 4624.13 4570.22 4245.04 4019.56 5520.55 4841.62 3989.93 3867.7 4792.19 3856.32 3728.22 3669.05 3650.57 3605.57 3398.7 3269.23 3092.17 5639.64 3005.93 2933.68 2860.07 2817.48 2805.91 2744.8 2730.48 3006.09 3564.84 5586.38
threshold=-0.2393156642875576 2.2569915679992616 3.5000000000000004 3.5000000000000004 2.3984898063610278 -8.3080036836704654 0.48662714534649493 11.391058577170126 -11.71792585976482 -0.27742446360318235 0.67983684365189634 -16.447419376070052 0.58743244627487468 0.93085292505862427 0.80806225100306517 3.5000000000000004 -0.79450537036186197 0.5633557562674042 0.76251730544457197 -3.0372951527890915 0.26568621746226689 0.46472317204376884 7.5676226976124612 0.88059548392442355 0.67983684365189634 0.89412692780947678 22.138282614797578 11.119822744278741 0.92932852859705062 0.94117129826980317 -0.82298386589365657 4.5000000000000009 0.45656581786073153 0.47375768738725649 -0.97474915486277791 21.648738632197027 -16.447419376070052 -0.82298386589365657 1.5106481263498781 0.35460488704253579 20.545020291238242 0.94117129826980317 0.76251730544457197 0.81773537194966905
decision_type=2 2 2 2 2 2 2 2 2 2 2 2 2 2 2 2 2 2 2 2 2 2 2 2 2 2 2 2 2 2 2 2 2 2 2 2 2 2 2 2 2 2 2 2
left_child=3 2 5 9 19 34 28 8 12 -1 38 -4 -3 14 23 30 37 22 -19 29 -21 -22 -8 24 31 -25 -12 -23 -6 -5 -10 -13 -7 -34 -2 40 -36 -9 -11 -40 41 42 -18 -44
right_child=1 7 11 4 6 32 17 16 15 10 26 13 -14 -15 -16 -17 35 18 -20 20 21 27 -24 25 -26 -27 -28 -29 -30 -31 -32 -33 33 -35 36 -37 -38 -39 39 -41 -42 -43 43 -45
leaf_value=-0.0074225948174303849 0.001586906495114401 0.01699840882123765 -0.0063880165849088365 0.004238982682007615 -0.0017377515267302274 -0.0048888921045772667 -0.0041667332860178402 0.018555669114189998 -0.0049155609085502899 -0.010024771760235494 -0.0077655508122727842 -0.00027464109137570811 -0.027859643565498748 -0.0016994328364131378 0.010061260098276398 0.0071298500117602725 0.0069911908124858898 -0.0097609108275284063 0.00051624778026674483 -0.0056785927400261997 0.010345376690859264 -0.0031567995216756463 0.035575479035252863 0.028789399281665341 -0.0079408260817887787 -0.027008135963865143 0.013701625781960032 0.0078621071012071487 -0.014653049815734235 -0.037228487868722265 0.0036287845627542394 0.0042957592493270413 -0.0046947789219915215 0.0092376653367708707 -0.021407318075946022 0.021371854004219624 -0.011686094449527298 0.043018683702656282 -0.023359259807983649 -0.014551529559766054 0.015875165591916804 -0.00060520611558504637 0.048044842481410582 0.01213577905658543
leaf_weight=569520.1911110878 33530.693017408252 176359.2450684756 172427.7094129622 343075.13052979112 62282.03390571475 853541.01111745834 11412.424090027809 53094.713128238916 137842.63868379593 79264.973954260349 184504.59738448262 489856.98304003477 7297.696954652667 500583.81799578667 326719.04581584036 1466687.9237910807 263348.36157535017 178355.20943471789 230120.99164138734 649507.04197604954 111663.15138290823 415579.44251905382 14140.414084136486 24296.173611789942 97286.059033975005 3548.901757016778 22715.133111923933 92331.496138334274 450217.45865520835 5323.3647598773241 747634.23448768258 1944137.2335176319 177402.99020829797 122987.99959610403 98871.734277904034 53687.478789404035 322303.41083426774 15122.529236480594 257893.45520395786 134633.15494996309 116752.03872597218 94762.499750748277 14062.813887745142 47126.638202443719
leaf_count=2539232 158970 418528 456986 958536 218483 3293787 31098 136478 557225 461557 767735 1426324 17717 1300756 740248 3522703 656895 563028 652194 2199423 324541 1161425 38789 57956 248362 8475 73251 242149 1815911 14173 2263250 4608130 635865 387858 425992 118339 1397926 30711 1600954 724971 276050 245580 26553 113536
internal_value=-0.000100447 0.00270758 -6.12144e-05 -0.00625873 -0.00379674 -0.00602961 -0.0083166 0.00718746 0.0060285 -0.0113147 -0.0145793 0.00263656 0.015216 0.00309606 0.0039279 0.00531115 0.0116542 -0.00268786 -0.00397112 -0.00115177 -0.00245774 0.000918722 0.0178258 0.00314486 0.00294099 0.0216779 -0.00541235 -0.00115371 -0.0130835 0.00360538 0.00229868 0.00337594 -0.00335342 0.00100953 -0.0128211 0.0102286 -0.0139682 0.0239787 -0.0186055 -0.0203383 0.00911252 0.0072295 0.00951717 0.0203885
internal_weight=1.21738e+07 8.36127e+06 5.16749e+06 3.81254e+06 2.56401e+06 1.60864e+06 946529 3.19378e+06 2.53582e+06 1.24853e+06 679011 3.55886e+06 183657 3.38643e+06 2.88584e+06 2.35216e+06 657957 434029 408476 1.61748e+06 1.26908e+06 619574 25552.8 2.55913e+06 2.53128e+06 27845.1 207220 507911 512499 348398 885477 2.43399e+06 1.15393e+06 300391 454706 589740 421175 68217.2 471792 392527 536052 419300 324538 61189.5
internal_count=37918650 23531200 15147635 14387450 8219750 6300398 3319503 8383565 6779423 6167700 3628468 8847237 436245 8390251 7089495 6343178 1604142 1285109 1215222 4900247 3927538 1728115 69887 6349247 6282816 66431 840986 1403574 2034394 972709 2820475 6034454 4317510 1023723 1982888 1436953 1823918 167189 2787482 2325925 1318614 1042564 796984 140089
is_linear=0
shrinkage=0.05


Tree=69
num_leaves=45
num_cat=0
split_feature=2 2 1 2 0 1 1 0 0 2 0 4 3 3 2 0 1 3 0 3 1 0 3 4 3 0 3 0 3 3 4 0 0 4 2 4 0 3 3 2 1 4 4 3
split_gain=122335 26709.5 15303.4 8219.45 6483.2 6345.81 6197.67 4672.65 4541.92 3741.71 2989.43 2922.1 2551.88 2440.48 2335.76 2263.83 1990.62 1801.48 1647.7 1561.89 1521.33 1399.43 1394.58 1525.04 1390.13 1286.14 1282.58 1636.2 1267.64 1198.14 2080.42 1176.41 1133.58 1100.38 1080.87 1069.52 1057.18 1032.26 996.495 972.494 956.805 951.056 941.589 921.976
threshold=4.5000000000000009 2.5000000000000004 -0.2393156642875576 5.5000000000000009 0.58743244627487468 0.25145141517831299 0.23931566428755774 0.58743244627487468 0.65797238821565851 6.5000000000000009 -0.46472317204376817 -7.5692134568637988 -1.8070737377971076 -1.5752794968868604 6.5000000000000009 0.48662714534649493 0.12053668025532312 -0.20604604115882094 0.65797238821565851 -1.5002822295041935 0.95418073928008662 -0.32012920303568732 6.3132330859179371 -10.020820555346416 6.2094194758468335 -0.93085292505862405 9.4015872141977166 0.46472317204376884 -2.7600588162966058 8.4045606075079089 -6.268506612969019 0.37886415816525426 -0.35460488704253573 -3.6523558457140619 6.5000000000000009 11.657208408734954 0.35460488704253579 -3.0130825307625559 7.3083067911577908 5.5000000000000009 0.30909602655580187 -8.3412114006233526 28.833030140098895 1.2465890125554717
decision_type=2 2 2 2 2 2 2 2 2 2 2 2 2 2 2 2 2 2 2 2 2 2 2 2 2 2 2 2 2 2 2 2 2 2 2 2 2 2 2 2 2 2 2 2
left_child=1 5 4 35 9 8 7 11 13 12 29 -3 -2 36 -5 22 19 18 -6 21 -12 32 25 -24 -21 -8 41 -28 -11 33 -31 -26 -13 43 -19 40 -1 -16 39 -14 -4 -15 -10 -7
right_child=2 6 3 14 17 10 15 -9 42 28 20 16 38 26 37 -17 -18 34 -20 24 -22 -23 23 -25 31 -27 27 -29 -30 30 -32 -33 -34 -35 -36 -37 -38 -39 -40 -41 -42 -43 -44 -45
leaf_value=0.0099301983547675811 -0.002624181441073513 -0.00060616469288593197 -0.0010020885326412884 -0.0078615740622134233 -0.029012743281693815 0.0098573259498997146 0.0086192644161149686 4.8886425059493197e-05 0.0068191261103327421 -0.0087111988620215321 0.0024824685099296565 0.004975994920930529 0.0057694430371462444 0.0032389104002636241 -0.012960643613264881 -0.0035605898565753396 0.0176699262951052 -0.0027424030077835213 -0.0094945621664560345 0.0085183777910853836 0.0064745674072031884 -0.00067463793796347562 -0.015994434884850927 -0.0018285588939135726 0.0011785836782914805 0.00079403432743347247 0.0026631335593795555 0.023621629097709707 -0.0026948483676363637 -0.01271063431214952 0.0077071062577904921 0.012502964942444687 0.02095901748663544 0.015754780548884739 -0.0084521676880628619 -0.0088388449443238416 0.0025849487195855471 -0.0098563254947002521 -0.0017512951177085683 0.0017262187102944629 -0.0045880422038156272 0.014952855859221334 -0.007420918837248886 0.0041110841085171866
leaf_weight=345212.22767585516 297196.40013368428 175409.71725971997 246767.04917520285 1111690.3232430741 11463.043478965759 296819.7620986104 55644.880618363619 644121.31352995336 619866.40019150078 111837.77848501503 667780.20589073002 133761.73852540553 288194.58223767579 17884.834578037262 446855.52302697301 498461.03276330233 37641.213111504912 239249.67235223949 190625.0990716368 517135.98107761145 371366.82774627209 141751.17804938555 21141.189135864377 187517.10636565089 130675.74951967597 931703.96661774814 46948.339755550027 11616.424026414752 403192.75939448178 17197.21827596426 45444.637205570936 27814.941751152277 12096.862062558532 60517.021114706993 126819.99773515761 112883.10900035501 57087.100362092257 668282.08399815857 98282.452664911747 307300.90607465804 755613.11055898666 556186.13838519156 11830.116661772132 91270.903003513813
leaf_count=1207911 884983 529668 748911 3353350 27146 1010587 181795 1940400 2013799 320391 2071300 422570 901410 60399 1314720 1486100 132811 709914 555519 1719018 1193500 424963 59916 570899 398929 2833340 156566 46116 1181109 49282 149593 93958 43383 215987 366771 333377 183572 2038630 287199 929408 2274912 2164636 34401 295501
internal_value=-4.10419e-05 0.00445956 -0.00563487 -0.00772863 -0.00226121 0.00775157 0.00144651 0.00347215 0.00989341 -0.00054423 0.00544915 0.00534668 0.00125248 0.0119327 -0.00948343 -0.00072968 0.00638996 -0.00681237 -0.0106017 0.00594916 0.00390915 0.00286327 0.000450161 -0.00326384 0.0072628 0.00123505 0.0138688 0.00682029 -0.00400129 0.0085793 0.00210178 0.003166 0.00630156 0.0094838 -0.00472048 -0.00422485 0.00888789 -0.0111003 0.00291314 0.00368297 -0.00370525 0.0145879 0.00655245 0.00850593
internal_weight=1.21482e+07 6.73191e+06 5.41625e+06 3.34209e+06 2.07416e+06 3.21703e+06 3.51488e+06 1.82041e+06 1.66663e+06 1.506e+06 1.5504e+06 1.17629e+06 990974 1.03494e+06 2.22683e+06 1.69447e+06 1.00088e+06 568158 202088 963236 1.03915e+06 287610 1.19601e+06 208658 675627 987349 632636 58564.8 515031 511250 62641.9 158491 145859 448608 366070 1.11526e+06 402299 1.11514e+06 693778 595495 1.00238e+06 574071 631697 388091
internal_count=37918650 21690900 16227750 10063900 6163850 10853150 10837750 5705700 5867400 4504500 4985750 3765300 3003000 3819200 6706700 5132050 3235632 1659350 582665 3102821 3264800 890916 3645950 630815 2211905 3015135 2427717 202682 1501500 1720950 198875 492887 465953 1522075 1076685 3357200 1391483 3353350 2118017 1830818 3023823 2225035 2048200 1306088
is_linear=0
shrinkage=0.05


Tree=70
num_leaves=45
num_cat=0
split_feature=3 2 0 1 0 1 3 0 0 3 4 4 0 1 1 0 1 4 4 0 0 0 0 1 0 3 3 3 1 0 4 0 3 0 1 0 1 3 1 1 0 0 3 0
split_gain=27979.3 31042.1 15828.9 13675.7 13271.7 11328.6 10262.1 6860.97 10896.8 5453.12 4874.24 4681.38 4675.07 4370.49 15949.5 4254.39 4279.45 4153.96 4000.58 3908.84 3879.1 5866.42 3824.78 3687.84 4433.74 6864.33 3573.89 3503.3 3438.17 3346.72 4392.77 5501.7 3327.2 3114.27 3063.03 10021.6 2802.49 2760.94 2741.9 3417.45 2675.58 2715.35 2809.31 2644.12
threshold=-7.4153213027022415 4.5000000000000009 -0.2393156642875576 -0.55094406234797322 -0.2058881604517783 1.0000000180025095e-35 3.4726968072262605 0.58743244627487468 0.65797238821565851 0.07079374057768463 3.8315857713926396 4.6853031717221265 0.93085292505862427 0.95418073928008662 0.93621795190976798 -0.32012920303568732 -0.22264714151432796 -11.324912368720002 20.545020291238242 -0.35460488704253573 0.93085292505862427 0.96778869966720549 -0.93085292505862405 -0.59907629515643335 0.37886415816525426 5.8128286418865907 -21.804925576132185 -17.129417798973215 0.97148236575323155 -0.4298763333408428 -7.4232901021776732 0.58743244627487468 -20.187501122676377 0.96778869966720549 0.75301099516636072 0.58743244627487468 0.97148236575323155 10.184363743421871 0.57552211292281397 0.62305106867763382 0.26568621746226689 -0.66312265824079508 7.7037891927019055 -0.86066547284873141
decision_type=2 2 2 2 2 2 2 2 2 2 2 2 2 2 2 2 2 2 2 2 2 2 2 2 2 2 2 2 2 2 2 2 2 2 2 2 2 2 2 2 2 2 2 2
left_child=2 3 13 10 36 11 20 17 -9 22 -2 12 -3 14 19 16 -8 27 -17 32 34 -22 -7 24 25 -12 -10 -6 -19 43 31 -31 -1 -14 38 -36 -4 -18 -5 -40 41 42 -13 -11
right_child=1 5 4 6 7 9 15 8 26 29 23 40 33 -15 -16 18 37 28 -20 -21 21 -23 -24 -25 -26 -27 -28 -29 -30 30 -32 -33 -34 -35 35 -37 -38 -39 39 -41 -42 -43 -44 -45
leaf_value=0.010480708856564359 -0.0043808078479431684 0.0004182955531679927 -0.0053846489497384993 -0.0049414409834015148 0.015175715111247341 -0.0069588942510775886 -0.00050786873160358606 0.033381176749256156 0.025062813229535314 -0.0018430684523117328 0.00013674418450115871 -0.013224749245456685 0.023109655787469031 -0.014745678074527886 0.034031567392283517 -0.0061331619517535603 -0.013233312697734338 0.0017623321750238161 -0.016698377235299596 -0.030841890586583556 0.010329868228108408 -0.0032960668770502994 0.0026459139595478454 0.011266529978914685 -0.0032845452671089528 0.012191523986571473 0.0083227002180184494 0.0037919928937661198 -0.012419943539997702 0.0041872315380021364 -0.0026110589451727932 0.041808857456604398 -0.00084794233163387506 0.0054386592001272284 -0.0030998614116538505 0.033622413069555185 0.037463308627920085 -0.023932082428689917 -0.027638389266089004 -0.0089707634775733312 0.0042278342386325761 0.0098171892465859049 0.011380018709773357 -0.010014464739256438
leaf_weight=70353.691414237022 437743.6248216182 1031540.6802384406 4164.0305462777615 687104.57875926793 94105.513173103333 114592.61561483145 53470.226695433259 49636.054464921355 33500.362351089716 167600.94093681127 392798.70759187639 27224.580654889345 36503.652831196785 46396.116827636957 35124.402224287391 769146.95183684677 257862.51328162104 173601.96529750526 101413.43859616667 10362.634398907423 117553.07930585742 240801.56391598284 1085442.2670343816 95698.590916827321 370672.69787859917 168857.25622421503 660549.03288201988 239815.38412603736 56688.744147017598 121458.9479623735 843453.94992413372 10562.756624415517 822975.04499274492 78659.454744741321 686209.15306261182 19095.877160415053 45675.906965509057 78707.56887152046 28097.76800044626 192368.26504079998 1019997.8505854011 465305.7977091223 20215.556410953403 241861.82781077921
leaf_count=183742 1795379 2901835 10561 2807008 217531 326861 243609 99312 72503 490910 1595720 83000 78342 132295 80782 2793048 1151632 484216 383146 35003 359344 802393 2632206 310683 1376154 590144 1623243 631088 159338 305396 2229516 21344 2512372 186238 2442687 55107 100497 332952 106693 692213 2495932 1231819 54287 700569
internal_value=0.000142821 -0.00101344 0.00505914 -0.00396811 0.00855997 0.0016231 -0.00578494 0.00759497 0.0107493 -0.000738337 3.77749e-05 0.00390128 0.00148502 0.000234583 0.000974905 -0.00930819 -0.0136477 0.00343731 -0.00736393 -0.000309931 -0.00353183 0.00117372 0.00172874 0.00191925 0.0009598 0.00376091 0.00913071 0.00700015 -0.0017288 -0.00287603 -0.00128359 0.00719725 4.42404e-05 0.0110399 -0.00457733 -0.00210562 0.0338834 -0.0157352 -0.00649818 -0.0113499 0.00570897 0.00865538 -0.00273998 -0.00666976
internal_weight=1.2305e+07 9.96202e+06 2.34295e+06 4.6976e+06 1.35774e+06 5.26442e+06 3.23183e+06 1.3079e+06 743685 2.58497e+06 1.46577e+06 2.67945e+06 1.1467e+06 985212 938816 1.2606e+06 390040 564212 870560 903691 1.97123e+06 358355 1.20003e+06 1.02803e+06 932329 561656 694049 333921 230291 1.38494e+06 975476 132022 893329 115163 1.61288e+06 705305 49839.9 336570 907571 220466 1.53274e+06 512746 47440.1 409463
internal_count=37918650 31576167 6342483 17837912 3398289 13738255 12169832 3287231 1795058 6706802 5668080 7031453 3166415 2944194 2811899 4904387 1728193 1492173 3176194 2731117 7265445 1161737 2959067 3872701 3562018 2185864 1695746 848619 643554 3747735 2556256 326740 2696114 264580 6103708 2497794 111058 1484584 3605914 798906 3865038 1369106 137287 1191479
is_linear=0
shrinkage=0.05


Tree=71
num_leaves=45
num_cat=0
split_feature=1 3 2 2 3 3 2 0 4 0 4 0 3 0 4 1 4 0 0 0 1 0 1 1 4 3 4 0 3 2 1 0 0 4 4 4 0 0 0 1 1 1 0 4
split_gain=76629.7 38092.9 23183.8 17578.6 15276.2 11375.3 11238.2 9482.32 6242.58 9823.42 6203.44 7095.43 4661.45 4540.46 4366.23 4317.8 4901.23 4724.2 4304.16 3960.67 5780.63 3948.97 3914.52 4045 3754.21 3752.25 3729.41 3702.8 3688.12 3629.9 3582 3503.11 3486.91 3440.59 3400.88 3398.57 3328.66 5089.39 3101.28 3076.47 14143.8 4647.25 3290.73 3070.72
threshold=-0.2393156642875576 -4.8939060778895387 3.5000000000000004 3.5000000000000004 5.5246501439792519 2.3984898063610278 2.5000000000000004 0.48662714534649493 -2.0771862580665323 0.35460488704253579 -9.6772138048987149 0.37886415816525426 19.255578152819776 -0.99087453071010889 18.890002469392382 0.52542847473095 4.3200642626370618 -0.79450537036186197 0.5633557562674042 0.93085292505862427 0.85743085555170595 0.76251730544457197 0.57552211292281397 0.62305106867763382 2.5427270573146292 2.3299751480866182 -6.5579930310375252 0.97474915486277813 7.4387705984618124 2.5000000000000004 0.52542847473095 -0.88545602565320969 -0.46472317204376817 -0.11104948705641247 13.980421417346863 13.733444063069575 -0.32012920303568732 -0.35460488704253573 0.93085292505862427 0.57552211292281397 0.62305106867763382 0.74851074817110097 0.65797238821565851 -19.905944047523722
decision_type=2 2 2 2 2 2 2 2 2 2 2 2 2 2 2 2 2 2 2 2 2 2 2 2 2 2 2 2 2 2 2 2 2 2 2 2 2 2 2 2 2 2 2 2
left_child=3 2 29 8 6 26 31 33 38 25 11 -6 14 -4 19 43 17 -17 28 20 39 -20 30 -24 32 -10 -5 -14 -9 -2 -15 -3 -22 -7 -11 -28 37 -34 -1 -12 -41 -42 -43 -8
right_child=1 4 13 5 10 7 15 18 9 34 12 -13 27 22 -16 16 -18 -19 21 -21 24 -23 23 -25 -26 -27 35 -29 -30 -31 -32 -33 36 -35 -36 -37 -38 -39 -40 40 41 42 -44 -45
leaf_value=-0.0025617311470160333 -0.012982123977727229 -0.009941497200129365 0.0097700909672495239 0.0060372657660957311 0.021308287274158771 0.00051903676532353117 0.021660784007599316 -0.0042994901290567501 -0.013983187077177604 -0.01058524856040469 0.0065331825043317155 -0.024113402649261591 0.021813217219576429 -0.0020287543620747463 0.013234766143572468 0.014401960345597582 0.012548590816371866 0.0040498664326758345 -0.0094230614993432993 0.0010061494297492833 -0.012263711434531879 0.00050437306187171534 0.020364384428787116 0.0011528138803200943 -0.0027795162871356821 -0.023081188741014867 -0.0024821327350051121 -0.0067783209258962659 0.033945052463701025 -0.0057849187439895783 -0.014066985636105991 -0.00097568181695652202 0.0058677233788593042 -0.013926219748208478 -0.0016898479346686508 0.0080810810156713812 0.0049374336780955951 0.034090985771635059 -0.026387005787211527 0.03209280790913447 -0.00065273262737836383 0.008231998716171687 0.021672027036763707 0.0017121309692575443
leaf_weight=240266.27959533036 449690.28560727835 130768.62989060581 122829.51975110173 165038.36297689378 132010.71268215775 45256.703830197453 19581.175668567419 11161.222811341286 254013.1274805516 372505.81482227147 327086.74757823348 9196.8958485424519 85860.929851353168 478387.32467779517 234828.86133600771 118624.63547134399 231393.28895705938 1553196.0840713531 177395.12751223147 324167.93910771608 23320.660113662481 230117.51353429258 28250.396896377206 909034.5562017709 176616.28565703332 204620.4779087007 1369917.7839301676 13044.231125146151 14484.926935225725 286995.81409665942 70958.945987269282 652867.96778228879 37951.672495469451 462304.19956172258 151005.96111673862 80627.153685495257 224386.54904979467 27581.898123204708 14481.837415710092 78342.763287335634 98572.229224205017 143154.9298427552 66794.366405889392 1301511.9650890231
leaf_count=1075634 2083963 641157 299168 433588 294192 155806 45398 30479 1425107 1696487 931944 23638 191166 1251608 562259 305256 528839 3846080 563028 862522 65493 652194 71478 2270360 496660 1272588 4240430 33074 39408 1037224 192024 2370344 90562 1878588 642645 226229 579728 65694 55239 175048 258595 353323 158764 3445639
internal_value=-0.000103605 0.00257158 -0.0028317 -0.00599746 0.00468058 -0.0036298 0.00289869 -0.00800079 -0.0108907 -0.0126998 0.00824623 0.01835 0.00747988 0.000530983 0.00688725 0.00420395 0.00572838 0.0047844 -0.00256681 0.00591172 0.00723272 -0.00381716 -0.000232377 0.00173186 0.00304981 -0.0180423 -0.00108467 0.0180424 0.017301 -0.0101783 -0.00358373 -0.00247184 0.00633659 -0.0126382 -0.00801939 -0.00189499 0.00783277 0.0177464 -0.00391614 0.0101027 0.0131207 0.00830308 0.0125079 0.00200781
internal_weight=1.21502e+07 8.35701e+06 2.34615e+06 3.7932e+06 6.01086e+06 2.5563e+06 4.00794e+06 940720 1.23689e+06 982145 2.00292e+06 141208 1.86171e+06 1.60946e+06 1.7628e+06 3.22431e+06 1.90321e+06 1.67182e+06 433159 1.52798e+06 1.20381e+06 407513 1.48663e+06 937285 489857 458634 1.61558e+06 98905.2 25646.1 736686 549346 783637 313241 507561 523512 1.45054e+06 289920 65533.6 254748 713951 386864 308522 209949 1.32109e+06
internal_count=37918650 23531200 7205825 14387450 16325375 8219750 11182713 3319503 6167700 5036827 5142662 317830 4824832 4084638 4600592 8171212 4680175 4151336 1285109 4038333 3175811 1215222 3785470 2341838 1298137 2697695 4900247 224240 69887 3121187 1443632 3011501 801477 2034394 2339132 4466659 735984 156256 1130873 1877674 945730 770682 512087 3491037
is_linear=0
shrinkage=0.05


Tree=72
num_leaves=45
num_cat=0
split_feature=2 2 1 2 1 1 0 0 1 0 3 4 3 4 3 0 0 4 1 2 2 3 0 3 4 0 3 4 4 3 3 0 0 0 4 3 3 0 0 3 1 0 1 3
split_gain=111642 24354.4 14282.8 9697.51 5701.1 5442.42 5400.76 4268.57 3159.26 2985.11 2854.49 2714.18 2064.82 2359.6 2048.79 2040.69 1855.79 2096.3 1834.41 1742.54 1500.12 1456.21 1416.69 1303.44 1245.01 1566.33 1218.27 1118.14 1061.64 1059.54 1537.62 1233.41 1056.02 1115.48 1033.06 1008.3 993.048 1178.73 916.383 1280.55 944.409 898.434 860.198 839.43
threshold=4.5000000000000009 2.5000000000000004 -0.80891915365350464 5.5000000000000009 0.4647231720437684 0.23931566428755774 0.81773537194966905 0.48662714534649493 0.25145141517831299 1.0000000180025095e-35 -4.3819396918493245 -7.2800844019949276 -3.0130825307625559 10.294858253895521 13.004643051379945 -0.35460488704253573 -0.58743244627487456 -6.268506612969019 0.12053668025532312 6.5000000000000009 6.5000000000000009 9.2200767118306164 0.48662714534649493 7.5676226976124612 -6.5579930310375252 -0.66312265824079508 -3.9974872748228978 7.7023350478439037 4.3200642626370618 -1.2007271307681469 6.2094194758468335 0.46472317204376884 -0.32012920303568732 -0.35460488704253573 -5.9806671733647141 15.665097213080172 -1.1264310787250549 -0.2393156642875576 -0.93085292505862405 -12.897606905282311 0.12053668025532312 -0.35460488704253573 0.57552211292281397 8.7160870261468393
decision_type=2 2 2 2 2 2 2 2 2 2 2 2 2 2 2 2 2 2 2 2 2 2 2 2 2 2 2 2 2 2 2 2 2 2 2 2 2 2 2 2 2 2 2 2
left_child=1 4 9 16 6 7 10 11 12 23 38 -3 28 -14 22 21 17 -4 29 26 -10 -7 -6 36 43 -26 -11 -8 -5 32 -31 -32 33 -13 -23 -17 37 41 40 -40 -1 -2 -19 -12
right_child=2 5 3 8 14 15 27 -9 20 19 24 18 13 -15 -16 35 -18 42 -20 -21 -22 34 -24 -25 25 -27 -28 -29 -30 30 31 -33 -34 -35 -36 -37 -38 -39 39 -41 -42 -43 -44 -45
leaf_value=0.006659980662095894 0.00031863592135416321 -0.00035107964405599502 -0.0039696629046107072 -0.0083353888017394361 0.0063680054250043194 0.0022780269325845862 0.0074283432555825634 0.00025151503703568323 -0.0082352209509783929 -0.0074744601255095355 0.0078597039529694403 0.0048462332675757135 -0.0034685093791431208 -0.0088873766458475306 -0.0027553295519939023 -0.0017176900775057416 -0.0045842518777995788 0.0035097015677267619 0.017269008321273156 -0.00657237556789559 -0.011272426328607831 -0.017287413275068816 0.0024760623996074511 -0.0071677565954553647 0.015996859689112925 0.011468499223245592 0.00077254150312541466 0.0030797158142179615 -0.015273808254684587 0.0084156764805822029 0.001259075891423116 0.020271454498007619 -2.1074629500574532e-06 0.020262976853416687 -0.0018601070919449512 -0.01009251066971429 0.0052457649375106594 -0.0048678623581270503 -0.0039225975827960041 0.006667435779332505 0.0156933827835921 0.01161033838162303 -0.0062094222635536243 -0.022037288573064109
leaf_weight=69456.083009526134 49751.662484422326 183054.69720387459 258811.03628154099 311386.01580773294 936713.6971898824 586592.37132717669 289651.59439857304 711353.98961870372 814388.09991036355 52903.507924869657 101609.64219589531 138838.33850735426 635246.22266744077 293805.33707128465 82149.444777309895 1017020.1516412795 966060.8096820116 217936.55478392541 36682.685115665197 179218.41820661724 811827.29462615401 15471.068738684058 311602.04293702543 29976.633315816522 284633.8479513377 580241.25888773799 291662.39972706139 301880.51234337687 66991.70113542676 467391.29199953377 133078.28737305105 9114.739922940731 129230.57546155155 12816.24474324286 36341.248586714268 37256.527341559529 297692.51993310452 63923.172817990184 34198.856104388833 172689.94951723516 49591.638011544943 27272.681580245495 25421.41812223196 2403.3803103417158
leaf_count=236034 150213 554148 771669 919544 3037669 1809367 937285 2148300 2471700 153983 353642 439188 1907925 870645 252849 3053290 2899050 675807 129381 515900 2464000 45286 959882 82608 1115967 2146218 877817 949215 190386 1558871 406779 32708 390465 45860 112697 111410 924269 184325 100158 574568 183469 90785 77124 6194
internal_value=-3.89828e-05 0.004256 -0.00539834 -0.00661995 0.00739955 0.00137851 0.00916732 0.00327528 -0.00828021 2.02476e-05 0.0109756 0.00521273 -0.00645026 -0.00518218 0.00489317 -0.000662687 -0.00330263 -0.000837074 0.00631124 -0.00257357 -0.00975143 0.00156832 0.00539651 0.00291942 0.0123372 0.0129588 -0.000493676 0.00520908 -0.00956383 0.00585984 0.00703059 0.00247779 0.00331903 0.00614909 -0.00646667 -0.00201364 0.00360878 0.000151322 0.006928 0.0049169 0.010423 0.00431679 0.00249443 0.00716889
internal_weight=1.21253e+07 6.73106e+06 5.39428e+06 4.40187e+06 3.21682e+06 3.51424e+06 1.88636e+06 1.82156e+06 2.93364e+06 992401 1.29482e+06 1.11021e+06 1.30743e+06 929052 1.33047e+06 1.69268e+06 1.46823e+06 502169 927152 523784 1.62622e+06 638405 1.24832e+06 468617 968888 864875 344566 591532 378378 890469 609584 142193 280885 151655 51812.3 1.05428e+06 438640 140948 325937 206889 119048 77024.3 243358 104013
internal_count=37918650 21690900 16227750 13247850 10853150 10837750 6602750 5705700 8824200 2979900 4716250 3557400 3888500 2778570 4250400 5132050 4423650 1524600 3003252 1547700 4935700 1967350 3997551 1432200 3622021 3262185 1031800 1886500 1109930 2873871 1998358 439487 875513 485048 157983 3164700 1349592 425323 1094229 674726 419503 240998 752931 359836
is_linear=0
shrinkage=0.05


Tree=73
num_leaves=45
num_cat=0
split_feature=3 2 1 3 0 0 3 1 4 0 4 0 4 0 3 0 4 1 1 3 1 3 1 3 0 0 0 3 0 0 0 0 4 1 3 0 1 0 0 0 0 1 4 1
split_gain=25641.8 28517 10977.9 10654.9 9078.71 7491.74 6481.49 8153.29 5859.6 5340.99 4738.25 4377.24 4213.44 4410.79 3862.99 3775.28 3614.45 3140.34 3096.21 3023.64 2955.65 3636.87 3384.33 2947.7 2744.51 4045.87 5669.7 3727.26 3293.58 2603.34 2566.69 3232.11 2551.16 3983.31 3406.81 3898.56 3143.28 2512.9 2507.99 3530.46 2436.01 2465.96 2382.97 2376.82
threshold=-11.472267455423959 3.5000000000000004 1.0000000180025095e-35 -1.1264310787250549 0.20588816045177846 -0.58743244627487456 -3.1845268707625105 1.0000000180025095e-35 2.5427270573146292 0.93085292505862427 9.0988321006798802 -0.4298763333408428 -7.5692134568637988 0.58743244627487468 -21.804925576132185 0.96778869966720549 21.255645475364993 0.52542847473095 -0.86104361176735533 15.665097213080172 0.36521623457838687 1.0469221891041089 0.30909602655580187 -24.51843460078786 -2.8327694488239893e-16 0.5633557562674042 0.48662714534649493 7.8408586488272585 -0.35460488704253573 -0.93085292505862405 -0.86066547284873141 -0.79450537036186197 18.426290891346699 -1.7225464241988328e-16 5.0777000110674146 -0.74317201360641438 -0.55094406234797322 0.99437935835663549 -0.86066547284873141 -0.56335575626740397 0.20588816045177846 0.97148236575323155 2.0643835749059822 0.99649054800675863
decision_type=2 2 2 2 2 2 2 2 2 2 2 2 2 2 2 2 2 2 2 2 2 2 2 2 2 2 2 2 2 2 2 2 2 2 2 2 2 2 2 2 2 2 2 2
left_child=4 5 8 10 14 17 -7 16 9 18 29 42 13 40 -1 -11 -8 20 -3 37 22 -22 -2 -6 28 26 -26 -27 -14 -4 -20 -32 34 -34 35 -10 -36 43 -31 -40 -13 -42 -5 -9
right_child=1 2 3 11 23 6 7 19 32 15 -12 12 24 -15 -16 -17 -18 -19 30 -21 21 -23 -24 -25 25 27 -28 -29 -30 38 31 -33 33 -35 36 -37 -38 -39 39 -41 41 -43 -44 -45
leaf_value=0.014044974081125459 -0.0069095621775461169 -0.005740530273796768 -0.0044868203436900173 -0.0059753188727130931 0.027403343993712206 0.0010290736351659736 -0.00040494571514395169 -0.0071820225198729222 -0.0096448549425765997 0.023133065903836472 0.014773205255994879 0.0065642230982341787 0.0055891509207158024 0.031242321262828179 0.0018478217333506202 0.0044755054992536899 -0.012384656676149236 -0.013527884778881083 -0.0015780110363183405 -0.018659601165093766 0.0079217075830572189 -0.011004876168479113 -0.022043009103526776 0.011273584701385005 0.00089133095405103432 -0.0013990694473151532 0.025246038984613361 -0.0092127550228583103 -0.011721054825617945 0.0092477027468410525 0.012511394408322114 0.0013979015763639045 -0.001522052444599981 0.037373497191570175 0.01066957475761725 0.0043313866883464029 0.0033941190452166157 -0.030168692005244857 -0.0035376220031675303 0.0028756554725589967 -0.0087333517074392152 0.036450500834669872 -0.021273433589771053 0.0041610922944173524
leaf_weight=73448.057024598122 548530.94642427564 235675.67329593003 157494.10662694275 597801.7186621204 30093.273571997881 763609.91510890424 944383.42197275907 893747.1741534695 51718.071659594774 38867.811978176236 71526.688651293516 135108.37939284742 33908.503455370665 14899.874611273408 558775.4690463841 89651.474291369319 67461.284619197249 207713.92339293659 533673.66588848829 57762.337444759905 69572.455468267202 39960.419983267784 39611.223526321352 482002.21669071913 313460.84606686234 476197.24280722439 25868.563070893288 224610.17709027976 144926.72065271437 118602.30746267736 82987.192465260625 309089.64108805358 222546.13740107417 6783.0236606448889 431847.89257207513 1416054.9606579989 226228.94713501632 11442.870455630124 263877.67993976176 1148907.0268884003 50443.532658800483 3211.9490280896425 26587.686799898744 48698.158365979791
leaf_count=177640 2595360 710297 457962 1824517 63100 2619015 3870632 3449596 167797 85174 152056 358151 96450 32193 1602035 218571 268727 911152 1585224 221157 269531 199676 197179 1144005 831615 1260010 63083 661427 420269 292490 232123 850360 580154 16448 1121057 3763191 591053 41419 699497 2804064 126754 7966 90108 188365
internal_value=0.00014535 -0.000586483 0.0011938 -0.000683863 0.00727301 -0.00417962 -0.00289598 -0.00437719 0.00315507 0.000446285 0.00216836 -0.00313672 -0.00160497 0.00505207 0.00326482 0.0101181 -0.00120365 -0.00813111 -0.00062396 -0.00755134 -0.00652436 0.0010168 -0.0079288 0.0122214 -0.00271722 -0.00173346 0.002748 -0.00390337 -0.00843891 0.00163452 0.000678606 0.00375019 0.00463868 -0.000371612 0.00517918 0.00383892 0.00816847 -0.00687868 0.00226407 0.00167779 0.00298477 -0.00602854 -0.00662674 -0.0065959
internal_weight=1.22894e+07 1.11451e+07 7.45256e+06 3.80743e+06 1.14432e+06 3.69249e+06 2.78711e+06 2.0235e+06 3.64512e+06 1.28995e+06 1.76041e+06 2.04703e+06 1.42264e+06 203664 632224 128519 1.01184e+06 905389 1.16143e+06 1.01165e+06 697675 109533 588142 512095 1.21897e+06 1.04014e+06 339329 700807 178835 1.68888e+06 925750 392077 2.35518e+06 229329 2.12585e+06 1.46777e+06 658077 953888 1.53139e+06 1.41278e+06 188764 53655.5 624389 942445
internal_count=37918650 34931870 20100061 10178612 2986780 14831809 10658911 8039896 9921449 3681749 4406069 5772543 3857918 525064 1779675 303745 4139359 4172898 3378004 3900537 3261746 469207 2792539 1207105 3332854 2816135 894698 1921437 516719 4254013 2667707 1082483 6239700 596602 5643098 3930988 1712110 3679380 3796051 3503561 492871 134720 1914625 3637961
is_linear=0
shrinkage=0.05


Tree=74
num_leaves=45
num_cat=0
split_feature=1 3 2 3 3 2 1 1 0 0 4 2 4 0 4 0 3 4 1 1 2 2 4 1 0 0 4 0 0 0 0 1 1 1 1 4 0 0 4 4 1 1 4 0
split_gain=70050.5 30394.5 20886.7 15983.2 15044 13773.5 9254.24 8128.26 7436.04 6378.78 6373.99 6366.22 6258.83 6182.81 5382 7841.01 6727.42 5263.03 4961.67 6516.04 4884.06 4632.87 4397.15 4375.06 4053.4 5775.08 5706.14 5351.41 3942.08 3875.5 4813.75 3383.51 3276.31 10578.6 4220.73 3221.94 4843.22 5570.65 3196.87 3087.27 5363.87 4527.47 3068.82 2824.78
threshold=-0.46472317204376873 -5.6601375280203134 2.5000000000000004 0.91447742228605133 7.9721025807415069 3.5000000000000004 -0.73300900260771595 0.47375768738725649 -0.12053668025532321 0.93085292505862427 24.301560733309959 2.5000000000000004 3.1197391685492737 0.93085292505862427 -3.7760545893711561 -0.32012920303568732 19.255578152819776 17.206697600294646 0.30909602655580187 0.75301099516636072 4.5000000000000009 4.5000000000000009 1.953941008251576 0.99284498505578556 -0.86066547284873141 -0.79450537036186197 -5.9806671733647141 -0.99087453071010889 0.97474915486277813 0.76251730544457197 0.67983684365189634 0.25145141517831299 0.57552211292281397 0.62305106867763382 0.74851074817110097 -2.5553691793463105 0.26568621746226689 0.48662714534649493 -1.3698137021719921 7.3000500837369104 0.30909602655580187 0.14764656400248086 3.9486187187886661 0.89412692780947678
decision_type=2 2 2 2 2 2 2 2 2 2 2 2 2 2 2 2 2 2 2 2 2 2 2 2 2 2 2 2 2 2 2 2 2 2 2 2 2 2 2 2 2 2 2 2
left_child=3 2 -2 11 5 7 8 -3 22 24 38 -1 -9 20 15 -6 17 18 -16 32 31 -10 -5 -14 26 -26 -7 -28 -18 30 35 -4 -20 -34 -35 -13 -37 -38 -8 -11 41 -41 -27 -19
right_child=1 4 13 6 14 9 10 12 21 39 -12 29 23 -15 16 -17 28 43 19 -21 -22 -23 -24 -25 25 42 27 -29 -30 -31 -32 -33 33 34 -36 36 37 -39 -40 40 -42 -43 -44 -45
leaf_value=-0.0097692585373767848 -0.012735619369305463 -0.0050276843725700964 0.0051449887968444538 -0.0053816212581069903 0.022094818314396567 0.0061918492327401346 0.010451348595012636 -0.00012026667584893563 -0.01520690572040736 -0.0041019102253844484 0.02201921959929632 0.0034920773427375758 0.011468307813621317 -0.0075091409441120499 -0.0019996606210507515 0.0016544335178004842 0.022693456898851241 0.004189853295229899 0.0065009333625003565 0.0016871625122568106 0.0026067436454044204 -0.0068900303647887046 -0.023037435502896369 -0.022133026168421482 0.016608622165920513 0.0046931015039398394 0.0049206842346601375 -0.0066933141390113611 -0.0066775828330447404 -0.011160770720350691 0.012477632753795898 -0.0052483646330559568 0.039720308374701016 -0.0022142304925041787 0.019602298534428405 -0.0060321646669717196 0.008478963621652208 -0.0047996478688162028 -0.0072083280904194427 0.0014594912796873651 -0.013757385800556418 0.014966760386934119 0.0093733129618614134 0.015025523382611969
leaf_weight=304476.99946390837 440923.51442214102 757090.23522597551 95999.236473336816 41518.729948669672 146771.14809429646 450110.95110446215 27331.172262199223 822012.55906674266 304569.65782767534 288905.37478682399 21113.038115635514 236458.0293072015 189414.16734796762 275885.83195386827 254435.4073509872 68961.992916822433 92286.145600840449 86713.433444902301 117181.50159783661 317493.93830311298 1031550.7891721576 371910.02473799139 234094.95273981988 10209.643481343985 129169.49944964051 1612233.8962378949 167457.53308592737 243277.36516575515 13038.265228405595 99667.267366707325 63685.67463478446 424872.9904038012 39159.263561174273 45061.684303641319 43639.201918751001 529772.91773020476 156782.26552826166 159172.71299442649 411019.02612002939 229775.52359366417 42809.664035573602 84983.481014147401 447461.86029493809 196319.0651383996
leaf_count=1591146 2075767 3063560 314865 187591 335802 1103947 106977 2805596 1652360 764036 58141 706735 549217 789946 748942 171253 213398 220240 313609 836905 2481215 1315897 1188171 32187 315721 3830193 471508 742376 33074 283522 178489 1393058 81009 118610 104182 1836089 476630 445413 1580589 577110 98695 196643 1045224 483012
internal_value=-0.000108321 0.00205187 -0.00296756 -0.0067935 0.0037036 0.00251381 -0.0106426 -0.00110134 -0.013455 0.00425354 -0.00481479 -0.00328823 0.0018083 -0.00061185 0.00828751 0.0155608 0.00698572 0.00582985 0.00379418 0.00641475 0.000613889 -0.0106345 -0.0203777 0.00974979 0.00520987 0.00635302 0.00230319 -0.00195826 0.0190576 -0.00170391 -0.000881358 -0.00333282 0.0125401 0.018075 0.0085191 -0.00166752 -0.0031101 0.00178943 -0.00610725 -0.000257907 0.00284794 0.00510639 0.00570986 0.0117058
internal_weight=1.21268e+07 9.16521e+06 2.26923e+06 2.96157e+06 6.89597e+06 5.47491e+06 1.41156e+06 1.77873e+06 952093 3.69619e+06 459463 1.55002e+06 1.02164e+06 1.82831e+06 1.42106e+06 215733 1.20533e+06 1.1e+06 816971 562536 1.55242e+06 676480 275614 199624 3.04971e+06 2.18887e+06 860846 410735 105324 1.24554e+06 1.14587e+06 520872 245042 127860 88700.9 1.08219e+06 845728 315955 438350 646474 357569 314759 2.0597e+06 283032
internal_count=37918650 26310900 7054851 11607750 19256049 15596013 6089726 6450560 4344019 9145453 1745707 5518024 3387000 4979084 3660036 507055 3152981 2906509 2203257 1454315 4189138 2968257 1375762 581404 7508969 5191138 2317831 1213884 246472 3926878 3643356 1707923 617410 303801 222792 3464867 2758132 922043 1687566 1636484 872448 773753 4875417 703252
is_linear=0
shrinkage=0.05


Tree=75
num_leaves=45
num_cat=0
split_feature=2 2 1 2 1 1 0 3 2 0 0 0 0 3 1 0 4 3 2 3 4 3 3 0 0 1 3 4 1 3 3 0 4 3 0 0 0 3 4 1 3 3 0 4
split_gain=101920 22061.6 13105.3 9173.58 5110.15 4907.24 3682.37 3112.08 3022.73 3000.63 2666.52 2462.07 2107.06 1769.53 1736.34 1692.16 1909.1 1672.31 1632.19 1530.74 1502.49 1834.92 1475.18 1413.8 2138.31 1274.16 1260.1 1226.57 1210.55 1195.19 1146.15 1128.87 1108.23 2433.68 1573.43 1100.18 1038.47 1002.46 950.079 1256.32 898.395 896.93 1051.17 896.773
threshold=4.5000000000000009 2.5000000000000004 -0.80891915365350464 5.5000000000000009 0.25145141517831299 -0.2393156642875576 0.48662714534649493 -7.7029350097891003 6.5000000000000009 -0.46472317204376817 1.0000000180025095e-35 -0.46472317204376817 0.35460488704253579 -3.5327065382870653 0.25145141517831299 -0.58743244627487456 -6.5579930310375252 -5.3339208454867366 6.5000000000000009 8.4045606075079089 -3.6523558457140619 5.255704364099274 9.4015872141977166 -0.82298386589365657 -0.79450537036186197 0.95418073928008662 -0.067988576927621822 12.025151732854502 -0.044397947661467471 7.9721025807415069 -3.9974872748228978 0.46472317204376884 -3.6523558457140619 5.8128286418865907 -0.82298386589365657 -0.79450537036186197 0.96778869966720549 13.004643051379945 -6.4105978126149834 0.12053668025532312 15.665097213080172 -1.4243037205819673 -0.2393156642875576 -8.6623966678336028
decision_type=2 2 2 2 2 2 2 2 2 2 2 2 2 2 2 2 2 2 2 2 2 2 2 2 2 2 2 2 2 2 2 2 2 2 2 2 2 2 2 2 2 2 2 2
left_child=1 4 10 15 6 7 17 -3 14 20 29 32 19 -10 -5 16 -4 -1 30 -9 21 -7 38 -22 -25 -13 -14 36 -15 41 -12 -24 33 -6 -34 37 40 -36 -19 -40 -11 42 -2 -23
right_child=2 5 3 8 11 9 -8 12 13 27 18 25 26 28 -16 -17 -18 22 -20 -21 23 43 31 24 -26 -27 -28 -29 -30 -31 -32 -33 34 -35 35 -37 -38 -39 39 -41 -42 -43 -44 -45
leaf_value=0.006864234977043783 0.0039175913085025557 -0.0036534686748304723 -0.0038460081147650774 -0.0044253589909509774 0.008115871120042072 0.0021211915034527744 0.0062407162554351196 0.0070312603623136271 -0.012041795392410595 -0.0013232433481153406 -0.0072150187884229069 0.0022867375537332156 -0.0016061427158421725 -0.0060771270464964324 -0.0079005331392845209 -0.0043461941704715469 0.002323788314333193 0.0074268912236480494 -0.006319235808659414 -0.0017813150080877593 0.0096687708954933255 -0.014072385569475321 0.0018870464117411096 -0.019994433621784033 0.0048362628159566174 0.0059370166369074693 0.0038079710850041568 -0.0049107806022775499 -0.0097147257174045269 -0.0078923503152245819 0.00079805819296086152 0.034577278477598825 0.019835453408196542 -0.0036930380260566686 0.0019791475457347158 0.010756915256108758 0.0022748677192099822 -0.031519444195963135 0.012805797657293776 0.023818214427484968 -0.011576140034945181 0.0047982392018071328 -0.0051057709229707154 -0.0018866885108585929
leaf_weight=194833.09120966494 71870.452777639031 127958.63504756987 251019.97101914883 646545.73479296267 365298.06127513945 559586.09118466079 706971.85403241217 633146.03891295195 485816.52532921731 957046.40309210122 52689.57751519978 668145.99756875634 158898.09476231039 366329.60652066767 809420.33498906344 962608.95366717875 250498.9698703289 77979.826157271862 178572.26912480593 53434.564093202353 114961.87989124656 25753.276185467839 46916.137028127909 10835.411058411002 43390.325297772884 372255.2994799912 332056.06499893963 221392.74868041277 608831.50463201106 24970.247672662139 291581.93031407893 2798.39317317307 42610.224505409598 49547.643337890506 8822.5085306316614 42320.540223106742 216460.6277576983 2990.3219639062881 607915.863672629 27050.889306291938 21853.430370301008 313837.15162818134 58585.329404532909 36491.559153392911
leaf_count=659792 224179 374137 750210 1944250 1233295 1721731 2310000 2075249 1444529 2874428 153983 2071300 471109 1086266 2471700 2899050 774390 271882 515900 157717 383967 74344 156566 29327 138062 1193500 1033588 662873 1877455 68412 877817 12059 158642 151224 27843 142623 664541 7323 2344351 112750 63958 970938 168671 112719
internal_value=-3.86432e-05 0.00406124 -0.0051736 -0.00634868 0.0070532 0.00132204 0.00897764 0.00375213 -0.00796965 -0.000114915 1.54523e-05 0.00498929 0.00455687 -0.00957644 -0.00635732 -0.00311927 -0.000764315 0.0109985 -0.0024403 0.0063454 0.00235199 0.00121533 0.0120546 0.00652967 -0.000125418 0.00359281 0.00205568 -0.00149227 -0.00834822 0.00275161 -0.000428316 0.00372715 0.00782927 0.00670546 0.0126483 0.006991 -0.000859125 -0.00650075 0.0126353 0.0132749 -0.00155213 0.00334982 -0.000134637 -0.00692842
internal_weight=1.21029e+07 6.72972e+06 5.37318e+06 4.38107e+06 3.21646e+06 3.51327e+06 1.66447e+06 1.30549e+06 2.91694e+06 2.20777e+06 992107 1.55199e+06 1.17753e+06 1.46098e+06 1.45597e+06 1.46413e+06 501519 957494 522844 686581 791019 621831 762661 169188 54225.7 1.0404e+06 490954 1.41675e+06 975161 469263 344272 49714.5 511589 414846 96743.6 54133.4 1.19536e+06 11812.8 712947 634967 978900 444293 130456 62244.8
internal_count=37918650 21690900 16227750 13247850 10853150 10837750 5867400 4111800 8824200 6725950 2979900 4985750 3737663 4408250 4415950 4423650 1524600 3557400 1547700 2232966 2460150 1908794 2897608 551356 167389 3264800 1504697 4265800 2963721 1432200 1031800 168625 1720950 1384519 336431 177789 3602927 35166 2728983 2457101 2938386 1363788 392850 187063
is_linear=0
shrinkage=0.05


Tree=76
num_leaves=45
num_cat=0
split_feature=3 2 1 3 3 1 0 0 0 4 3 0 0 0 0 0 3 0 0 0 1 0 4 4 1 0 4 1 0 0 0 0 0 0 0 4 1 0 0 3 0 0 0 0
split_gain=23632.5 25398.9 9479.42 10263.3 7439.28 10533.4 7292.83 5409.58 4500.13 4402.1 4140.9 4085.88 10014.4 6007.38 5146.17 9641.08 3287.68 3231.48 3152.06 4197.59 4796.65 3145.48 2820.84 2786.58 2782.81 3044.62 2684.57 2639.26 3798.13 3152.09 2523.68 5242.84 3961.79 3022.31 2520.08 2510.12 6830.42 3762.92 3236.5 3893.65 2750.39 2629.44 9542.74 2445.09
threshold=-12.596979556513535 3.5000000000000004 1.0000000180025095e-35 -1.1264310787250549 -2.7600588162966058 -0.4300652022765204 0.20588816045177846 -0.86066547284873141 0.48662714534649493 9.0988321006798802 9.4015872141977166 -0.79450537036186197 -0.86066547284873141 -0.93085292505862405 -0.96778869966720515 -0.99087453071010889 -24.51843460078786 0.99087453071010911 -0.79450537036186197 -0.74317201360641438 -0.66312265824079497 -0.93085292505862405 23.090718978779361 2.7730993688227916 0.97148236575323155 -0.2058881604517783 -14.681336047295805 0.82619477567192912 0.37886415816525426 0.99087453071010911 0.93085292505862427 0.83428993469774138 0.81773537194966905 0.67983684365189634 -0.96778869966720515 3.1197391685492737 -0.86104361176735533 0.26568621746226689 0.088756899407539988 6.4183895844946059 0.5633557562674042 0.65797238821565851 0.58743244627487468 0.37886415816525426
decision_type=2 2 2 2 2 2 2 2 2 2 2 2 2 2 2 2 2 2 2 2 2 2 2 2 2 2 2 2 2 2 2 2 2 2 2 2 2 2 2 2 2 2 2 2
left_child=6 4 7 9 8 23 16 21 24 34 -7 12 13 14 15 -5 -1 26 -9 20 -20 -3 -13 -6 -2 -26 -10 29 -29 -12 31 32 33 -28 -4 36 -21 38 39 -37 -39 42 -42 -25
right_child=1 2 3 11 5 10 -8 18 17 -11 27 22 -14 -15 -16 -17 -18 -19 19 35 -22 -23 -24 43 25 -27 30 28 -30 -31 -32 -33 -34 -35 -36 37 -38 40 -40 -41 41 -43 -44 -45
leaf_value=0.01795443149975735 -0.0039732375196474571 0.0002996288129600281 -0.0058578167258842209 -0.016135983458222782 -0.0069986179959995679 -0.0066245076643990904 0.012782553579389275 0.011978446897665494 0.027731897266012946 0.014187722207173854 -0.019111024702471849 -0.0016682153223916175 -0.022757530008013574 0.006276566986251707 -0.020448180383562733 0.016727974055740211 0.0026897610329331134 -0.006568627420977774 0.00083741616913078805 -0.0048361105613440895 -0.022263604227056217 -0.0093267967031436076 -0.015544854884581289 0.0026655261029878657 0.024213230516358621 0.0010404619249454565 0.0076629438450881524 -0.011252594067942011 0.013420601170838277 -0.0032485770419138902 0.010912317503756269 -0.011044905530849983 0.021707737821599543 -0.0076923940603271226 0.002131375422792237 0.0031518867630918692 0.0052659884359168097 -0.00100755896321026 0.01240043448852607 0.015030180019744148 0.0021686904514256339 0.0034922646839377091 0.030346959336252168 -0.0029909232504757334
leaf_weight=38138.949636057019 707014.48777894676 490281.53149132431 104843.43202199042 50946.43563349545 169501.2910399586 1280565.4171499908 413209.24211701751 114768.08060462773 12982.003808304667 73024.841097518802 172274.00474178791 1662488.2469950765 85720.469624944031 103611.20381065458 61831.164209313691 39711.802918076515 469575.23508375883 66826.994670316577 73181.931716322899 275741.06388820708 32427.661166906357 102620.64456214011 37447.527839556336 418425.05966420472 16797.100446388125 90796.99129024148 94249.630209967494 76663.286905683577 19581.657370582223 38276.711329467595 107669.5066202879 60308.279039934278 32817.266319319606 48553.238797038794 1686484.0660749227 383821.48379139602 425575.4147592485 297588.45942765474 242908.43159738183 84108.525454163551 98539.230300202966 1017723.6016246378 43226.006832361221 351577.44693700969
leaf_count=87696 2769448 1447877 311855 173363 813258 5368324 963253 318467 33733 154673 756017 4560021 299788 303368 200713 122803 1325690 229412 214361 828594 107510 319664 112487 1786255 51340 315090 287273 306785 65965 154805 326817 200376 94469 162995 4188047 1149572 1089370 843236 622719 215153 258264 2495966 92706 1389072
internal_value=0.000147156 -0.000477688 0.00118805 -0.0005278 -0.00383521 -0.00539093 0.00785047 0.00300809 -0.000659885 0.00215433 -0.00787449 -0.00297689 -0.0079649 -0.0030136 -0.00932594 -0.0017403 0.00383643 0.00352145 0.00384758 0.0035339 -0.0062558 -0.00136653 -0.0019739 -0.00119477 -0.00283321 0.00465809 0.00541244 -0.0130919 -0.00623267 -0.0162273 0.00456916 0.00167436 0.00604218 0.0024421 0.00166378 0.00389423 0.00129408 0.00473538 0.00771778 0.00528696 0.0032804 0.00438093 0.0107606 8.28332e-05
internal_weight=1.22744e+07 1.13535e+07 7.58862e+06 3.90611e+06 3.76488e+06 2.52686e+06 920923 3.68251e+06 1.23802e+06 1.86435e+06 1.58736e+06 2.04176e+06 341821 256101 152489 90658.2 507714 423407 3.08961e+06 2.97484e+06 105610 592902 1.69994e+06 939504 814609 107594 356580 306796 96244.9 210551 343598 235928 175620 142803 1.79133e+06 2.86923e+06 701316 2.16792e+06 710838 467930 1.45708e+06 1.15949e+06 141765 770003
internal_count=37918650 35542011 20430577 10427118 15111434 10640481 2376639 10003459 4470953 4654575 6651896 5772543 1100035 800247 496879 296166 1413386 1335075 8235918 7917451 321871 1767541 4672508 3988585 3135878 366430 1105663 1283572 372750 910822 1071930 745113 544737 450268 4499902 7595580 1917964 5677616 1987444 1364725 3690172 2846936 350970 3175327
is_linear=0
shrinkage=0.05


Tree=77
num_leaves=45
num_cat=0
split_feature=1 3 2 3 3 2 1 0 1 2 0 4 4 0 2 4 0 3 4 1 1 4 1 2 4 0 0 4 1 1 0 0 0 1 1 1 1 1 1 1 0 4 1 1
split_gain=63887.2 27656 18447.6 14970.4 14041.4 13090.9 9051.21 7220.46 7188.85 6730.32 6073.78 6021.54 5910.53 5407.2 5268.73 5131.29 7277.64 6264.62 4937.93 4850.73 6127.46 4548.04 4052.21 3701.72 3636.04 3618.7 3477.22 5364.03 5213.17 10221.7 4971.6 3309.78 4354 3186.49 10092.8 4018.61 3006.16 2890.16 3495.7 3063.83 3475.55 2857.69 5086.24 4127.54
threshold=-0.46472317204376873 -6.1227448706181598 2.5000000000000004 1.5159379753898181 7.8408586488272585 3.5000000000000004 -0.73300900260771595 -0.12053668025532321 0.47375768738725649 5.5000000000000009 0.93085292505862427 3.1197391685492737 26.046987670433641 -0.96778869966720515 4.5000000000000009 -3.7760545893711561 -0.32012920303568732 19.255578152819776 16.846153360096448 0.30909602655580187 0.75301099516636072 -2.3164270444987696 0.99284498505578556 4.5000000000000009 2.3090826435652478 0.97474915486277813 -0.86066547284873141 -6.1209156803570783 0.62305106867763382 0.57552211292281397 -0.99087453071010889 0.35460488704253579 0.76251730544457197 0.57552211292281397 0.62305106867763382 0.74851074817110097 0.56806474673115548 0.57552211292281397 0.52542847473095 0.36521623457838687 0.88059548392442355 7.3000500837369104 0.30909602655580187 0.14764656400248086
decision_type=2 2 2 2 2 2 2 2 2 2 2 2 2 2 2 2 2 2 2 2 2 2 2 2 2 2 2 2 2 2 2 2 2 2 2 2 2 2 2 2 2 2 2 2
left_child=3 2 -2 9 5 8 7 24 -3 21 26 -10 -8 -4 -15 16 -6 18 19 -17 33 -1 -13 -9 -5 -19 27 -7 29 36 -29 -23 -33 -21 -35 -36 -28 38 39 -16 -41 -12 43 -43
right_child=1 4 13 6 15 10 12 23 11 -11 41 22 -14 14 37 17 -18 25 -20 20 -22 31 -24 -25 -26 -27 28 30 -30 -31 -32 32 -34 34 35 -37 -38 -39 -40 40 -42 42 -44 -45
leaf_value=-9.1075248723332978e-07 -0.012603850991395396 -0.0048517904815589818 0.0071039099609580079 -0.0062580403957425536 0.020987128902321059 0.0059562449748145254 -0.0057438189678259014 -0.014975319241094602 -0.00032211700389267554 0.00074387402724365758 -0.0039807691799159427 0.011010822478644294 0.026567621140825462 -0.0058613615196905005 -0.0045386125316601257 -0.0022718847172004254 0.0016348084076233818 0.021722329438548089 0.010957685324438176 0.0060083963362699928 0.0015216996793690188 -0.010628936572171422 -0.021622071281577712 -0.007155056681913719 -0.023520573972093228 -0.006429637257594204 0.0094862239915108459 0.0046881047764263627 0.0047241712428144449 0.027285661705566899 -0.0063662818640229605 -0.0013992047971395089 -0.014863855050508183 0.038461029512031231 -0.0022823905405599922 0.01887450807493422 -0.0018029175564697212 0.0024628168754141175 -0.015648314808318818 -0.00043596459352808318 0.019301126159602749 0.0013446972458413422 -0.013509561886887038 0.014223680050592706
leaf_weight=254042.38928964734 409190.90450223535 768584.41804324836 192865.56537489593 35881.546591468155 151964.52119101584 464231.9843544811 408376.37860280275 276114.3017244041 841294.52615343034 616834.32729355991 299953.65591537952 188327.43080419302 14661.279589951038 519956.52443020046 222391.193663463 254097.02939173579 71409.218239188194 92137.120373025537 300913.41687686741 117339.750725016 325004.53866946697 434788.0655298084 10019.176784157753 334812.3094720915 203545.54556067288 13029.186586096883 312054.84610436857 172253.67194785178 1780608.1561581343 77226.583270087838 248360.0635098964 290860.11372598261 75656.933823898435 39473.039451807737 45621.495979785919 44179.9939891994 72710.249639868736 614976.86025540531 48418.750492677093 69237.232019037008 32905.097105026245 229225.39252866805 42916.055126264691 85384.058827251196
leaf_count=955861 1956920 3123590 528121 169060 349336 1135392 1569450 1516587 2886419 1725457 795190 545228 39347 1713713 582713 751497 177438 213398 749943 315152 856641 2014059 31773 1199001 1053653 33074 774006 483068 4196561 174800 756815 1095592 269683 82276 120214 105563 170577 1473678 126853 160531 68818 575477 99211 196914
internal_value=-0.000110589 0.00194954 -0.00307234 -0.00651585 0.00345286 0.00231454 -0.0106006 -0.0135738 -0.00118514 -0.00340528 0.0039865 0.00152554 -0.004624 -0.000779113 -0.00178739 0.00782812 0.0148005 0.00656375 0.00547433 0.00347605 0.00603113 -0.00583039 0.00936242 -0.0106895 -0.0209335 0.0182345 0.00490487 0.00225067 0.00595211 0.0106848 -0.00183919 -0.00767855 -0.0041786 0.0119739 0.0173888 0.00812625 0.00735288 0.000356783 -0.00311595 -0.00124618 0.00592233 -0.000381927 0.0026374 0.00484001
internal_weight=1.21038e+07 9.15826e+06 2.10994e+06 2.94557e+06 7.04832e+06 5.59315e+06 1.27339e+06 850354 1.80823e+06 1.67218e+06 3.78492e+06 1.03964e+06 423038 1.70075e+06 1.50789e+06 1.45517e+06 223374 1.2318e+06 1.12663e+06 825716 571619 1.05535e+06 198347 610927 239427 105166 3.12745e+06 884846 2.2426e+06 461992 420614 801305 366517 246614 129275 89801.5 384765 987929 372952 324534 102142 657479 357526 314609
internal_count=37918650 26310900 6611347 11607750 19699553 15945021 5547098 3938301 6587010 6060652 9358011 3463420 1608797 4654427 4126306 3754532 526774 3227758 2981286 2231343 1479846 4335195 577001 2715588 1222713 246472 7691219 2375275 5315944 1119383 1239883 3379334 1365275 623205 308053 225777 944583 2412593 938915 812062 229349 1666792 871602 772391
is_linear=0
shrinkage=0.05


Tree=78
num_leaves=45
num_cat=0
split_feature=2 2 1 2 1 1 3 0 3 4 0 2 0 3 4 4 3 1 2 0 0 1 0 4 0 4 1 4 3 0 1 4 3 0 0 4 2 3 0 3 0 3 3 4
split_gain=93026.9 20125.1 12009 8072.63 4564.23 4344.64 4119.44 3394.61 2870.14 2840.27 2762.74 2552.99 2231.7 2073.92 1653.36 1396.59 1976.7 1300.16 1300.14 1268.42 1492.06 1293.4 1215.24 1276.59 1198.94 1325.36 1135.27 1130.52 1112.05 1816.11 1105.62 1066.59 2134.26 1439.61 1063.41 1048.32 1012.83 1011.59 998.061 958.571 944.34 1054.66 933.922 929.699
threshold=4.5000000000000009 2.5000000000000004 -0.59907629515643335 5.5000000000000009 0.25145141517831299 -0.2393156642875576 -3.6256227825398777 0.65797238821565851 -4.3819396918493245 8.8045601121818837 -0.46472317204376817 6.5000000000000009 -0.46472317204376817 -1.5752794968868604 9.2365952017657573 -5.565288809378564 0.58435031030321138 -0.66312265824079497 6.5000000000000009 -0.82298386589365657 -0.79450537036186197 1.0000000180025095e-35 0.48662714534649493 -7.8766203409222824 -0.58743244627487456 -5.565288809378564 0.95418073928008662 8.1202913516313036 7.5676226976124612 0.46472317204376884 0.57552211292281397 -3.6523558457140619 5.8128286418865907 -0.82298386589365657 0.35460488704253579 3.1197391685492737 6.5000000000000009 -3.5327065382870653 0.088756899407539988 14.983940511818 -0.32012920303568732 -10.739650303569732 1.718240657988048 18.426290891346699
decision_type=2 2 2 2 2 2 2 2 2 2 2 2 2 2 2 2 2 2 2 2 2 2 2 2 2 2 2 2 2 2 2 2 2 2 2 2 2 2 2 2 2 2 2 2
left_child=1 4 6 22 7 8 38 13 40 17 15 24 31 -1 34 16 -7 36 -11 21 -21 -17 23 42 25 -5 -14 39 -15 -30 -25 32 -6 -33 -10 -35 -8 -13 -2 -12 41 -3 -4 -39
right_child=2 5 3 11 12 10 9 -9 14 18 27 37 26 28 -16 19 -18 -19 -20 20 -22 -23 -24 30 -26 -27 -28 -29 29 -31 -32 33 -34 35 -36 -37 -38 43 -40 -41 -42 -43 -44 -45
leaf_value=0.0075203281302946394 -0.0037244683785662095 -0.0077485944410289583 -0.0029808843632078211 -0.0064694749182440149 0.0077031155259784066 0.0025729294065631567 0.0032061353536220367 0.0056730623110981824 0.0075772139431173214 -0.00084650093284292934 -0.00040397421769250224 -0.011457447120757559 0.0022215995801748638 0.013047871115090572 0.0021853489910165906 0.0024674875530208171 -0.0044275945183899238 0.011767127031526195 -0.0061500395971857752 -0.014239395710606485 0.00359343095501746 0.01169388790713562 -0.0051627945487291152 0.0027568147202483261 -0.0075072170403484989 -0.00080598776422612409 0.0056657117926975382 -0.0038794369507747202 0.0043377965357581693 0.022081366211515574 -0.0025205270828130844 0.019083366500913194 -0.003372958618662332 0.010066813323158737 0.0031027919315417926 -0.0080243671290994283 -0.00092854500030727267 -0.0081739603048254748 -0.010312678922737576 -0.011757759847641451 -0.0035969603023229013 0.0049427295448646567 -0.0097479653733245387 -0.016071408479537332
leaf_weight=401988.83690452576 110445.64530003071 20237.844485253096 368706.86919210851 269102.73174373806 365491.61006270349 423793.85540811718 422401.46349415183 633439.08096200228 458817.02226269245 336856.45481154323 1045666.3767303079 456631.20514759421 668229.13784733415 525691.22766858339 398095.90626466274 62820.157824456692 132321.61425022781 34136.005111500621 175899.66447378695 14493.747643917799 61506.899808511138 96079.613934263587 490929.44298864901 191281.11066560447 867997.34118831903 167663.56249183416 372726.4366132915 350582.24652726948 84939.816351056099 17370.318448826671 206268.78169992566 42656.515350103378 49367.118927165866 44351.494013011456 186874.85745310783 9771.8451811373234 228091.03911134601 808299.47447031736 119885.17475423217 18926.63701286912 156524.47696051002 85643.936494231224 59167.414991974831 39066.767892293632
leaf_count=1391483 324798 57103 1114154 813609 1233295 1305834 1297760 2048200 1524497 1000052 3157460 1373510 2071300 2064401 1225254 198425 396133 114335 507455 41542 193508 324708 1474550 591929 2656500 514641 1193500 1053175 293719 69597 637369 158642 151224 149275 578811 28514 680635 2486661 348465 55165 456698 269437 174448 116879
internal_value=-3.7647e-05 0.00387575 -0.00495672 -0.00638504 0.0067335 0.00125913 -0.00102994 0.00855329 0.00354454 0.000148012 -9.39641e-05 -0.00799576 0.0047838 0.0103246 0.0047197 0.00227267 0.000907231 0.00225548 -0.00266587 0.00550527 0.000192611 0.00804628 -0.0031929 -0.00202128 -0.00643207 -0.00429541 0.0034548 -0.0014168 0.0121197 0.00735032 1.86657e-05 0.00748772 0.00638509 0.0122143 0.00628224 0.00680049 0.00175634 -0.00956037 -0.00715357 -0.000605825 -0.00112997 0.00251696 -0.00391665 -0.00853806
internal_weight=1.20812e+07 6.72841e+06 5.35283e+06 3.92511e+06 3.21602e+06 3.51239e+06 1.42772e+06 1.66343e+06 1.30619e+06 1.19738e+06 2.20619e+06 2.60876e+06 1.55259e+06 1.02999e+06 1.04379e+06 791016 556115 684629 512756 234900 76000.6 158900 1.31635e+06 825424 1.30476e+06 436766 1.04096e+06 1.41518e+06 628001 102310 397550 511639 414859 96779.9 645692 54123.3 650493 1.304e+06 230331 1.06459e+06 262406 105882 427874 847366
internal_count=37918650 21690900 16227750 11954250 10853150 10837750 4273500 5867400 4111800 3600237 6725950 7961800 4985750 3819200 3328562 2460150 1701967 2092730 1507507 758183 235050 523133 3992450 2517900 3984750 1328250 3264800 4265800 2427717 363316 1229298 1720950 1384519 336431 2103308 177789 1978395 3977050 673263 3212625 783238 326540 1288602 2603540
is_linear=0
shrinkage=0.05


Tree=79
num_leaves=45
num_cat=0
split_feature=3 2 1 3 0 4 0 1 3 4 4 1 1 0 1 1 4 0 0 3 1 1 3 4 0 3 0 0 0 4 0 4 1 0 0 0 1 1 0 0 0 0 0 3
split_gain=21748.6 22975.9 9863.65 13342.4 7558.61 6522.5 6387.8 5293.77 4587.91 3801.64 3734.93 3382.75 4774.16 4308.53 3131.03 4728.17 4477.7 3070.05 6026.46 3033.7 3012.19 2989.6 2977 2939.81 6167.99 4748.41 2938.42 2660.98 2606.67 2583.31 2480.11 4495.3 3986.69 4059.09 2803.05 3949.7 2636.17 2476.52 3113.82 2452.65 3383.79 4952 4773.51 2349.86
threshold=-12.897606905282311 4.5000000000000009 -0.55094406234797322 -1.6495127090000989 0.088756899407539988 8.951559536320163 0.20588816045177846 -0.96367140085128711 9.7717786928039008 7.0442677460641265 22.138282614797578 0.82619477567192912 0.12053668025532312 0.37886415816525426 -0.86104361176735533 0.36521623457838687 -0.45260319576361135 0.65797238821565851 0.58743244627487468 19.255578152819776 0.99649054800675863 0.99284498505578556 -24.51843460078786 6.4068814074067442 -0.2393156642875576 3.8540119167625204 0.48662714534649493 -0.56335575626740397 0.88059548392442355 19.938981218868943 0.088756899407539988 -22.525683794610739 0.93621795190976798 -0.32012920303568732 -0.2393156642875576 -0.2058881604517783 0.91233666684008119 0.14764656400248086 0.93085292505862427 0.99087453071010911 0.93085292505862427 0.83428993469774138 0.81773537194966905 -24.51843460078786
decision_type=2 2 2 2 2 2 2 2 2 2 2 2 2 2 2 2 2 2 2 2 2 2 2 2 2 2 2 2 2 2 2 2 2 2 2 2 2 2 2 2 2 2 2 2
left_child=6 2 23 5 9 27 22 -6 20 -3 14 12 29 -13 -9 17 19 18 -16 21 28 -17 -1 26 25 -25 -2 -4 -5 -10 32 -32 36 -34 -35 -36 -24 -7 -39 40 41 42 -29 -8
right_child=1 4 3 8 7 37 43 10 11 -11 -12 13 -14 -15 15 16 -18 -19 -20 -21 -22 -23 30 24 -26 -27 -28 39 -30 -31 31 -33 33 34 35 -37 -38 38 -40 -41 -42 -43 -44 -45
leaf_value=0.017303211186301886 -0.0032815090307244375 -0.00067161341690160866 -0.0041582155107889431 -0.00713533360129658 0.010844370177590738 0.0039827103197945723 0.025976710044519624 -0.0021902700889530826 -0.0014658363436274415 0.0061158738751819217 -0.0067814749183440302 -0.0090860114920765199 -0.019574723220906479 0.014476414504647371 0.0058726168828104677 0.0034210472741393275 -0.0021432647726713351 0.0048455496034312592 0.029601978430636711 0.056271282519895507 0.006578972284530602 0.025907282246339099 0.0017513675955849455 -0.0024813181409828657 0.00082719723463656419 0.019660286457114463 0.0045586058514251564 0.00018579397256353442 -0.0027951147403150745 -0.017050739913410221 0.0229685888066163 -0.015701693108466426 0.034909509927780115 -0.012213658757336293 0.037429233699127061 0.0063288399239716606 -0.039244883929285504 0.0067488681914727846 0.035741473959158242 -0.0074761952713600782 0.0078857753153590664 -0.01157505687474527 0.021135387095374707 0.011410402062212922
leaf_weight=38172.170381739736 605705.91064925492 2657442.732979767 556556.45706737041 1261034.8311921656 222349.10231199861 31591.397829473019 29998.110605314374 247833.98357617855 80227.81815648824 223659.8967101872 97504.18924087286 98110.269233934581 175325.33084896952 24183.470465481281 89568.01120647788 543447.29413159192 521119.60433480144 1329617.0830255151 38154.356275305152 2793.1610486507416 49377.510986581445 15194.853313416243 293913.31632067263 34177.582839354873 710607.65899427235 83062.258588254452 148888.41885709763 631452.03419411182 476720.51221826673 39770.167498677969 9366.649849742651 38021.529359534383 17246.333546325564 13940.930190935731 12751.158884614706 51200.668777540326 3974.2733131498098 16546.785762637854 21032.825651168823 94992.977059274912 147816.58186641335 87436.058730840683 28414.650179192424 359454.05710320175
leaf_count=87696 2512937 7265443 2147620 5194729 545537 92051 63100 673357 304224 601458 258544 369353 735436 76452 219699 1292665 1361611 3095179 77103 6328 177135 33355 869286 136413 2659162 255514 491756 2067675 1679329 155810 22388 105042 38315 36628 28086 125599 13321 45757 46542 311654 438470 281013 77698 842180
internal_value=0.000148587 -0.000432739 -0.0027968 -0.00417169 0.00170013 -0.000720236 0.00777763 0.00341051 -0.00670123 -0.000144701 0.00283763 -0.0114195 -0.0143153 -0.00442656 0.00317407 0.0036975 0.00119448 0.00555682 0.0129613 0.00429255 -0.00559865 0.00403266 0.00390841 0.000522692 0.00258023 0.0132056 -0.00173458 -0.00139204 -0.00594468 -0.00663104 0.00274744 -0.0080582 0.00405031 0.012961 0.00810136 0.0125299 0.00120442 0.0143013 0.0229757 0.00016287 0.000973552 -0.000393686 0.00108791 0.0125324
internal_weight=1.22598e+07 1.13917e+07 5.40303e+06 3.82059e+06 5.98868e+06 1.61584e+06 868039 3.10758e+06 2.20475e+06 2.8811e+06 2.88523e+06 417617 295323 122294 2.78773e+06 2.53989e+06 1.08255e+06 1.45734e+06 127722 561435 1.78713e+06 558642 478587 1.58244e+06 827848 117240 754594 1.54667e+06 1.73776e+06 119998 440415 47388.2 393027 95139.1 77892.8 63951.8 297888 69171 37579.6 990112 895119 747303 659867 389452
internal_count=37918650 35687009 20256730 14200948 15430279 5508480 2231641 7563378 8692468 7866901 7017841 1641275 1195470 445805 6759297 6085940 2693959 3391981 296802 1332348 7051193 1326020 1326361 6055782 3051089 391927 3004693 5324130 6874058 460034 1238665 127430 1111235 228628 190313 153685 882607 184350 92299 3176510 2864856 2426386 2145373 905280
is_linear=0
shrinkage=0.05


Tree=80
num_leaves=45
num_cat=0
split_feature=1 3 2 3 1 4 3 0 1 1 0 4 4 1 2 4 2 0 0 0 4 0 0 3 4 0 2 0 4 1 4 0 0 3 4 0 0 4 0 1 1 2 4 0
split_gain=58239.7 25180.2 26542.6 14067.2 10284.1 9820.25 9149.26 7872.45 7864.01 6947.99 6640.55 6031.28 5579.1 5421.4 4964.44 4524.56 4416.31 4348.81 4199.86 5237.26 3893.64 3561.91 4266.91 3521.6 3708.99 4758.28 3515.64 3418.9 3376.32 5054.95 3180.26 2565.78 5760.64 2477.73 2434.63 3916.92 5086.69 2556.53 2399.68 3239.6 6813.1 2365.27 2291.87 2252.5
threshold=-0.46472317204376873 3.3218039775813186 3.5000000000000004 0.45438871291750443 1.0000000180025095e-35 15.844850383144847 -9.710004215326121 0.93085292505862427 -0.73300900260771595 -1.7225464241988328e-16 -0.12053668025532321 1.1634711335831762 24.301560733309959 0.85743085555170595 2.5000000000000004 1.953941008251576 4.5000000000000009 -0.99780533956200557 0.88059548392442355 0.67983684365189634 0.92932852859705062 0.76251730544457197 0.67983684365189634 12.274346522968793 -9.6772138048987149 0.58743244627487468 5.5000000000000009 -0.94117129826980295 0.80806225100306517 0.47375768738725649 -1.7227232922204718 -0.94117129826980295 -0.99087453071010889 21.648738632197027 -2.9171523481265704 0.26568621746226689 0.48662714534649493 9.9729883624521403 0.89412692780947678 0.57552211292281397 0.62305106867763382 3.5000000000000004 -5.039442712515334 0.99437935835663549
decision_type=2 2 2 2 2 2 2 2 2 2 2 2 2 2 2 2 2 2 2 2 2 2 2 2 2 2 2 2 2 2 2 2 2 2 2 2 2 2 2 2 2 2 2 2
left_child=3 2 6 14 5 17 27 11 10 -7 15 18 30 23 42 -5 -12 -3 19 26 -15 22 34 24 25 -6 -4 -2 -8 -30 -10 32 -26 -22 -16 -36 -37 -38 39 -13 -41 -32 -1 -33
right_child=1 4 7 8 13 9 28 -9 12 -11 16 38 -14 20 21 -17 -18 -19 -20 -21 33 -23 -24 -25 31 -27 -28 -29 29 -31 41 43 -34 -35 35 36 37 -39 -40 40 -42 -43 -44 -45
leaf_value=0.0012517590235256431 0.0020528479707789689 0.014575146491217175 0.00056812622816798729 -0.0049371105806512005 0.017979927641796772 0.012276387197843127 -0.0045907703486928759 -0.0028596709609737133 0.010532711386667485 -0.018649111315601302 -0.013986297637258656 0.002499611348038232 0.020435499786456937 0.0065388473947751401 0.0034826780763719668 -0.021381508076700678 -0.0060585655317281356 -0.0050863512801833308 0.015653416111229106 -0.0084467970777309422 -0.0015547678078088401 -0.010665789906570146 0.012505663522475438 0.013627307988135688 0.012424282158304014 -0.022825200862734429 0.0040429559845432403 -0.013434287925491157 -0.0034377753404288367 0.0081544007582885596 -0.01191288826860637 0.0070148003604564762 -0.017893056002957586 0.019869776065432852 -0.0052360706044689842 0.0086369411330012996 -0.0083245494670972347 0.0065861745446661318 0.020671781544282952 0.040781640169984396 0.0089027372675076245 -0.0040557597608394244 -0.01070895734396957 0.025030453796653085
leaf_weight=48289.238965690136 39781.460243307054 30037.520002231002 1298661.0030830353 50593.863388568163 123623.42767950892 185809.76779702306 1111360.2890309468 646629.7386341244 28711.948716521263 20129.689406976104 315983.31189130992 180322.49123832583 21566.981795340776 507044.45086455345 215026.00036901236 241462.19469193369 395613.46823684126 441481.46533235908 58344.879598990083 113118.27844181657 295557.13070051372 93039.664047524333 59848.827158242464 311601.68760493398 30611.616304427385 7582.5203658640385 1656250.4988519996 341940.69297686964 261926.13218303025 146723.45198565722 143019.74007692188 1018000.6651212424 32097.722036242485 14140.571310356259 495649.69120957702 146933.47236865014 110883.36872750521 38808.329212799668 37712.47633561492 18254.905291840434 204687.95347166061 290015.44340436906 234771.46921090037 17651.0377805233
leaf_count=221107 189008 90680 3605639 227904 289972 493826 4430061 1698077 111409 49466 1753339 443465 58730 1280035 637302 1261980 1403788 1439639 145822 292428 811608 265582 165432 744826 105192 19222 3794323 1533228 982051 454981 714464 2644289 107370 32053 1701880 440842 312612 103658 87046 36244 465826 966598 1261123 44523
internal_value=-0.000113135 0.00185129 3.53435e-06 -0.00624806 0.00557419 0.000144575 -0.00489978 0.00221636 -0.00966112 0.00925355 -0.0121844 0.00313645 -0.00442127 0.00713419 -0.00273161 -0.0185328 -0.00957886 -0.00383384 0.00236432 0.0021116 0.00384079 -0.00128314 -0.000465109 0.00887953 0.00767632 0.0156218 0.00251579 -0.0118203 -0.00316182 0.000724334 -0.00558227 0.00672719 -0.00309362 -0.000576539 -0.00123577 -0.00251637 0.00202815 -0.00445887 0.00861057 0.00748263 0.011513 -0.00665076 -0.0086685 0.00732185
internal_weight=1.20813e+07 9.15108e+06 6.11571e+06 2.93022e+06 3.03537e+06 677458 1.90173e+06 4.21398e+06 1.48697e+06 205939 1.00365e+06 3.56735e+06 483314 2.35791e+06 1.44325e+06 292056 711597 471519 3.12637e+06 3.06803e+06 816742 1.16019e+06 1.06715e+06 1.54117e+06 1.22957e+06 131206 2.95491e+06 381722 1.52001e+06 408650 461747 1.09836e+06 62709.3 309698 1.0073e+06 792275 296625 149692 440978 403265 222943 433035 283061 1.03565e+06
internal_count=37918650 26310900 18158199 11607750 8152701 2073611 7589329 10568870 6498212 543292 4647011 8870793 1851201 6079090 5109538 1489884 3157127 1530319 7838212 7692390 2123696 3627308 3361726 3955394 3210568 309194 7399962 1722236 5867093 1437032 1792471 2901374 212562 843661 3196294 2558992 857112 416270 1032581 945535 502070 1681062 1482230 2688812
is_linear=0
shrinkage=0.05


Tree=81
num_leaves=45
num_cat=0
split_feature=2 2 1 2 1 0 1 0 0 4 3 0 4 2 0 3 0 1 2 4 4 4 0 3 4 0 3 4 3 3 1 4 1 3 3 3 0 0 0 4 0 4 3 4
split_gain=84785.9 18613.2 11148.7 8168.04 4091.39 4084.56 3925.06 3218.73 2731.1 3156.58 2400.1 2222.36 2169.58 1767.06 1613.42 1600 1585.22 1566.72 1456.17 1268.81 1257.52 1147.83 1731.62 1053.62 1050.38 2003.42 1001.3 1078.55 990.831 983.723 997.903 991.998 983.664 977.976 942.209 1217.01 1106.8 920.499 899.046 1145.37 883.139 1025.4 853.113 840.177
threshold=4.5000000000000009 2.5000000000000004 -0.80891915365350464 6.5000000000000009 0.47375768738725649 0.81773537194966905 0.23931566428755774 0.48662714534649493 -0.58743244627487456 -5.565288809378564 -3.1845268707625105 1.0000000180025095e-35 -8.1825277551116589 5.5000000000000009 0.48662714534649493 -3.0130825307625559 0.48662714534649493 0.12053668025532312 6.5000000000000009 -10.929287396660539 8.1202913516313036 -7.1348371782435747 -0.56335575626740397 8.4045606075079089 8.951559536320163 -0.2393156642875576 -0.34773159257752789 -12.11721159855103 -4.1883309324519908 9.5877804135133946 0.93621795190976798 0.45656581786073153 0.57552211292281397 5.0777000110674146 -1.5002822295041935 6.2094194758468335 0.46472317204376884 -0.32012920303568732 -0.82298386589365657 -4.1486759917289886 -0.79450537036186197 -1.4861760645474715 0.19892162832061369 -25.59589182109082
decision_type=2 2 2 2 2 2 2 2 2 2 2 2 2 2 2 2 2 2 2 2 2 2 2 2 2 2 2 2 2 2 2 2 2 2 2 2 2 2 2 2 2 2 2 2
left_child=1 4 11 8 5 10 7 12 9 33 37 23 -3 -10 26 -5 29 34 28 -12 -7 -17 -23 -2 -21 -26 -6 -28 -13 30 -8 -31 -11 -4 -14 -36 -37 -1 39 -29 41 -34 -22 -32
right_child=2 6 3 15 14 20 16 -9 13 32 19 18 17 -15 -16 21 -18 -19 -20 24 42 22 -24 -25 25 -27 27 38 -30 31 43 -33 40 -35 35 36 -38 -39 -40 -41 -42 -43 -44 -45
leaf_value=0.0079716096490674137 0.0030364671196668244 -0.00096180204370903313 -0.0042011634579364725 -0.011139288733006554 0.0067602367233333604 0.0068514718438475054 0.0020392295603312797 0.00016076219938278123 -0.0039062512009862575 0.0016668938819166647 0.00097648247774567525 -0.0068348279782156204 0.0025224650445960011 -0.0069558402311041259 0.0010038598577088696 -0.011115162453204208 -0.0029396693408808628 0.015038185253990911 -0.0058876145488592439 0.012486928906554484 -0.0033217943361427103 -0.0030305004819084105 -0.0083468373980058585 -0.0085863834602770989 -0.0023377042568069519 0.01040142662243479 -0.0028820873919357458 0.0031639929276939295 0.00079472611310793789 -0.0092404602564517321 -0.011056591528619914 0.00052720631705351485 -0.0037890827234573123 -0.013029354883073531 0.0071850019318011257 0.00078634891330479602 0.018757361562677512 0.0028438285441480609 0.0038364899269646481 0.023533957653709931 -0.001755806264310077 -0.032740370110990971 0.0035839548383515881 -0.00057015726405542017
leaf_weight=264841.66657032073 449610.4972576648 157885.97206389904 515429.14971277118 517423.1351152584 510883.73731030524 321948.74382123351 682943.55181778967 711245.40353576839 956176.48739171028 407649.21568064392 30763.649989053607 49758.925910845399 279508.64743585885 943969.08896668255 294192.34989377856 191414.36748269945 494105.78186970949 40105.671352833509 177438.04105253518 593289.25421966612 53690.73901091516 217912.48629262298 515522.91243104637 20382.412503913045 35536.367521524429 234661.29387114942 56955.282865613699 14047.59118001163 293892.99277257919 50545.853171892464 20091.320917129517 53513.877366453409 6394.7532351464033 33403.817097194493 492170.91084632277 133485.14561067522 9155.3712505251169 130715.68635191023 392365.21941325068 13564.400385379791 30647.506824061275 5862.14230042696 267738.12400266528 387496.71172186732
leaf_count=917062 1376639 475775 1558000 1564239 1674068 1040540 2105693 2148300 2899050 1251037 101987 146512 866145 2899050 900900 585861 1486100 139732 515900 2301829 157045 663941 1594209 55561 110503 864231 173740 45341 885288 151007 55125 165732 21021 99551 1635512 407528 32708 420638 1244020 50631 96736 15155 850615 1168393
internal_value=-3.69927e-05 0.00369558 -0.00474564 -0.00583788 0.00644439 0.00789687 0.00117925 0.00278774 -0.00430837 -0.00219244 0.00952009 3.93511e-05 0.0044675 -0.00542125 0.00425414 -0.00891281 -0.000557684 0.00536565 -0.00220925 0.0109546 0.00464274 -0.00766716 -0.00676729 0.00253241 0.0113101 0.00872598 0.00522215 0.00357456 -0.000309992 0.000427551 0.000870771 -0.00421733 0.000908966 -0.00473848 0.00494137 0.00600642 0.00193982 0.00627709 0.00445018 0.0131707 -0.00629236 -0.0176357 0.00243043 -0.00108707
internal_weight=1.20603e+07 6.72745e+06 5.33289e+06 4.34181e+06 3.21519e+06 1.93319e+06 3.51225e+06 1.82356e+06 2.89953e+06 999387 1.28981e+06 991083 1.11231e+06 1.90015e+06 1.28201e+06 1.44227e+06 1.6887e+06 954426 521090 894251 643378 924850 733435 469993 863487 270198 987816 476932 343652 1.19459e+06 1.09053e+06 104060 450554 548833 914320 634811 142641 395557 419977 27612 42904.4 12256.9 321429 407588
internal_count=37918650 21690900 16227750 13247850 10853150 6764450 10837750 5705700 8839600 3041500 4716250 2979900 3557400 5798100 4088700 4408250 5132050 3081625 1547700 3378550 2048200 2844011 2258150 1432200 3276563 974734 3187800 1513732 1031800 3645950 3329211 316739 1383949 1657551 2941893 2075748 440236 1337700 1339992 95972 132912 36176 1007660 1223518
is_linear=0
shrinkage=0.05


Tree=82
num_leaves=45
num_cat=0
split_feature=3 2 0 0 1 1 3 2 0 0 3 0 0 0 1 1 3 4 0 1 1 0 4 0 1 0 3 3 4 1 0 3 4 0 4 0 1 3 0 4 0 1 0 1
split_gain=20166.3 20740.8 11319.2 11713.2 9371.14 7220.6 5795.35 5759.58 5589.22 9590.79 4635.94 5244.66 4512.21 4181.83 4097.25 13468.4 4081.83 3863.42 3580.88 3563.44 4383.02 3339.15 3229.79 3239.61 3181.54 2963.7 2820.51 2767.75 2698.65 2679.52 2981.17 2552.18 2468.46 2400.44 3267.59 3884.85 2569.76 2381.94 6813.72 2246.08 3232.01 2304.37 2867.27 2686.12
threshold=-7.9994374789460272 3.5000000000000004 -0.2393156642875576 -0.2058881604517783 -0.2393156642875576 -0.73300900260771595 4.3130352583626825 5.5000000000000009 0.58743244627487468 0.65797238821565851 4.3966899613317922 0.94117129826980317 0.97474915486277813 -0.56335575626740397 0.95418073928008662 0.93621795190976798 2.7480174956991594 -11.324912368720002 -0.79450537036186197 0.23931566428755774 0.82619477567192912 -0.35460488704253573 19.938981218868943 -0.97474915486277791 0.97148236575323155 0.37886415816525426 -21.804925576132185 -17.129417798973215 -27.893100538038954 0.99649054800675863 1.0000000180025095e-35 -20.187501122676377 16.846153360096448 0.088756899407539988 -7.5692134568637988 0.67983684365189634 0.97148236575323155 5.1650662231069484 0.37886415816525426 4.4358424663966547 -0.66312265824079508 -0.98846972602282535 0.088756899407539988 -0.88545602565320969
decision_type=2 2 2 2 2 2 2 2 2 2 2 2 2 2 2 2 2 2 2 2 2 2 2 2 2 2 2 2 2 2 2 2 2 2 2 2 2 2 2 2 2 2 2 2
left_child=2 5 14 -4 10 37 13 16 17 -10 11 39 32 -7 15 21 -6 27 -18 22 -21 31 23 -8 -19 -22 -11 -5 -16 -20 -31 -1 33 -9 35 36 -35 -2 -39 -3 -41 42 -42 -43
right_child=1 4 3 8 7 6 19 12 9 26 -12 -13 -14 -15 28 -17 18 24 29 20 25 -23 -24 -25 -26 -27 -28 -29 -30 30 -32 -33 -34 34 -36 -37 -38 38 -40 40 41 43 -44 -45
leaf_value=0.0091631387150726881 -0.0013744839326383356 -0.00027980459118391972 0.032578340848682434 0.013370405864501817 -0.00091083857767923569 -0.0070065452200363688 -0.018467998440879197 -0.0010985688844227643 0.031776928414675408 0.022250182730279483 0.0061779929365308904 0.022753748547728898 0.0069846109659454482 -0.0017563641374718304 0.021927225745443236 0.032180657634937604 -0.013851651664952653 0.00089826438932541833 -0.0050371850416200299 -0.015235329069183899 -0.0085539304696998029 -0.03181330925414138 -0.015640304633236436 -0.00069948099568560595 -0.01389867583608078 0.0067027359676929028 0.0073062167084706371 0.0031491931194173872 -0.019271029084376338 0.038926797561776846 0.0019662476893933154 -0.00078721784019891109 -0.0097985069605681548 0.0023751153702518749 0.0010705687918031214 0.03564173338726688 0.018611173126472456 0.011266623158473939 -0.0094702382115014801 -0.017524760297525654 0.0042866105885054212 -0.0014898249674886543 0.018243088083090022 0.0046480389123892043
leaf_weight=70616.542143881321 573675.53796046972 988519.67607790232 45447.412262067199 94058.797218203545 1085888.0524570346 582936.55042207986 28506.291710726917 1085628.2168905884 45830.976106196642 33326.52317070961 821080.46114191413 29156.189707696438 272364.91282296181 1085614.4189782292 4442.7677879929543 33340.20845644176 115055.04441982508 146663.49917548895 570767.57546575367 295676.08949372172 196110.99482873827 8289.6630891561508 55730.98477075994 256246.80423825979 48287.856601163745 37999.051781877875 600603.56061448157 223863.20306031406 37746.493214398623 6844.18394549191 26892.38942296803 737090.31629008055 60846.925294391811 88654.945627734065 665783.45398312062 12946.052924707532 33610.275765702128 133033.42408719659 56410.164718016982 18578.588158279657 112429.38638584316 283184.73553583026 54708.022816970944 481042.95866605639
leaf_count=183742 2477442 2898143 100146 217531 3135608 2732919 170063 2816728 90273 72503 2185357 63097 601183 3956452 9608 75604 423404 407170 1722217 1310382 798600 27817 227449 1046978 135203 135294 1466101 586265 110607 16199 78814 2248978 165950 198959 1614030 25417 79209 512786 248688 62355 323979 810239 143435 1205726
internal_value=0.000149367 -0.000781615 0.00457166 0.00766494 0.000794414 -0.00403396 -0.00531585 -0.000748951 0.00671558 0.00968874 0.00302215 0.00170522 0.000956736 -0.0035906 0.000275943 0.0010314 -0.00284613 0.00277495 -0.00576668 -0.00862363 -0.0111886 -0.000241304 -0.00463265 -0.00247827 -0.00276682 -0.00607758 0.00809184 0.00617319 -0.0149326 -0.00422787 0.00946448 8.27262e-05 0.000113703 0.000433389 0.00250973 0.00959618 0.00683835 0.000230779 0.00509186 0.00138863 0.00312483 0.00353674 0.0088549 0.00237365
internal_weight=1.22455e+07 1.01159e+07 2.12961e+06 1.23808e+06 6.81398e+06 3.30194e+06 2.53882e+06 4.02528e+06 1.19263e+06 679761 2.7887e+06 1.96762e+06 2.21983e+06 1.66855e+06 891526 849337 1.80545e+06 512873 719559 870270 529786 815997 340484 284753 194951 234110 633930 317922 42189.3 604504 33736.6 807707 1.94747e+06 1.88662e+06 800995 135211 122265 763119 189444 1.93846e+06 949944 931365 167137 764228
internal_count=37918650 32187102 5731548 3075192 18570049 13617053 10378137 10877718 2975046 1628877 7692331 5506974 5501476 6689371 2656356 2536141 5376242 1346169 2240634 3688766 2244276 2460537 1444490 1217041 542373 933894 1538604 803796 120215 1817230 95013 2432720 4900293 4734343 1917615 303585 278168 3238916 761474 5443877 2545734 2483379 467414 2015965
is_linear=0
shrinkage=0.05


Tree=83
num_leaves=45
num_cat=0
split_feature=1 3 2 3 3 2 1 0 2 1 4 4 0 4 0 3 0 3 4 1 1 4 1 1 1 1 0 4 4 2 2 1 0 0 0 0 4 1 1 0 0 0 0 3
split_gain=53137.7 23385 15731.8 13286.2 11848.2 10817.5 8117.1 6680.45 6273.99 6036.86 5189.93 5165.07 5008.45 4799.99 6756.4 5646.1 4681.64 4372.81 4249.97 4191.58 5267.61 4058.84 3662.82 3371.54 9505.58 3952.18 3241.07 3227.25 3132.73 3077.89 3070.35 2733.47 2731.93 2628.5 3590.62 2454.55 3128.68 3227.77 6099.41 3566.13 3355.51 2438.19 2549.65 2434.77
threshold=-0.46472317204376873 -6.2430255561068355 2.5000000000000004 1.7845166241521719 7.5676226976124612 3.5000000000000004 -0.73300900260771595 -0.12053668025532321 4.5000000000000009 0.47375768738725649 3.1197391685492737 26.046987670433641 0.93085292505862427 -4.1486759917289886 -0.32012920303568732 19.255578152819776 -0.96778869966720515 -17.932038940727381 17.206697600294646 0.25145141517831299 0.75301099516636072 -2.0771862580665323 0.99284498505578556 0.57552211292281397 0.62305106867763382 0.74851074817110097 0.97474915486277813 3.9486187187886661 2.3090826435652478 4.5000000000000009 4.5000000000000009 -0.2393156642875576 0.89412692780947678 0.76251730544457197 0.67983684365189634 0.88059548392442355 -3.9037228878110137 0.57552211292281397 0.62305106867763382 -0.99087453071010889 -0.94117129826980295 0.35460488704253579 0.76251730544457197 -1.7302547552419723
decision_type=2 2 2 2 2 2 2 2 2 2 2 2 2 2 2 2 2 2 2 2 2 2 2 2 2 2 2 2 2 2 2 2 2 2 2 2 2 2 2 2 2 2 2 2
left_child=3 2 -2 8 5 9 7 28 21 -3 43 -8 27 14 -6 18 -4 -18 19 -15 23 -1 -12 -21 -25 -26 -17 35 -5 -19 -9 -14 -20 34 -10 36 -7 39 -39 -38 -41 -23 -43 -11
right_child=1 4 16 6 13 12 11 30 33 10 22 -13 31 15 -16 26 17 29 32 20 -22 41 -24 24 25 -27 -28 -29 -30 -31 -32 -33 -34 -35 -36 -37 37 38 -40 40 -42 42 -44 -45
leaf_value=-0.00037803823289195878 -0.011900681835080463 -0.0045428514068391801 0.0066068474149588927 -0.0056786090099256187 0.019627497133167911 0.0046863999855492819 -0.0053679162900846997 -0.014184507980331855 -0.00036703268173213059 -0.0042857029128745673 0.010304491848011597 0.024826906175041019 -0.0086706219637076639 -0.001922540712259224 0.0010468274532024692 0.020261690631562898 -0.010066273497797108 -0.0042321209543013895 0.0028618813364933199 0.0050135289848496599 0.0013887110026283992 -0.01150409627891897 -0.021296770594703442 0.035886016747950583 -0.0022530453710876207 0.017957973888713948 -0.0063888400050281461 0.008307516114150898 -0.022852863128415824 0.00085035443785005504 -0.0068416710978889284 0.00085099888745886936 0.013308097173124518 -0.0097193120920470374 0.013986855901309875 0.014297212632842355 0.0045073626198615995 0.03048023176407921 0.0023160803634434761 -0.01499706434165444 -0.0019037461704541074 -0.0026198582961569684 -0.014503910989071096 0.0014914521529729311
leaf_weight=206675.59767307341 394928.92738781869 757281.77061058581 189055.25389233232 30936.566920280457 154560.99505709112 1798053.1755449772 390104.5547990799 258854.03765693307 802332.41238920391 268957.52282641828 183517.79696664214 14696.442475780845 87034.032158076763 278552.28113584965 71584.912780404091 92140.288443490863 142778.80450762063 448936.8053850159 90345.001906722784 134978.53803575039 350045.19507099688 317192.39469236881 9651.7751710265875 42280.026716291904 50266.294709652662 46622.883841812611 13020.278674557805 452060.39616931975 187377.61443839967 885295.73547451198 316349.8719695732 562714.47871558368 203715.43516075611 69239.255584016442 46069.904671922326 53933.625370115042 104690.88085950911 20021.842537209392 482176.60013584793 78139.220886096358 130914.7681234926 218559.63059666008 56878.115925267339 566540.46495682001
leaf_count=835971 1926481 3101260 516782 148735 356890 4335400 1508912 1455409 2396169 1015082 529665 39075 243045 825662 177705 214143 417878 1481679 229875 364104 921208 1644032 30752 89586 132546 111541 33074 1061627 1005206 2156027 1146720 1407154 500966 184399 119735 137487 298615 44548 1154368 260324 371519 903123 220264 1863907
internal_value=-0.00011467 0.00175924 -0.00292832 -0.00599287 0.00312306 0.00205062 -0.0100333 -0.0129724 -0.00317293 -0.0011548 0.0013394 -0.00427168 0.00356923 0.00702206 0.0137459 0.00585416 -0.000801487 -0.00174974 0.00487814 0.0031776 0.00545359 -0.00641143 0.00872553 0.0106438 0.0161046 0.00747246 0.016962 0.00440092 -0.0204192 -0.000859775 -0.0101461 -0.000424425 0.0100987 -0.000352062 0.000412412 0.00373897 0.00352113 0.00095328 0.00343894 -0.00302541 -0.00679771 -0.00851553 -0.00507392 -0.000368288
internal_weight=1.20601e+07 9.1448e+06 2.061e+06 2.91527e+06 7.0838e+06 5.55569e+06 1.19832e+06 793518 1.71695e+06 1.78595e+06 1.02867e+06 404801 3.76974e+06 1.52811e+06 226146 1.30197e+06 1.66607e+06 1.47701e+06 1.19681e+06 902745 624193 799306 193170 274148 139169 96889.2 105161 3.11999e+06 218314 1.33423e+06 575204 649749 294060 917642 848402 2.66793e+06 2.614e+06 815943 502198 313745 209054 592630 275438 835498
internal_count=37918650 26310900 6498847 11607750 19812053 15854753 5304057 3756070 6303693 6540666 3439406 1547987 9314087 3957300 534595 3422705 4572366 4055584 3175488 2444647 1618985 3603390 560417 697777 333673 244087 247217 7663888 1153941 3637706 2602129 1650199 730841 2700303 2515904 6602261 6464774 2129374 1198916 930458 631843 2767419 1123387 2878989
is_linear=0
shrinkage=0.05


Tree=84
num_leaves=45
num_cat=0
split_feature=2 2 1 2 3 0 4 1 1 4 0 0 4 4 3 2 4 4 3 1 2 0 2 1 1 3 1 3 3 4 0 0 4 4 4 3 0 3 3 0 0 0 1 3
split_gain=77313.2 17056.1 10278.4 6387.96 3746.13 3693.73 4181.68 3487.78 3392.2 3377.35 2900.19 2033.35 1976.67 1950.08 1892.1 1650.91 1636.83 1623.71 1614.85 1467.54 1439.3 1431.78 1338.2 1283.09 1075.51 1009.18 966.146 952.234 918.106 1399.48 1141.92 913.167 870.847 866.725 855.816 1011.74 958.602 854.361 1134.78 1008.15 845.261 1065.83 822.441 814.371
threshold=4.5000000000000009 2.5000000000000004 -0.33743737045268668 5.5000000000000009 -1.1264310787250549 -0.4298763333408428 -3.6523558457140619 0.23931566428755774 -0.59907629515643335 10.136887402141918 0.48662714534649493 -0.94117129826980295 3.9486187187886661 -7.8766203409222824 4.9868964767106343 6.5000000000000009 -6.4105978126149834 7.0442677460641265 -1.5752794968868604 0.12053668025532312 5.5000000000000009 0.48662714534649493 6.5000000000000009 0.57552211292281397 0.25145141517831299 13.004643051379945 -0.80891915365350464 -8.3080036836704654 4.2382278149346257 -10.206039406563901 -0.93085292505862405 0.48662714534649493 -8.5027094594762698 -4.5164041021446719 8.1202913516313036 1.1147507171781934 0.83428993469774138 -1.1264310787250549 6.2094194758468335 0.46472317204376884 -0.32012920303568732 -0.35460488704253573 -0.88545602565320969 5.5246501439792519
decision_type=2 2 2 2 2 2 2 2 2 2 2 2 2 2 2 2 2 2 2 2 2 2 2 2 2 2 2 2 2 2 2 2 2 2 2 2 2 2 2 2 2 2 2 2
left_child=1 5 4 31 12 6 14 10 18 20 13 16 27 -3 -1 -13 -5 23 -7 37 -6 28 -11 -8 -18 34 -14 -2 30 -30 -9 33 -16 43 36 -36 -10 40 -39 -40 41 -15 -22 -4
right_child=2 7 3 11 9 8 17 21 25 22 -12 15 26 19 32 -17 24 -19 -20 -21 42 -23 -24 -25 -26 -27 -28 -29 29 -31 -32 -33 -34 -35 35 -37 -38 38 39 -41 -42 -43 -44 -45
leaf_value=0.0070671603377640948 -0.0075648099423445804 -0.00077321214388555149 -0.0026724866876852733 -0.007396830655752311 0.0051192755988435914 0.0043270609215796084 0.015153537102286674 0.0085344907759240616 0.0037955682764398177 -0.0014269716026845019 0.0001380332019568029 -0.0069175275092884046 -0.0059854764478284609 0.0036960071677414521 -0.0082314129352442679 -0.0098595232559706703 -0.00089347970912419684 0.0036035298391916288 0.0098918208388289932 0.014581366482818783 0.002909847897191046 -0.002788777691676752 -0.0068357026234294018 0.0069217367786899358 0.036190418942628241 -0.00075180348782416615 -0.012933712630662661 -0.0016289254334999346 -0.011319894145931637 -0.0007307818080902578 0.00078134414374351243 -0.0051140649273254983 0.0031486063706365553 0.00049013459407710612 -0.0031114808931969207 0.003345687282445452 0.0071225942656288066 0.0069575350247368679 0.00075920992972308395 0.017894461085530926 -0.0004877901667745693 0.018505304725567686 -0.0010816456037745909 -0.010073017442818232
leaf_weight=638392.21013791859 84564.992510296404 165997.18090166152 488810.78690710664 182377.90646101534 247860.2686176002 191394.69027477503 290102.81200897694 50326.18845833838 736604.99306309223 338418.6453332305 711231.03635393083 956873.56465888023 124380.96280397475 152942.69983482361 29080.839613199234 950536.61272363365 154264.12381854653 43898.708311453462 408889.93026813865 39141.199168846011 215014.18510682881 493059.29189372063 172727.41945250332 56568.312760785222 1980.2614595293999 118584.54633930326 83695.688049055636 336062.23788204789 35360.816842295229 265325.17159581184 843317.58569262922 391734.01493117213 39844.338824793696 221485.2958368957 77714.514478236437 276477.2378128469 306628.81607408822 467128.34621369839 133421.54754422605 9174.1498692184687 131965.30656974018 13197.942124173045 322810.41198040545 40233.518981680274
leaf_count=2192455 250857 501123 1485401 548706 774005 637649 1161703 164583 2318640 1006152 2148300 2968350 363178 481002 86065 2964500 474963 147102 1529901 136354 657406 1486100 501205 185992 8131 368662 240718 1014934 103305 814493 2563569 1189650 130583 692499 228564 872539 993295 1554054 407287 32708 397991 46881 966545 120550
internal_value=-3.60757e-05 0.00352535 -0.00454381 -0.00620153 -0.00162676 0.00615716 0.00851046 0.00111643 0.00493632 -9.11992e-05 0.00263196 -0.00774976 -0.00479417 0.00422567 0.00621743 -0.00838364 -0.00417924 0.0126631 0.00811755 0.00510194 0.00196689 -0.000521977 -0.0032547 0.0138103 -0.000423474 0.00367667 -0.0087803 -0.00282231 0.000413834 -0.00197607 0.00121797 -0.00315725 -0.00165284 -0.0021359 0.00405247 0.0019289 0.00477345 0.00469324 0.00576576 0.00186164 0.00249957 0.00487243 0.000514093 -0.00323529
internal_weight=1.20396e+07 6.72577e+06 5.31383e+06 3.3883e+06 1.92553e+06 3.21418e+06 1.09789e+06 3.51159e+06 2.11629e+06 1.29683e+06 1.8242e+06 2.24603e+06 628704 1.11297e+06 707317 1.90741e+06 338622 390570 600285 946971 785685 1.68739e+06 511146 346671 156244 1.51601e+06 208077 420627 1.19433e+06 300686 893644 1.14226e+06 68925.2 750530 1.39743e+06 354192 1.04323e+06 907830 609724 142596 298106 166141 537825 529044
internal_count=37918650 21690900 16227750 10452750 5775000 10853150 3903900 10837750 6949250 3905313 5705700 6964650 1869687 3557400 2409103 5932850 1031800 1494797 2167550 3056277 2397956 5132050 1507357 1347695 483094 4781700 603896 1265791 3645950 917798 2728152 3488100 216648 2298450 4413038 1101103 3311935 2919923 1994049 439995 925874 527883 1623951 1605951
is_linear=0
shrinkage=0.05


Tree=85
num_leaves=45
num_cat=0
split_feature=3 2 1 3 4 0 0 2 1 3 1 1 0 3 0 0 3 3 4 0 0 0 0 0 1 1 4 1 1 0 3 0 0 3 0 0 4 0 3 3 0 0 4 3
split_gain=18453.5 18877.6 10959.3 14725.1 7063.27 4962.49 4873.34 4140.74 4219.82 4003.94 3996.44 5896.77 3611.37 3458.8 5778.79 3360.34 3219.92 3201.52 3018.14 3596.76 2964.67 4572.11 4758.93 3683.39 2698.55 2684.5 2639.86 3328.49 2653.34 3541.45 2457.03 2475.85 2361.25 2339.38 2213.97 3309.57 4317.57 2204.69 2876.44 2306.27 2204.44 3649.26 2200.06 2573.76
threshold=-13.969481366817602 5.5000000000000009 -0.55094406234797322 0.58435031030321138 9.6746708834979085 -0.93085292505862405 0.088756899407539988 2.5000000000000004 0.99649054800675863 -24.51843460078786 -0.59907629515643335 -0.66312265824079497 -0.56335575626740397 4.4751029713201484 0.37886415816525426 0.58743244627487468 -5.3339208454867366 -5.004943894827977 7.1737656324947929 -0.2393156642875576 0.99087453071010911 0.93085292505862427 0.83428993469774138 0.81773537194966905 1.0000000180025095e-35 -0.96367140085128711 -8.3412114006233526 0.74851074817110097 0.36521623457838687 0.5633557562674042 8.8762162215162679 -0.32012920303568732 0.088756899407539988 -3.5327065382870653 0.20588816045177846 0.088756899407539988 -22.525683794610739 1.0000000180025095e-35 11.391058577170126 17.700182401887425 0.65797238821565851 0.58743244627487468 2.0643835749059822 -1.2007271307681469
decision_type=2 2 2 2 2 2 2 2 2 2 2 2 2 2 2 2 2 2 2 2 2 2 2 2 2 2 2 2 2 2 2 2 2 2 2 2 2 2 2 2 2 2 2 2
left_child=5 2 10 4 12 24 -3 -5 30 -7 11 13 -4 32 18 -16 -13 20 -15 -20 21 22 23 -14 -1 -8 27 -27 29 -28 -9 -32 -2 -6 35 -11 -37 38 -10 -39 41 -31 -12 -44
right_child=1 6 3 7 33 9 25 8 37 34 42 16 17 14 15 -17 -18 -19 19 -21 -22 -23 -24 -25 -26 26 28 -29 -30 40 31 -33 -34 -35 -36 36 -38 39 -40 -41 -42 -43 43 -45
leaf_value=0.0080449556352306835 -0.0025001379945285601 0.00056799425417262603 -0.0036514312457258239 -0.0090643416716892338 0.018960779471606584 0.021252989023185714 0.010300505042997477 -0.0039028973400000704 0.015037325130440028 0.0071285795928642468 -0.00035895447424210829 0.013133723435193652 0.0020157398529776732 -0.0010902675144849206 -0.0099688616374772245 0.0032221790806263861 -0.018039913103845808 -0.0021669851403718445 0.020653491071404045 0.0073864375680235891 -0.0064924427314040772 0.011101427561623816 -0.009981683141827763 0.020288885619194667 -0.012298016243642509 0.027247178987401338 -0.0022543358226452676 0.0066941542541688803 0.00020354872005266551 0.006275285866800419 -0.015900301151778155 -0.0063376111506339254 0.001700282349467417 0.0053053214181562518 0.01119914319578443 0.022391087662461822 -0.017365145269162652 0.0077852397774350367 0.075213789116126764 -0.028497128417149714 0.0046305696605924342 0.028031223959117155 0.025960943154541456 0.0081396678828966462
leaf_weight=26119.585465446115 655882.2738674432 2028089.4333291352 997145.74627204984 770410.96276985109 51054.131230354309 64275.669825479388 155531.98737707734 1112810.6739729047 9003.179590344429 242941.13674722612 58167.711993634701 9595.5513659417629 574502.03968951106 64605.735845342278 82657.420920833945 116083.83843287826 60576.208355993032 809791.53807003796 70166.328019395471 187866.42261666059 89709.533975496888 146212.0969350636 81466.108080804348 28968.427879631519 43371.395616695285 22482.167228117585 179821.36194834113 159101.35007354617 604862.2257834971 65245.048713594675 88237.467225238681 290622.27624511719 682977.31067983806 81321.715215742588 284347.2262494117 8790.6648971438408 30606.054192051291 40128.711660176516 2547.7936179190874 4916.4584426283836 976956.94132861495 27356.455767929554 24404.454348266125 119286.2933318764
leaf_count=80249 2563075 5320553 3706318 3544722 124092 139167 368308 3697545 23558 640109 218382 24753 1711569 256598 327228 382643 241585 2643805 196102 651144 271952 389382 237528 71901 152586 44258 468458 353962 1482990 153681 329779 948855 2324414 229042 661380 20791 84200 125864 5648 14410 2192670 53511 63522 376361
internal_value=0.000149922 -0.000328754 -0.00186568 -0.00310783 -0.000707303 0.00802971 0.00233431 -0.00606897 -0.00457849 0.00942638 0.00115125 0.000451273 -0.00125467 0.000987995 0.00444292 -0.00226404 -0.0137771 0.000126275 0.00857432 0.0109941 0.00214294 0.00307499 0.00136161 0.00289291 -0.0046517 0.00396903 0.00348532 0.00923886 0.00292188 0.00423791 -0.00508694 -0.00856479 -0.000357425 0.0105719 0.00808496 0.00494861 -0.00849426 0.0088225 0.0283104 0.0038252 0.00532943 0.0127025 0.00784527 0.0111664
internal_weight=1.2231e+07 1.15306e+07 7.31112e+06 5.17885e+06 2.86017e+06 700452 4.21945e+06 2.31868e+06 1.54827e+06 630961 2.13227e+06 1.93041e+06 2.7278e+06 1.86024e+06 521380 198741 70171.8 1.73065e+06 322638 258033 920858 831149 684937 603470 69491 2.19136e+06 2.03583e+06 181584 1.85424e+06 1.24938e+06 1.49167e+06 378860 1.33886e+06 132376 566685 282338 39396.7 56596.1 11551 45045.2 1.06956e+06 92601.5 201858 143691
internal_count=37918650 36140168 25701777 18075970 9385589 1778482 10438391 8690381 5145659 1545647 7625807 6967542 9032455 6701204 1813715 709871 266338 5326137 1103844 847246 2682332 2410380 2020998 1783470 232835 5117838 4749530 398220 4351310 2868320 4976179 1278634 4887489 353134 1406480 745100 104991 169480 29206 140274 2399862 207192 658265 439883
is_linear=0
shrinkage=0.05


Tree=86
num_leaves=45
num_cat=0
split_feature=1 3 2 3 3 2 1 0 1 2 0 4 4 4 0 3 4 1 0 0 4 1 1 1 0 0 4 0 0 0 2 0 0 4 2 4 4 0 4 1 0 1 1 1
split_gain=48485.9 21322.7 16081.6 12416.3 10128.1 8424.56 7631.45 6438.77 6093 5794.05 5178.89 4785.93 4289.11 4164.32 6160.96 5211.06 4131.94 4115.53 5136.16 3919.51 3813.59 3724.04 5014.5 3515.54 3336.58 4588.52 4240.51 4417.09 3248.03 3838.48 3132.76 3099.82 3047.31 3037.51 2914.91 2678.96 2637.3 2571.13 2564.3 4416.86 2548.32 2532.21 8866.1 3379.38
threshold=-0.46472317204376873 -5.1115605456584587 2.5000000000000004 1.7845166241521719 7.9721025807415069 3.5000000000000004 -0.73300900260771595 -0.12053668025532321 0.47375768738725649 5.5000000000000009 0.93085292505862427 26.046987670433641 3.5863808503381454 -3.7760545893711561 -0.32012920303568732 19.255578152819776 -1.8398173844038366 0.12053668025532312 0.88059548392442355 0.93085292505862427 16.846153360096448 0.30909602655580187 0.75301099516636072 0.99284498505578556 -0.86066547284873141 -0.79450537036186197 -5.4324104112298235 -0.99087453071010889 0.35460488704253579 0.76251730544457197 4.5000000000000009 0.81773537194966905 0.97474915486277813 2.7730993688227916 3.5000000000000004 -1.8398173844038366 -10.378705173561888 0.89412692780947678 11.472899685985576 0.30909602655580187 0.89412692780947678 0.57552211292281397 0.62305106867763382 0.74851074817110097
decision_type=2 2 2 2 2 2 2 2 2 2 2 2 2 2 2 2 2 2 2 2 2 2 2 2 2 2 2 2 2 2 2 2 2 2 2 2 2 2 2 2 2 2 2 2
left_child=3 2 -2 9 5 8 7 33 -3 16 17 -8 -10 14 -6 20 -1 36 30 24 21 -15 41 -14 26 -26 -7 -28 -18 -30 -19 35 -17 -5 -9 -32 -4 -27 -21 -40 -22 -23 -43 -44
right_child=1 4 10 6 13 19 11 34 12 -11 -12 -13 23 15 -16 32 28 18 -20 38 40 22 -24 -25 25 37 27 -29 29 -31 31 -33 -34 -35 -36 -37 -38 -39 39 -41 -42 42 43 -45
leaf_value=-2.956233283907777e-05 -0.010773555563470254 -0.0042444875479994374 0.012094455617330732 -0.0068900731102564646 0.019142324899382689 0.0048015781157081687 -0.0051460997053996019 -0.015155842347672827 0.00020027968391868437 0.00075202315422525506 -0.006473724612256729 0.023842150025070358 0.010151842615490968 -0.0022111127636822883 0.0010014128696234201 0.019617077579560108 -0.010085711285886208 -0.0042305696800810141 0.014921991515034269 -0.0022865817477107004 0.0026315101886897571 0.0052571964908597344 0.0010689887340410533 -0.021698731491986881 0.014597262754353699 0.0044592976321860735 0.0041861455623916901 -0.0069149844404999689 -0.001117948510396171 -0.013786731598302075 0.00075359411054324742 -0.01417837476351046 -0.0062401714737490835 -0.022634720302699165 -0.0073964496082390002 0.013790074499397046 0.0012412140140993816 0.016343896561706091 0.0072171339742618862 -0.016405574467812187 0.012653633915191344 0.035716606976699823 -0.0029036347737427665 0.016769753657073682
leaf_weight=279115.33536171913 458202.21721567959 724271.72593192011 119090.38950161636 37008.408556111157 145357.29326160252 457343.64080108702 388666.94817776233 174264.48012066633 802353.23666155338 637995.61025339365 296337.75643027574 14779.898253008723 178199.36337676644 244826.62537707388 69028.725865826011 91599.023504033685 424644.4289553836 461590.81254697591 53549.932566605508 425141.61974315345 91755.118357852101 113825.27993096411 317422.86038675904 9106.3162998557091 125442.90668566525 1943043.5550914705 151224.41545279324 219917.60834981501 295647.8394484967 74946.937836356461 868627.41843703389 33337.218545898795 13013.164560213685 177826.29309947044 396245.36891795695 41281.014738544822 105611.21981501579 46600.264228895307 177414.97737362981 22271.682168409228 205440.43760234118 38007.669004961848 44319.171612247825 43013.270604461432
leaf_count=1065261 2221812 2964945 309967 184390 335802 1126092 1508912 1082819 2726871 1800386 855964 39075 508499 724567 171253 213398 2035664 1537250 124079 1110382 233841 305461 835733 29265 307293 4578674 427486 681620 1129530 272852 2089467 82452 33074 969551 1519310 93306 290151 112671 421742 50876 506488 80531 116640 103248
internal_value=-0.000116239 0.00167172 -0.00233259 -0.00574767 0.0031286 0.00212152 -0.00967344 -0.0125448 -0.000759664 -0.00302222 -0.000378654 -0.00408414 0.00179067 0.0068812 0.0133013 0.0057373 -0.00526352 0.000694493 -0.000276009 0.00350537 0.00472192 0.00292798 0.00518851 0.00860335 0.00426885 0.00532241 0.00157914 -0.00239175 -0.00710055 -0.00368001 -0.00085533 0.000796392 0.0164006 -0.0199225 -0.00976659 0.00134504 0.00699336 0.00473765 -9.13421e-05 0.00458242 0.00955944 0.010656 0.0155588 0.00678597
internal_weight=1.20387e+07 9.13757e+06 2.43763e+06 2.90114e+06 6.69994e+06 5.28233e+06 1.18879e+06 785345 1.71393e+06 1.71235e+06 1.97943e+06 403447 989659 1.41761e+06 214386 1.20322e+06 1.07435e+06 1.68309e+06 1.45839e+06 3.5684e+06 1.09861e+06 801415 556588 187306 2.94357e+06 2.11509e+06 828486 371142 795239 370595 1.40484e+06 943246 104612 214835 570510 909908 224702 1.98964e+06 624828 199687 297196 239165 125340 87332.4
internal_count=37918650 26310900 7604448 11607750 18706452 15046416 5304057 3756070 6229580 6303693 5382636 1547987 3264635 3660036 507055 3152981 4503307 4526672 3926554 8816836 2906509 2166180 1441613 537764 7233836 4998638 2235198 1109106 3438046 1402382 3802475 2265225 246472 1153941 2602129 2182773 600118 4691345 1583000 472618 740329 605880 300419 219888
is_linear=0
shrinkage=0.05


Tree=87
num_leaves=45
num_cat=0
split_feature=2 2 1 2 0 4 0 4 1 0 4 3 2 1 3 0 3 2 3 4 1 1 1 0 4 0 4 0 3 3 3 4 3 3 1 1 1 4 3 0 0 1 0 0
split_gain=70663.6 15619.9 9429.35 7242.12 3356.95 3920.88 3146.89 3625.04 3092.82 2318.02 2664.09 1960.92 1920.33 1898.6 1670.08 1575 1513.97 1475.99 1473.55 1466.62 1255.6 1162.9 1158.81 1083.59 1021.79 1442.8 959.951 927.842 904.884 890.803 887.16 960.188 879.7 877.801 838.286 831.794 784.529 771.171 907.617 833.865 775.514 758.512 755.601 731.253
threshold=4.5000000000000009 2.5000000000000004 -0.80891915365350464 6.5000000000000009 -0.4298763333408428 -3.6523558457140619 0.48662714534649493 -3.2779083020232203 -0.59907629515643335 -0.58743244627487456 -6.5579930310375252 5.255704364099274 6.5000000000000009 0.57552211292281397 10.398170024728001 -0.79450537036186197 -3.0130825307625559 5.5000000000000009 -1.5752794968868604 7.0442677460641265 1.0000000180025095e-35 0.25145141517831299 0.57552211292281397 0.088756899407539988 -7.1348371782435747 -0.56335575626740397 19.938981218868943 1.0000000180025095e-35 -4.783464721584493 0.7172640208719373 1.3819116029588019 -10.929287396660539 8.4045606075079089 12.274346522968793 0.57552211292281397 0.93621795190976798 0.52542847473095 7.4348533444267781 1.1147507171781934 0.83428993469774138 0.99437935835663549 0.12053668025532312 0.37886415816525426 0.46472317204376884
decision_type=2 2 2 2 2 2 2 2 2 2 2 2 2 2 2 2 2 2 2 2 2 2 2 2 2 2 2 2 2 2 2 2 2 2 2 2 2 2 2 2 2 2 2 2
left_child=1 4 12 9 5 14 7 11 18 10 29 35 23 20 30 -15 42 -11 -6 22 -9 26 41 32 -18 -26 -8 -14 -25 -4 -1 -32 -2 37 36 -3 -12 39 40 -10 -39 -7 -5 -30
right_child=2 6 3 16 8 19 21 13 33 17 34 -13 27 15 -16 -17 24 -19 -20 -21 -22 -23 -24 28 25 -27 -28 -29 43 -31 31 -33 -34 -35 -36 -37 -38 38 -40 -41 -42 -43 -44 -45
leaf_value=0.0071576168821035173 0.0042765265354034136 0.0016911810287660427 -0.0035868106732678089 -0.0091110388479875484 0.0041412794908096883 0.01319974900832614 0.0007480760668682248 0.0048626562316945636 0.0037035802104324785 -0.0035708960230657356 0.00087264761771638655 -0.0061305459693571521 -0.0002788026271634197 -0.019239785917952067 -0.0099926521033793167 0.0012791637713219994 -0.010348207834490532 -0.0063691839005601755 0.009458691049889419 0.003545111669953957 0.012152920688369522 -0.0030592613564660409 0.0067070396516802234 -0.0074934578411169159 -0.002802810048528124 -0.0076715976091273246 -0.0052527054092269846 -0.005522261143979721 -0.0012341771754526846 -0.0091360734829207067 -0.0040018691867547791 0.0053385166408019859 -0.0078825696085299529 -0.00028522278324840739 -0.0055904564992388965 -0.0014584436790610151 0.011959556002255976 -0.0041535241232971785 0.003341238996784188 0.0068804544758274454 0.010372455342883882 0.019458512275464614 -0.013197619307583234 0.0040556347844761592
leaf_weight=557681.1557675153 307023.48893485963 842765.05833517015 408321.58645440638 340955.58818454295 191366.90026183426 227695.09556294978 689272.51684750617 757066.70760089159 719919.295120731 951189.51480312645 433634.30088151991 108534.989762716 161647.97993966937 9721.1986280977726 16131.902562320232 246341.7765494436 188383.8212993294 933915.47449354082 408203.19739155471 43870.152516692877 64059.214314222336 440209.04457484186 56597.592883005738 39452.166151568294 217083.82453791052 508790.00882244855 73779.693717569113 176474.78662343323 190777.17889928818 87884.14224177599 38831.59711882472 94412.533448725939 15632.941124498844 137814.52196694911 49245.558282889426 279025.26265792549 16565.696467578411 78571.529625162482 280380.56314745545 289663.39741590619 10405.187946692109 61479.743966519833 169268.26519676298 99357.3759290874
leaf_count=1920082 950436 2592555 1242666 1051312 637649 922060 2090101 2446204 2265846 2899050 1321518 326134 481250 27142 48185 760315 585861 2899050 1529901 147102 218714 1324400 185992 116184 663941 1594209 219899 515900 563535 264473 118302 322534 42864 429428 154397 832286 58446 229269 885436 937447 34274 239643 512927 309731
internal_value=-3.66382e-05 0.00336569 -0.00435656 -0.0053685 0.0058848 0.00812988 0.00106024 0.00214122 0.00472137 -0.00392645 -0.00197485 0.000286873 4.24387e-05 0.00425918 0.00591054 0.00050018 -0.00828478 -0.00495722 0.00776151 0.0121572 0.0054314 -0.00101277 0.0132498 0.00162767 -0.00706706 -0.00621551 0.000167859 -0.0030155 -0.000388756 -0.00456965 0.00628185 0.00261643 0.00368741 0.00351961 0.000603115 0.000907768 0.0012806 0.00389987 0.00194499 0.00461507 -0.00245482 0.0145304 -0.0104668 0.000577333
internal_weight=1.20194e+07 6.7238e+06 5.2956e+06 4.30524e+06 3.21302e+06 1.0967e+06 3.51078e+06 2.30751e+06 2.11632e+06 2.88076e+06 995651 1.23033e+06 990366 1.07719e+06 707057 256063 1.42448e+06 1.8851e+06 599570 389643 821126 1.20326e+06 345772 652243 914258 725874 763052 338123 329587 496206 690925 133244 322656 1.51675e+06 499446 1.12179e+06 450200 1.37894e+06 369357 1.00958e+06 88976.7 289175 510224 290135
internal_count=37918650 21690900 16227750 13247850 10853150 3903900 10837750 7203350 6949250 8839600 3041500 3750975 2979900 3452375 2409103 787457 4408250 5798100 2167550 1494797 2664918 3634400 1347695 1982750 2844011 2258150 2310000 997150 989450 1507139 2360918 440836 993300 4781700 1534361 3424841 1379964 4352272 1148979 3203293 263543 1161703 1564239 873266
is_linear=0
shrinkage=0.05


Tree=88
num_leaves=45
num_cat=0
split_feature=3 2 1 3 1 3 0 4 4 0 0 4 0 0 0 1 0 3 0 0 0 0 0 3 3 0 1 1 0 4 0 0 4 1 0 0 0 1 4 3 0 4 1 0
split_gain=17065.1 17256.4 6315.51 7787.02 5516.22 8281.39 5181.36 3900.43 3806.74 3746.02 3374.29 3663.13 3721.11 3215.85 3464.37 4398.54 3119.15 2699.51 2670.41 2496.97 3612.4 5262.53 3166.61 2743.57 2474.42 2296.46 2334.41 2292.26 4848.63 2529.93 2246.68 2190.13 3610.51 3044.49 3862.15 2867.9 3616.58 2438.73 2101.14 2007.25 1990.71 1849.34 5955.46 3164.92
threshold=-12.897606905282311 3.5000000000000004 1.0000000180025095e-35 -0.76901482607872385 -0.55094406234797322 -0.76901482607872385 0.20588816045177846 9.0988321006798802 10.955943442589943 -0.86066547284873141 -0.4298763333408428 -7.4232901021776732 0.58743244627487468 -0.79450537036186197 -0.74317201360641438 -0.66312265824079497 -0.93085292505862405 13.004643051379945 -0.4298763333408428 -2.8327694488239893e-16 0.5633557562674042 0.48662714534649493 -0.35460488704253573 7.8408586488272585 -21.804925576132185 0.20588816045177846 0.97148236575323155 0.99284498505578556 0.088756899407539988 -9.6772138048987149 -0.99780533956200557 0.088756899407539988 -21.345002090901534 0.93621795190976798 -0.32012920303568732 -0.2393156642875576 -0.2058881604517783 0.91233666684008119 2.0643835749059822 -24.51843460078786 -0.96778869966720515 3.1197391685492737 -0.86104361176735533 0.26568621746226689
decision_type=2 2 2 2 2 2 2 2 2 2 2 2 2 2 2 2 2 2 2 2 2 2 2 2 2 2 2 2 2 2 2 2 2 2 2 2 2 2 2 2 2 2 2 2
left_child=6 4 9 7 -2 8 24 30 27 16 38 12 25 -11 15 -15 40 18 -7 22 21 -21 -13 -22 -1 -12 -27 -6 -29 -30 -4 33 -33 37 -35 -36 -37 -26 -5 -8 -3 42 -16 -43
right_child=1 2 3 10 5 17 39 -9 -10 13 11 19 -14 14 41 -17 -18 -19 -20 20 23 -23 -24 -25 31 26 -28 28 29 -31 -32 32 -34 34 35 36 -38 -39 -40 -41 -42 43 -44 -45
leaf_value=0.011858448192705423 -0.00015811726074188145 -0.0011898443052044548 -0.015497562768231086 -0.0051772188391746134 -0.0023779615739029005 -0.009561456221393691 0.023669012784207466 0.012635820319575934 0.014132559037254123 0.011374788155173537 0.006657525783482077 0.0060659858197018423 0.029384560098248066 0.00073009021525230131 -0.0047624613812688836 -0.021454598811371128 -0.0090873993355613161 -0.013446526328478809 -0.0046530303873636037 0.0010961825319158042 -0.0012478378629790885 0.024818899044735793 -0.011224185425505951 -0.0080583189360117127 0.0011270753803096065 -0.0085529105159482584 0.03599942406357725 -0.00038570479324354833 0.051978869520024479 0.0072748711695396796 0.0015391614515614872 0.019893669304262489 -0.016131230934916755 0.033117947263651838 -0.014982445309410987 0.034653590640689319 0.004455529270107882 -0.038527901009869234 -0.019867109907551007 0.010159473135325219 0.0065007024765501896 0.006643888398394567 0.0046470164127912156 0.0025795384102167427
leaf_weight=73617.487052828074 1092498.9825277925 382708.63663741946 19553.821925371885 559029.96584315598 1153661.4530448839 413099.52407827973 29773.292635202408 79980.589829400182 38163.266781970859 115277.19823126495 129306.05041527748 32748.025560304523 14554.498868331313 73201.951639488339 276188.03233486414 32158.57395003736 102545.36286722124 146271.75932061672 841679.59473949671 300640.74841052294 452607.99904415011 25349.069701850414 138377.97693514824 219637.40069968253 270245.89917869866 48249.402133017778 3130.9968249052763 40767.901533335447 8054.3440285921097 5213.4425104111433 1867966.5257603526 8734.4607616215944 34140.691323533654 16413.704168409109 13035.577896043658 12625.583242893219 46176.562918156385 3933.5403902977705 25450.286983542144 359372.27243416011 107861.2205427289 712569.28170391917 429927.5584218055 1461164.7617477328
leaf_count=177640 4529110 1131244 57511 1740071 4295598 2129872 63100 170030 106408 318964 343221 93529 31212 214471 830522 107575 320267 622287 3306067 800197 1206510 61443 406458 661216 805284 121392 7627 147030 22024 19746 4697277 21452 95733 36167 34819 27670 114306 13290 89552 842180 321265 1987698 1097118 3692497
internal_value=0.000150837 -0.000365956 0.0010007 -0.000398079 -0.00314727 -0.00438103 0.00690767 0.00182093 -0.00141521 0.00248391 -0.00263806 -0.00127653 0.00506337 0.00318036 0.00286392 -0.00604121 -0.00115671 -0.00701833 -0.00626899 -0.00233506 -0.00137843 0.00294087 -0.0079154 -0.00347297 0.0034256 0.00310427 -0.005838 -0.00190652 0.00815865 0.0344129 0.00136267 0.00189391 -0.00879229 0.00315807 0.0112355 0.00623569 0.0109394 0.000558162 -0.00581687 0.0111931 0.00050107 0.00318972 0.00096662 0.00391187
internal_weight=1.22177e+07 1.13496e+07 7.61019e+06 3.91658e+06 3.73941e+06 2.64691e+06 868069 1.9675e+06 1.24586e+06 3.6936e+06 1.94908e+06 1.3646e+06 195241 3.10049e+06 2.98521e+06 105361 593115 1.40105e+06 1.25478e+06 1.16936e+06 998235 325990 171126 672245 478924 180686 51380.4 1.2077e+06 54035.7 13267.8 1.88752e+06 405306 42875.2 362431 88251.4 71837.7 58802.1 274179 584480 389146 490570 2.87985e+06 706116 2.17373e+06
internal_count=37918650 35687009 20508867 10487246 15178142 10649032 2231641 4924818 4590806 10021621 5562428 3732805 503452 8248845 7929881 322046 1772776 6058226 5435939 3229353 2729366 861640 499987 1867726 1326361 472240 129019 4484398 188800 41770 4754788 1148721 117185 1031536 212962 176795 141976 818574 1829623 905280 1452509 7607835 1927640 5680195
is_linear=0
shrinkage=0.05


Tree=89
num_leaves=45
num_cat=0
split_feature=1 3 2 2 3 0 3 3 4 0 0 4 2 0 3 4 0 0 4 4 0 4 0 3 0 3 1 1 1 1 4 0 0 0 0 1 4 0 0 4 4 0 0 0
split_gain=44330.2 23394.2 18138.7 12258.3 9612.7 9180.91 6818.19 5491.26 5351.89 6397.43 5098.5 4396.53 4239.26 4034.26 3953.31 3704.97 5626.35 3684.82 3899.29 3606.18 3495.56 3087.73 3133.73 3746.39 3029.56 2948.84 3373.56 2767.64 5378.19 3469.86 2697.75 2659.2 2510.73 2502.23 2467.55 2844.95 2427.94 2267.86 6639.71 2167.71 2147.43 2062.57 4030.05 2719.78
threshold=-0.2393156642875576 3.3218039775813186 2.5000000000000004 2.5000000000000004 2.3984898063610278 0.48662714534649493 -9.154468994268905 -16.447419376070052 -11.517414880093396 0.58743244627487468 0.5633557562674042 22.138282614797578 4.5000000000000009 0.94117129826980317 8.4045606075079089 -2.6769991975690348 0.26568621746226689 0.48662714534649493 11.657208408734954 -0.22621643553699397 0.76251730544457197 -5.565288809378564 0.37886415816525426 0.58435031030321138 0.96778869966720549 17.700182401887425 0.99649054800675863 1.0000000180025095e-35 -1.7225464241988328e-16 -0.10466628778912916 13.513500347739738 -0.93085292505862405 0.99437935835663549 0.088756899407539988 0.94117129826980317 0.62305106867763382 26.046987670433641 -0.2393156642875576 -0.2058881604517783 0.80806225100306517 16.158017337472774 0.88059548392442355 0.93085292505862427 0.89412692780947678
decision_type=2 2 2 2 2 2 2 2 2 2 2 2 2 2 2 2 2 2 2 2 2 2 2 2 2 2 2 2 2 2 2 2 2 2 2 2 2 2 2 2 2 2 2 2
left_child=3 2 6 21 13 19 -2 -4 9 -3 14 25 -9 15 -7 -5 33 -18 41 31 36 -1 23 -23 -14 26 27 28 29 -10 -24 -6 -29 37 35 -27 -12 -17 -39 -31 -22 -19 43 -43
right_child=1 8 7 4 5 10 -8 12 11 -11 20 -13 24 -15 -16 16 17 18 -20 -21 40 22 30 -25 -26 34 -28 32 -30 39 -32 -33 -34 -35 -36 -37 -38 38 -40 -41 -42 42 -44 -45
leaf_value=-0.0014125944045439876 -0.013596712816906329 0.016817367342766426 -0.0065877472440139867 0.0030822090957971426 -0.011504192710566408 -0.00028325751527192591 -0.0037894652296274027 -0.00049289822721645601 0.0005954723971276167 -0.026544386686806594 -0.0095489206197814664 0.013023507175147954 0.0034325297641336419 -0.022169786821803622 0.036547862222800716 -0.0061124126700715124 0.0069934648695544723 -0.0054507994499183848 0.0083840994509629362 -0.012570010252413997 -0.0024929558990392413 -0.0096664712411739396 -0.011199025836822958 -0.020190878006945058 -0.0016823346363904262 0.029010815702107486 -0.0051343849257631967 0.0051854181763542114 -0.011558594801931669 0.0041057726451215609 -0.00086060824513707721 0.01162738613670467 0.025752395898458326 -0.011536489893981181 -0.0068336207588597479 0.0099924054624273683 0.014867786652112075 0.019401461645688341 -0.0038840723822044752 0.022073073127836639 0.0072643638846305487 0.003817643990671147 -0.0093780106249480646 0.025303048940161735
leaf_weight=81665.573943421245 227282.25869847834 154480.75297793746 205464.80249276757 450998.81694926322 22218.920281663537 14532.894917219877 804596.35390098393 1390773.0855538771 218929.30691955984 9001.7829162478447 195281.17015734315 164247.49810649455 2592790.8904953897 22491.452184841037 14610.122081324458 384372.50143480301 190357.87152796239 295224.44288001955 88904.043426081538 525424.73288461566 193479.60234239697 166120.68120428175 201588.59508622438 172224.03591824323 325889.37065014243 27523.97917149961 93031.084927484393 1870698.893108502 72958.646108314395 31857.020335033536 91851.654124729335 28185.62652631104 14957.447055712342 129298.74211478978 14300.340558260679 68855.66415977478 10741.340414047241 37551.195876702666 165706.76844966412 35487.147558867931 79584.293814897537 64846.05691409111 48751.62807584554 19058.526623338461
leaf_count=387464 1171837 356029 603848 1338212 84133 43083 3326471 4292565 619222 22755 669317 390425 6065619 64970 44105 1433170 600687 870901 241724 2367023 589626 977202 1033003 1285239 826285 60639 241292 4913087 202633 101928 428892 102283 39252 447662 37877 159375 29087 140537 613730 100061 219553 186294 142745 46808
internal_value=-0.000116699 0.00190664 3.12317e-05 -0.00467426 -0.00326552 -0.00702163 -0.00594962 0.00139815 0.00565349 0.0144298 -0.0021238 0.00510437 0.0017789 -0.00111969 0.0181811 -0.000867197 -0.00211796 0.00104652 -0.00114404 -0.0113445 -0.00335896 -0.0105616 -0.0117442 -0.0150236 0.00286142 0.00457317 0.00419564 0.00458229 0.000560014 0.00364852 -0.00796293 0.00143071 0.00534856 -0.00523924 0.0125479 0.0154237 -0.00827591 -0.00385363 0.000417848 0.0135737 0.000350809 -0.00312378 0.00205497 0.00869795
internal_weight=1.20182e+07 8.32313e+06 5.5468e+06 3.69507e+06 2.98162e+06 1.08406e+06 1.03188e+06 4.51492e+06 2.77633e+06 163483 508229 2.61285e+06 4.30945e+06 1.89756e+06 29143 1.87507e+06 1.42407e+06 707143 516785 575829 479086 713451 631785 338345 2.91868e+06 2.4486e+06 2.33792e+06 2.24489e+06 359232 286273 293440 50404.5 1.88566e+06 716929 110680 96379.6 206023 587630 203258 67344.2 273064 427881 132656 83904.6
internal_count=37918650 23531200 16286625 14387450 10275650 4148210 4498308 11788317 7244575 378784 1594771 6865791 11184469 6127440 87188 6062470 4724258 2089159 1488472 2553439 1507583 4111800 3724336 2262441 6891904 6475366 6217475 5976183 1023844 821211 1461895 186416 4952339 2635099 257891 220014 698404 2187437 754267 201989 809179 1246748 375847 233102
is_linear=0
shrinkage=0.05


Tree=90
num_leaves=45
num_cat=0
split_feature=2 2 1 2 0 4 0 4 1 2 2 3 1 3 3 0 3 4 1 1 0 4 1 1 4 0 3 4 0 4 3 0 3 0 0 0 3 3 3 4 4 1 1 3
split_gain=64528 14033.6 8721.49 6853.16 3050.11 3611.27 2857.05 3306.98 2756 2202.12 1793.57 1779.19 1734.12 1590.94 1511.58 1478.87 1423.42 1387.95 1240.2 1180.36 1131.34 1246.49 1068.32 1051.59 1028.7 1003.97 928.38 925.326 1365.39 882.369 2169.13 1513.76 1163.37 983.614 942.872 865.841 855.284 817.34 808.752 931.38 793.525 758.809 744.649 737.769
threshold=4.5000000000000009 2.5000000000000004 -0.80891915365350464 6.5000000000000009 -0.4298763333408428 -3.6523558457140619 0.48662714534649493 -3.2779083020232203 -0.46472317204376873 5.5000000000000009 6.5000000000000009 5.255704364099274 0.57552211292281397 -1.5752794968868604 10.398170024728001 -0.79450537036186197 -3.5327065382870653 7.0442677460641265 0.25145141517831299 1.0000000180025095e-35 -0.58743244627487456 -6.9894516850182482 0.66905282987950276 0.57552211292281397 10.783411346104289 0.088756899407539988 15.665097213080172 -6.9894516850182482 -0.56335575626740397 3.4731580807727558 -1.4243037205819673 0.67983684365189634 -9.3317940367424583 0.67983684365189634 0.5633557562674042 1.0000000180025095e-35 -4.783464721584493 7.9721025807415069 0.84855195466771616 -10.929287396660539 19.938981218868943 0.93621795190976798 0.12053668025532312 -1.8819319506537473
decision_type=2 2 2 2 2 2 2 2 2 2 2 2 2 2 2 2 2 2 2 2 2 2 2 2 2 2 2 2 2 2 2 2 2 2 2 2 2 2 2 2 2 2 2 2
left_child=1 4 10 9 5 14 7 11 13 20 25 41 19 -6 38 -14 -5 23 43 -9 21 -4 29 42 26 37 -10 -18 -29 31 -31 -8 -33 34 -32 -12 -27 -2 -1 -40 -35 -3 -7 -11
right_child=2 6 3 16 8 17 22 12 24 18 35 -13 15 -15 -16 -17 27 -19 -20 -21 -22 -23 -24 -25 -26 36 -28 28 -30 30 33 32 -34 40 -36 -37 -38 -39 39 -41 -42 -43 -44 -45
leaf_value=0.0068639221154059883 0.0041946697800811774 0.001623701512586015 -0.0030623522137169963 -0.010252302832429429 0.0036275265510332167 0.012581497223358397 -0.0093187350793597478 0.0046474967015277353 0.0041532160950537101 -0.0057931337599102569 -0.00025932978237850458 -0.0058407511893172623 -0.018740755957122983 0.0088517688567845889 -0.0095674135639673089 0.001237683882615746 -0.0098362170476263035 0.0032361955386926325 -0.0064670591168989921 0.011709132390616939 -0.0033859401511500062 0.0019427799148374178 -0.0047362844311918525 0.0064526971001355364 0.00067647408441803348 -0.0072754257110095935 -0.006206035856490745 -0.0027754721204622415 -0.0074603351659721408 -0.0067530602335450999 -0.0062647808216517824 -0.0013707430187685982 0.0054140269255645969 0.00010399411685399578 0.0075296559184203221 -0.0053282886093015975 0.00058355250054307496 -0.0065411798525802749 -0.0033845820644502035 0.0052701503300072563 -0.0052090227343733406 -0.0013854234672388227 0.01878837287347418 -0.0022367956477989614
leaf_weight=541716.25614453852 304129.03794617951 843119.74194818735 237798.5736450702 468031.60250660777 215635.8575155139 226780.27227117121 27335.854310765862 757444.03724096715 1126758.6251067817 226176.37658721209 161613.09860222042 108092.71383441985 9624.6653539389372 449519.29538521171 16023.956877708435 246438.04448439181 207217.26109481603 43856.215780869126 788265.53396769613 64190.827353492379 948495.41397212446 260838.7775824815 161209.36521437764 56658.797550618649 302344.50953783095 39310.447299048305 22050.883079811931 222058.43638976663 519079.69496442378 146054.44344940782 15093.62418808043 97732.750288903713 178713.88949544728 422541.92601372302 69093.414297446609 175975.39424592257 290099.71134379506 18825.825414374471 44179.666808366776 104883.79720641673 84298.445002362132 278775.88418012857 61406.444340094924 410534.38644444942
leaf_count=1864889 940996 2592555 719097 1444529 713197 922060 75905 2446204 3564539 685738 481250 326134 27142 1669953 48185 760315 649424 147102 2471700 218714 2899050 805503 477400 185992 935354 116184 66207 679700 1634597 414791 43760 292117 564227 1289155 221373 515900 873266 52304 135767 360262 255672 832286 239643 1258512
internal_value=-3.58118e-05 0.00321335 -0.00417329 -0.00514978 0.00560161 0.00774319 0.00102782 0.00205742 0.00449302 -0.00374614 5.68786e-05 0.000285701 0.00407951 0.00715813 0.00561431 0.000486751 -0.00799602 0.0116143 -0.00514136 0.00519919 -0.00237229 -0.000444152 -0.00094875 0.0126798 0.00327143 0.00158786 0.00395437 -0.0068825 -0.00605667 -0.000362136 -0.00129673 0.00190551 0.00301539 5.16402e-05 0.0050565 -0.00290164 -0.000354305 0.00356885 0.00596648 0.00270505 -0.000779675 0.000875975 0.0139041 -0.0035001
internal_weight=1.2e+07 6.72157e+06 5.27845e+06 4.2885e+06 3.21181e+06 1.09551e+06 3.50976e+06 2.30769e+06 2.11631e+06 2.87211e+06 989954 1.22999e+06 1.0777e+06 665155 706804 256063 1.41639e+06 388702 1.42498e+06 821635 1.44713e+06 498637 1.20207e+06 344846 1.45115e+06 652365 1.14881e+06 948355 741138 1.04086e+06 737082 303782 276447 591027 84187 337588 329410 322955 690780 149063 506840 1.1219e+06 288187 636711
internal_count=37918650 21690900 16227750 13247850 10853150 3903900 10837750 7203350 6949250 8839600 2979900 3750975 3452375 2383150 2409103 787457 4408250 1494797 4415950 2664918 4423650 1524600 3634400 1347695 4566100 1982750 3630746 2963721 2314297 3157000 2224751 932249 856344 1809960 265133 997150 989450 993300 2360918 496029 1544827 3424841 1161703 1944250
is_linear=0
shrinkage=0.05


Tree=91
num_leaves=45
num_cat=0
split_feature=3 2 1 0 0 3 0 0 4 0 1 1 4 1 0 3 0 3 4 0 4 1 1 0 1 1 0 3 1 4 3 1 4 1 0 0 3 1 0 0 3 0 1 1
split_gain=15855.1 15481.6 10840.2 9844.61 11657.6 8009 4842.22 9401.36 4506.88 4260.51 3941.82 12396 3899.45 3745.9 4671.94 5209.56 3495.44 3485.41 3335.89 3319.46 2952.08 3095.74 2768.25 6699.58 3240.82 3727.14 2887.73 2502.36 2498.91 2455.61 2434.68 3056.13 2416.07 2357.69 2353.97 3045.76 2282.64 2281.07 3783.98 2279.01 2242.58 2154.01 3312.57 4042.02
threshold=-7.4153213027022415 5.5000000000000009 -0.55094406234797322 -0.2393156642875576 -0.2058881604517783 2.3984898063610278 0.58743244627487468 0.65797238821565851 4.4358424663966547 -0.32012920303568732 0.95418073928008662 0.93621795190976798 10.955943442589943 -0.59907629515643335 0.37886415816525426 5.8128286418865907 0.088756899407539988 10.620897559109869 19.389303354563477 -0.35460488704253573 -10.929287396660539 0.97148236575323155 0.52542847473095 -0.79450537036186197 0.36521623457838687 0.25145141517831299 -0.99087453071010889 -21.804925576132185 1.0000000180025095e-35 -21.910108960132053 2.3984898063610278 0.14764656400248086 -24.676355785345596 0.97148236575323155 0.58743244627487468 0.65797238821565851 -16.447419376070052 0.14764656400248086 0.88059548392442355 0.20588816045177846 -3.7190583759849321 -0.96778869966720515 0.52542847473095 0.36521623457838687
decision_type=2 2 2 2 2 2 2 2 2 2 2 2 2 2 2 2 2 2 2 2 2 2 2 2 2 2 2 2 2 2 2 2 2 2 2 2 2 2 2 2 2 2 2 2
left_child=3 2 8 10 33 12 20 -8 -2 17 11 19 -4 14 15 -10 22 -7 -11 41 36 -22 24 -24 25 26 28 -9 -3 -18 -28 -32 -12 -5 -16 -36 -6 -14 -39 -31 -27 -1 43 -43
right_child=1 16 5 4 6 9 7 27 13 18 32 -13 37 -15 34 -17 29 -19 -20 -21 21 -23 23 -25 -26 40 30 -29 -30 39 31 -33 -34 -35 35 -37 -38 38 -40 -41 -42 42 -44 -45
leaf_value=-0.0049444076091664235 -0.0026041974446558407 -0.00026127309080201366 -0.0022579909059367432 -0.0057623340402265261 0.011230341581513164 -0.0081010046535008283 0.029318247551943035 0.020251308039079124 0.0013410137421143034 -0.0035547278333221501 0.010296313723623766 0.02967456114707407 -0.00083366993544183943 0.010717904490009453 -0.0062110425438891073 0.010605190952406883 0.031033541840158531 -0.019078177272089065 -0.011391479040288983 -0.028934107069193672 0.00098874263111246733 -0.012920999430485381 -0.017404883983413704 -0.00065361862862581917 0.010174900911716193 0.0066742788342712932 0.00095319786091655433 0.0061674061017649908 -0.013392170592498871 0.0090704418098097699 0.0060418771022749682 0.038741209032700709 -0.019570565215586977 0.033475575700622949 0.016144263376677865 -0.00095808042335024867 0.0023940692546232881 -0.0057525278906723418 0.019497541834008411 0.0026852219185992173 -0.016965314911877884 0.0005738046007065042 -0.0017030778399409017 0.012627251687393218
leaf_weight=181423.38675706089 646862.64107944071 121974.84506864846 2249898.1438485458 4174.7850583940744 105613.5382411778 498755.24568124861 49840.806385323405 33115.386450886726 491146.68594330549 1100913.0214826539 8244.7350347191095 35605.202990680933 57797.448496446013 125242.20858076215 206452.76363703609 219599.21779687703 7949.0853803008795 84574.42762350291 154899.93674566597 10081.555620402098 170236.27676413953 52286.316183403134 66396.350231893361 590839.81431819499 103688.11599136144 13013.125528663397 491738.99787037075 662395.07727783918 51543.999570652843 151644.60527865589 244727.53082798421 7360.4227852374315 37887.98894430697 46137.580606341362 29120.310195013881 245552.75020045042 237310.01417553425 20597.875648759305 53056.987512052059 1780815.8137509674 43800.741578347981 180016.34714134037 417182.6807218194 113347.00777259469
leaf_count=589254 2506904 325874 7876837 10561 245652 2172062 99312 72503 1850969 3857944 19831 80782 170477 377015 788171 714547 15739 370216 582820 35003 474316 148081 205477 1486863 253417 32016 1364979 1623243 150364 365016 662634 19027 112464 100497 89584 799931 624124 62391 138182 4210137 126574 577002 1221373 308485
internal_value=0.000151142 -0.000727703 -0.00225508 0.00384656 0.00660086 -0.00368307 0.0056943 0.00834121 0.000813595 -0.00616153 3.58803e-05 0.000737901 -0.00176893 0.00249215 0.00162778 0.00420337 0.0018423 -0.00969254 -0.00452136 -0.000404269 0.00220523 -0.00227964 0.000211694 -0.00234589 0.00177123 0.000876751 0.00164642 0.00683798 -0.00416182 0.00330036 0.00300136 0.00699663 -0.0142328 0.0302197 -0.00217702 0.000855077 0.00511546 0.00660169 0.0124363 0.00318628 -0.0115507 -8.18081e-05 0.00115976 0.0052309
internal_weight=1.22049e+07 9.85996e+06 6.18447e+06 2.3449e+06 1.36111e+06 4.22049e+06 1.3108e+06 745351 1.96398e+06 1.83914e+06 983789 937656 2.38135e+06 1.31711e+06 1.19187e+06 710746 3.67549e+06 583330 1.25581e+06 902051 565446 222523 1.73508e+06 657236 1.07785e+06 974160 917346 695510 173519 1.94041e+06 743827 252088 46132.7 50312.4 481126 274673 342924 131452 73654.9 1.93246e+06 56813.9 891969 710546 293363
internal_count=37918650 31576167 22358050 6342483 3398289 15230929 3287231 1795058 7127121 6983042 2944194 2811899 8247887 4620217 4243202 2565516 9218117 2542278 4440764 2731117 1492173 622397 4627225 1692340 2934885 2681468 2522878 1695746 476238 4590892 2046640 681661 132295 111058 1677686 889515 869776 371050 200573 4575153 158590 2696114 2106860 885487
is_linear=0
shrinkage=0.05


Tree=92
num_leaves=45
num_cat=0
split_feature=1 3 2 3 3 2 4 0 2 1 4 4 0 3 4 0 4 1 0 0 2 3 1 4 0 1 0 0 1 0 2 0 0 4 1 1 0 0 1 0 0 0 1 0
split_gain=40388 18038.8 12014.5 11092.7 9209.86 8211.39 7591.59 8515.64 6038.66 4503.16 4552.05 4415.78 5909.49 4835.19 4078.14 3918.1 3831.52 4368.97 3684.98 3556.09 3514.98 3440.58 3256.75 3125.65 3123.76 3108.54 2930.87 2536.97 2479.25 4704.73 2443.54 2408.81 2401.07 2616.8 2433.17 5239.84 3014.99 2978.03 2378.41 2505.34 2366.15 2218.5 2198.12 2187.62
threshold=-0.46472317204376873 -6.488569845523247 2.5000000000000004 -0.13562436995527702 6.9488885271336267 3.5000000000000004 -1.134743187898742 0.26568621746226689 4.5000000000000009 0.47375768738725649 2.4244436874032798 -4.2687999025978298 -0.32012920303568732 17.700182401887425 28.833030140098895 0.93085292505862427 16.846153360096448 -0.22264714151432796 -0.96778869966720515 -0.86066547284873141 5.5000000000000009 -18.943206484268512 0.99284498505578556 3.9486187187886661 0.97474915486277813 0.99649054800675863 -0.96778869966720515 0.94117129826980317 0.36521623457838687 0.88059548392442355 3.5000000000000004 0.99087453071010911 0.88059548392442355 -3.9037228878110137 0.57552211292281397 0.62305106867763382 -0.99087453071010889 -0.97474915486277791 0.57552211292281397 0.76251730544457197 -0.94117129826980295 0.81773537194966905 -0.2393156642875576 -0.56335575626740397
decision_type=2 2 2 2 2 2 2 2 2 2 2 2 2 2 2 2 2 2 2 2 2 2 2 2 2 2 2 2 2 2 2 2 2 2 2 2 2 2 2 2 2 2 2 2
left_child=3 2 40 20 5 9 -5 8 -8 -3 -11 12 -6 16 30 23 17 26 -4 -10 41 -20 -12 32 -15 -19 -13 -18 -23 38 -9 -29 33 -7 36 -36 -35 -38 -30 43 -2 -1 -17 -40
right_child=1 4 18 6 11 15 7 14 19 10 22 13 -14 24 -16 42 27 25 21 -21 -22 28 -24 -25 -26 -27 -28 31 29 -31 -32 -33 -34 34 35 -37 37 -39 39 -41 -42 -43 -44 -45
leaf_value=-0.0031176003295666807 0.00032142468358969072 -0.0041436996381283763 0.0058670659362236276 0.0092256602945755533 0.016961577854603071 0.003923013992867071 -0.017602197190702763 -0.0097521114394719371 0.015242456194534224 -0.00066207533416497611 0.0092947715480892566 -0.035708090972198694 0.00078109134209863873 0.016159398611604821 0.023485012705305647 -0.0081616563399389865 0.0038627898998892817 0.0042595037437670059 -0.0101703085727394 -0.0094739262656968505 0.0015663313435754442 -0.0048462615109236863 -0.019774555537185639 0.007703067074108904 -0.0046468304995831667 -0.0083703991645406525 -0.0046413747124182695 0.018736442241477285 -0.0062316597123396973 0.016829460941723381 -0.0035961548471497833 0.0065315854260717737 0.013404523947142536 0.0039881505637115984 0.028574433757390501 0.0016332281116440113 -0.025496083733022642 -0.0046114694222924657 0.0052153037302324458 0.045080522034474199 -0.012275697968894762 -0.01312256980209605 0.00055800898284179604 -0.0010028996795873686
leaf_weight=774167.33409824967 42053.476129479706 733677.93030783534 181113.02853752673 60637.487116232514 179067.84076172113 1813078.3939341456 333845.97273363918 235993.09913656861 15099.267209619284 802000.3448612541 187833.12176816165 8168.9035288393497 82394.631657734513 129931.21182518452 12295.801358379424 83274.066161856055 143744.98675227165 818844.37016431987 110705.35885214806 401998.40370195359 471900.73081211746 315931.72260542959 10156.031658023596 426926.9624132216 20948.24800132215 51800.831138536334 107467.4605178535 85788.691506326199 150911.33333540708 40973.168696828187 508642.42473722994 76458.19841735065 55295.937910184264 102058.40083855391 18771.149306714535 468330.09238567948 18812.002351090312 184261.12718632817 184050.27805748582 3155.0213403999805 328183.71703966707 59678.500833556056 547239.16002346575 610995.39108226448
leaf_count=3117227 223326 3041177 494150 236928 420961 4367102 2149793 1221481 57345 2792264 547046 39775 204907 309688 36856 234497 374321 2173007 331448 1628001 1270914 922924 32661 996454 52796 135905 348480 203761 416571 94050 1673563 184734 140032 290702 42125 1119979 50990 564924 509221 7715 1641348 215642 1371454 1630405
internal_value=-0.000117924 0.00151021 -0.00272911 -0.00528648 0.00267607 0.00167308 -0.00812054 -0.0088181 -0.0125905 -0.00116867 0.00101406 0.00588385 0.0118626 0.00480065 -0.00507552 0.00299815 0.00381174 0.00229527 -0.000848601 -0.00857917 -0.00188209 -0.00170713 0.00780363 0.00373163 0.0132706 0.00350806 -0.00683602 0.00869966 -0.000989741 0.000240857 -0.00554713 0.012985 0.00309437 0.00287554 0.000478322 0.00267145 -0.00302271 -0.00654615 -0.000475273 0.000613055 -0.0108449 -0.00383366 -0.000593627 0.000436593
internal_weight=1.19987e+07 9.1244e+06 1.96807e+06 2.87426e+06 7.15633e+06 5.45171e+06 1.56851e+06 1.50787e+06 750944 1.73367e+06 999989 1.70462e+06 261462 1.44315e+06 756931 3.71805e+06 1.29227e+06 986282 1.59784e+06 417098 1.30575e+06 1.41672e+06 197989 3.08753e+06 150879 870645 115636 305992 1.30602e+06 990085 744636 162247 2.66061e+06 2.60531e+06 792233 487101 305132 203073 949112 798201 370237 833846 630513 795046
internal_count=37918650 26310900 6271158 11607750 20039742 15591407 7003967 6767039 3835139 6413148 3371971 4448335 625868 3822467 2931900 9178259 3459983 2697167 4406484 1685346 4603783 3912334 579707 7572308 362484 2308912 388255 762816 3580886 2657962 2895044 388495 6575854 6435822 2068720 1162104 906616 615914 2563912 2147341 1864674 3332869 1605951 2139626
is_linear=0
shrinkage=0.05


Tree=93
num_leaves=45
num_cat=0
split_feature=2 2 1 2 0 4 0 4 1 1 2 3 2 3 3 4 3 1 1 0 4 3 1 4 0 4 3 0 3 1 1 0 0 0 4 0 1 1 0 3 4 0 0 0
split_gain=59095.3 12939.8 8026.79 6402.42 2762.72 3359.01 2575.63 2972.16 2476.47 2046.2 1992.63 1825.1 1645.22 1366.76 1360.48 1342.02 1239.63 1228.19 1145.68 1028.63 1129.81 970.679 965.845 873.073 1266.8 836.987 2017.78 1432.4 1038.69 833.828 932.869 819.746 953.376 800.562 950.953 799.798 787.888 798.58 779.571 841.352 767.273 757.875 755.904 1122.7
threshold=4.5000000000000009 2.5000000000000004 -0.80891915365350464 6.5000000000000009 -0.4298763333408428 -3.2779083020232203 0.48662714534649493 -5.9806671733647141 -0.59907629515643335 0.57552211292281397 5.5000000000000009 0.19892162832061369 6.5000000000000009 10.854957279475139 -3.5327065382870653 9.9729883624521403 -2.1944148255439688 1.0000000180025095e-35 0.25145141517831299 -0.58743244627487456 -6.9894516850182482 -3.9974872748228978 0.66905282987950276 -7.2800844019949276 -0.56335575626740397 3.2380587573242363 -0.98011244915086582 0.67983684365189634 -9.3317940367424583 0.57552211292281397 0.12053668025532312 0.67983684365189634 0.5633557562674042 -0.79450537036186197 -1.134743187898742 1.0000000180025095e-35 0.93621795190976798 0.12053668025532312 -0.79450537036186197 13.415603585259364 10.294858253895521 -0.32012920303568732 -0.93085292505862405 -0.86066547284873141
decision_type=2 2 2 2 2 2 2 2 2 2 2 2 2 2 2 2 2 2 2 2 2 2 2 2 2 2 2 2 2 2 2 2 2 2 2 2 2 2 2 2 2 2 2 2
left_child=1 4 12 10 5 13 7 11 16 17 19 36 21 -1 -5 29 -6 -9 -12 20 -4 41 25 -16 -25 27 -27 -8 -29 30 -7 32 -28 34 -11 -14 37 -3 39 -31 -33 -2 -39 -44
right_child=2 6 3 14 8 15 22 9 -10 33 18 -13 35 -15 23 -17 -18 -19 -20 -21 -22 -23 -24 24 -26 26 31 28 -30 38 -32 40 -34 -35 -36 -37 -38 42 -40 -41 -42 -43 43 -45
leaf_value=0.0057424041472577932 0.0045877968840183558 -0.0010605071195129376 -0.0029353644840662543 -0.0099162684845072908 0.0034485772954973544 0.01163015973030391 -0.009326670815552494 0.004105797956526578 0.003239115468204109 0.00045774516818823267 -0.003336437327220121 -0.0041141997800794488 -0.00024305596711595231 -0.0096383035996432387 -0.0095745447486668567 -0.0021959755654149759 0.008481470057821891 0.0098991007610229123 -0.0061933340739425908 -0.0032454530969027104 0.0018310224598810027 0.0023142730765695401 -0.0045105176867891198 -0.002711116621651237 -0.0071900744603967913 -0.0061093258421004888 -0.0066097515138174526 -0.0011478718046071107 0.0053306531701644306 0.0019095041305781193 0.018707520240696104 0.0021284611950040644 0.0073285235910253614 0.00078461394356278647 -0.024950356197488109 -0.0051187059934688986 -0.0016484748661108656 0.0076112322472431694 0.0092031406344905125 -0.03141698764632074 -0.002015503641046283 -0.005751961956924569 -0.0037369333738407531 0.0035176272577445095
leaf_weight=710182.82962626219 23633.395593822002 157060.20202314854 237377.90323546529 464746.65812660009 171557.73300041258 239038.23801642656 25856.705606028438 849768.99156408012 1517909.646250084 8116.095854640007 635107.40640684217 220809.82463632524 161580.38101395965 14743.576680451632 196733.25605392456 17577.195086687803 426537.23310144246 102523.03608009219 784260.29879298061 946414.8348063156 261058.92326912284 558122.14390048385 160699.93184019625 226669.80541505665 520096.37101265043 165346.30901095271 15013.122442960739 96736.849193871021 171649.21242043376 8058.0357110053301 57823.599714919925 168961.87222318351 67104.364234238863 342233.13099774718 6741.4844718724489 175434.88800562918 202195.64670953155 76566.840363115072 44515.697910353541 2475.6545453071594 329601.87824821472 70853.964860394597 66112.619159668684 275859.39025644958
leaf_count=2432608 74339 473027 719097 1444529 565887 965392 71891 2733576 4781700 26476 1944250 660807 481250 44508 621049 54336 1601663 343573 2471700 2899050 805503 1699149 477400 695494 1647178 472844 43410 289939 541366 25562 226485 522407 214903 1051061 18152 515900 601372 247844 148738 6271 1000240 209262 191048 856414
internal_value=-3.36919e-05 0.00307377 -0.00400174 -0.00494159 0.00536768 0.00740719 0.000975023 0.0019522 0.00431283 0.00351914 -0.0035844 -0.000102396 5.58295e-05 0.00542959 -0.00770195 0.0112872 0.00703783 0.0047295 -0.00491499 -0.00227728 -0.000438944 0.00152085 -0.00090288 -0.00661123 -0.00583055 -0.000345576 -0.00123628 0.00191272 0.00299554 0.0119606 0.0130087 0.000151301 0.00478026 0.000291336 -0.0110709 -0.0027811 0.00103652 0.00197971 0.00630876 -0.00592297 -0.000611125 -0.00316576 0.00312057 0.00211512
internal_weight=1.19815e+07 6.71938e+06 5.26209e+06 4.27247e+06 3.21042e+06 1.09441e+06 3.50896e+06 2.30799e+06 2.116e+06 1.30938e+06 2.86422e+06 998605 989625 724926 1.40825e+06 369488 598095 952292 1.41937e+06 1.44485e+06 498437 652610 1.20097e+06 943499 746766 1.04027e+06 746028 294243 268386 351911 296862 580681 82117.5 357091 14857.6 337015 777795 575599 55049.4 10533.7 498564 94487.4 418539 341972
internal_count=37918650 21690900 16227750 13247850 10853150 3903900 10837750 7203350 6949250 4172838 8839600 3030512 2979900 2477116 4408250 1426784 2167550 3077149 4415950 4423650 1524600 1982750 3634400 2963721 2342672 3157000 2253804 903196 831305 1372448 1191877 1780960 258313 1095689 44628 997150 2369705 1768333 180571 31833 1522647 283601 1295306 1047462
is_linear=0
shrinkage=0.05


Tree=94
num_leaves=45
num_cat=0
split_feature=3 2 0 1 0 1 1 3 0 1 4 3 1 4 0 3 2 3 3 0 0 1 1 1 0 0 3 1 0 1 0 4 0 1 0 4 1 0 4 3 4 4 4 3
split_gain=14531.1 14327.5 6406.9 5722.1 9607.67 7353.73 7753.15 4992.67 4861.48 4752.09 4314.24 4277.58 5516.73 4138.74 3959.84 3890.36 3322.84 3270.94 2961.92 2896.07 8782.74 4832.78 4142.86 2990.28 4912.15 4814.16 2716.19 2643.48 2442.84 2636.48 2438.41 3140.97 3861.06 2404.24 5717.27 2333.85 2309.95 2349.08 2309.61 2268.6 2216.21 2123.14 2121.45 2087.57
threshold=-14.381925670524582 2.5000000000000004 -0.4298763333408428 0.52542847473095 -0.79450537036186197 0.36521623457838687 0.30909602655580187 -4.783464721584493 -0.82298386589365657 -0.46472317204376873 7.7023350478439037 -1.5752794968868604 -0.4300652022765204 3.5863808503381454 -0.93085292505862405 0.58435031030321138 5.5000000000000009 -24.51843460078786 -5.004943894827977 -0.2393156642875576 -0.2058881604517783 0.97148236575323155 0.93621795190976798 -0.92508092996421654 -0.32012920303568732 -0.35460488704253573 6.4183895844946059 1.0000000180025095e-35 -0.99087453071010889 1.0000000180025095e-35 0.97474915486277813 -8.0299648512177502 0.58743244627487468 0.93621795190976798 0.5633557562674042 -5.039442712515334 0.85743085555170595 -0.46472317204376817 -16.325747075391323 -6.6132934035867406 -20.364660316191792 18.890002469392382 -13.680833315745376 11.391058577170126
decision_type=2 2 2 2 2 2 2 2 2 2 2 2 2 2 2 2 2 2 2 2 2 2 2 2 2 2 2 2 2 2 2 2 2 2 2 2 2 2 2 2 2 2 2 2
left_child=14 11 3 5 8 6 10 19 15 13 28 -2 -13 -9 27 40 41 -16 38 23 21 -21 -22 -4 25 35 -7 -1 29 -3 31 32 -18 34 -33 -25 -6 -38 -8 -39 -5 -11 -34 -14
right_child=1 2 7 4 36 26 18 9 -10 16 -12 12 43 -15 17 -17 30 -19 -20 20 22 -23 -24 24 -26 -27 -28 -29 -30 -31 -32 33 42 -35 -36 -37 37 39 -40 -41 -42 -43 -44 -45
leaf_value=0.0088802388393379172 -0.0011839883377589044 -0.001460796669116743 -0.02251679027572857 -0.016865374817022837 -0.0038141335998340496 0.00946648545143099 -0.012183066568024477 -0.0029944994796388541 -0.025361795433286469 -0.0014878257967110714 0.010833524078851131 -0.0014362047104331038 -0.006936144276513987 0.0037605406520340792 0.01941952464046269 -0.019103689381830543 0.0042153230471394017 0.0074358483133445275 -0.019429239145359909 -0.010922055024315525 0.005566372435016881 0.03182650415848063 -0.0015576499380935329 -0.0071788299631911391 -0.012395222530026836 0.026232360385640637 -0.0066154246675416556 -0.012263721748769668 0.00048104225259851968 -0.010259179101085539 0.0059494742515157177 0.011227230378217525 0.050070252091859571 -0.005125384004366948 -0.0012422814176188326 0.028540962703433672 0.0063428920698340163 0.0080425182977819278 0.015527273772351347 -0.0092401398327823844 0.0057176960567342497 -0.0084924175359167367 0.011089336022559735 -0.013879895099428522
leaf_weight=23515.96767142415 969221.82256068289 294329.74689873308 17063.005244642496 14357.307241380215 558835.76258684695 249673.7361163497 18862.033807471395 264956.48565761745 69125.155094616115 1480792.9611844569 85258.670200742781 519629.48195272684 742712.94562393427 1572597.1347729117 63998.355708956718 46606.538054578006 180745.75707143545 516434.70497508347 75120.470185786486 7811.3598690330982 959223.24250556529 43038.529944330454 259225.17847581208 32358.465692549944 46027.666976049542 24810.314540505409 29341.357632674277 39802.620811834931 1133668.2775657922 119801.56935921311 238333.22295303643 108537.86693614721 7318.3882655799389 239770.70846310258 600546.75503723323 5325.536700874567 135482.7294255197 27111.727257534862 12504.788821473718 63368.910205766559 44648.247965022922 116707.78230472654 6672.8206542432308 126707.24236524105
leaf_count=71914 3806087 914894 57099 43062 1647721 686101 57365 825014 243308 4499669 229464 2429124 3476130 4412914 139167 178751 434461 1275855 254992 18924 2265472 88697 656977 87996 122042 55689 108092 140595 3611429 406619 527481 257971 12394 611075 1474381 14360 379993 68462 33546 174655 137490 382303 14308 584607
internal_value=0.000150895 -0.000256657 0.000635493 -0.00127119 -0.00445003 0.000239891 -0.000968755 0.0015496 -0.0150532 0.000786803 -0.000116363 -0.00373328 -0.00551207 0.00278653 0.00746196 -0.00830599 -0.000446525 0.00875716 -0.0140408 0.00418377 0.00490039 0.0252596 0.00405074 -0.00305924 9.17683e-08 0.00912936 0.0077753 -0.00441104 -0.000719524 -0.00400603 0.00134877 0.000389953 0.00617414 -0.000797156 0.000666397 -0.00213088 -0.00208921 0.00217673 -0.00113598 -0.00406154 0.000222754 -0.00199956 0.0314791 -0.00794811
internal_weight=1.2192e+07 1.15482e+07 9.18996e+06 2.9781e+06 959536 2.01856e+06 1.73955e+06 6.21186e+06 174737 4.81698e+06 1.63306e+06 2.35827e+06 1.38905e+06 1.83755e+06 643752 105612 2.97943e+06 580433 106487 1.39488e+06 1.2693e+06 50849.9 1.21845e+06 125585 108522 62494.3 279015 63318.6 1.5478e+06 414131 1.38193e+06 1.14359e+06 194737 948855 709085 37684 784799 225963 31366.8 90480.6 59005.6 1.5975e+06 13991.2 869420
internal_count=37918650 36291119 25995171 9175944 2873442 6302502 5508309 16819227 602611 13451971 5162406 10295948 6489861 5237928 1627531 359303 8214043 1415022 345903 3367256 3030070 107621 2922449 337186 280087 158045 794193 212509 4932942 1321513 3332071 2804590 461163 2343427 1732352 102356 2270831 623110 90911 243117 180552 4881972 26702 4060737
is_linear=0
shrinkage=0.05


Tree=95
num_leaves=45
num_cat=0
split_feature=1 3 2 3 1 4 1 0 3 1 1 2 4 0 0 4 0 0 1 0 3 4 1 1 2 0 1 4 4 0 0 0 4 4 2 0 0 0 4 0 0 4 0 4
split_gain=36840 16463.4 14084.8 10402.2 8243.31 7302.46 6731.67 5957.5 5667.07 6004.76 11481.5 4893.41 4233.45 4044.35 3894.82 3778.05 3701.47 3350.64 3654.39 3277.66 3651.02 3226.26 3209.44 4383.65 3010.55 3276.92 3691.63 2966.21 2926.26 2911.49 3430.5 2886.31 2842.49 2784.3 2757.21 3214.4 4856.36 3009.11 2672.59 2640.94 2546.39 2980.83 3216.15 2534.87
threshold=-0.46472317204376873 -4.0890791080317319 3.5000000000000004 1.9150080877777429 0.23931566428755774 14.470060564302171 -0.73300900260771595 -0.12053668025532321 5.6196416414781885 0.62305106867763382 0.57552211292281397 5.5000000000000009 24.301560733309959 0.67983684365189634 0.93085292505862427 -1.8398173844038366 0.65797238821565851 0.88059548392442355 0.12053668025532312 -0.94117129826980295 -15.289272778559694 2.8874374994353933 0.57552211292281397 0.62305106867763382 3.5000000000000004 -0.99087453071010889 -0.4300652022765204 -13.447534830401089 -10.563115581931781 0.35460488704253579 0.76251730544457197 0.96778869966720549 2.3090826435652478 -11.129526036391809 2.5000000000000004 -0.93085292505862405 -0.86066547284873141 -0.79450537036186197 -19.905944047523722 -0.86066547284873141 -0.93085292505862405 16.158017337472774 0.94117129826980317 1.5106481263498781
decision_type=2 2 2 2 2 2 2 2 2 2 2 2 2 2 2 2 2 2 2 2 2 2 2 2 2 2 2 2 2 2 2 2 2 2 2 2 2 2 2 2 2 2 2 2
left_child=3 2 19 11 5 24 7 32 34 10 27 15 -8 16 17 -1 28 18 -4 -2 -21 -18 39 -24 -3 -26 -27 -10 -11 -17 -31 33 -5 -28 -6 -36 38 -38 -37 -20 -29 -42 -43 -9
right_child=1 4 14 6 8 -7 12 43 9 13 -12 -13 -14 -15 -16 29 21 -19 22 20 -22 -23 23 -25 25 26 31 40 -30 30 -32 -33 -34 -35 35 36 37 -39 -40 -41 41 42 -44 -45
leaf_value=0.00033080453209031145 0.0010667696812530392 -0.0046786182135199498 0.0072689480464268492 -0.004216653331498013 -0.00037818819933780294 0.0063849753271415927 -0.0047070967529817239 0.027493756600956112 0.026351450636223774 0.014052843893126214 0.027231503022851135 0.00081376968135490804 0.01840517428811415 -0.0069934061601836829 -0.0048369546771069747 -0.0092633351842192607 0.042895700049459834 0.011261335302362473 -0.0015057542951434385 -0.016387555557196259 -0.0067694563407250099 0.011695330773331699 0.019765347818121084 0.00086401784472121346 0.0046337831211797431 0.0062025317877465016 0.011232360271100014 0.018123467033620819 0.0030746898489874414 -0.00081306784795244665 -0.012782833653436278 3.1101592481166958e-05 -0.021347808428799131 -0.0079677948040472249 0.012575414509651729 0.01736956790761374 0.011595355195065583 0.0032961949669300661 -0.0073033243047364626 -0.011577695896425272 0.0021935169533853238 0.0062237189344813114 0.021033397340860321 -0.0091787020701492861
leaf_weight=278267.7801085934 107457.5134665966 484193.5663498491 202649.26526561379 28174.473694823682 570419.9807151854 372794.13348417729 370472.48427706212 4753.5346978232265 20138.827627435327 66287.753375768661 87028.436997801065 647534.83284519613 20932.443253129721 76539.663403838873 282134.57370688766 425256.02463251352 9525.2245988994837 83765.173235028982 242243.87198339403 116923.31952858716 631949.22140781581 63661.550774544477 31631.268521934748 1015173.5439374149 287743.19445289671 125899.57945655286 20226.597196161747 44731.762040361762 720193.14006344974 298559.14562743902 74869.104784734547 336015.96911098063 172252.63749593496 284020.21551323682 93684.437678158283 11886.717450141907 115717.49262723327 1945724.5023455322 143208.21518908441 88993.567873343825 259598.28213724494 123168.59016120434 52194.174506098032 540648.73415885121
leaf_count=1068176 488229 2101210 502848 139538 2102317 978543 1462046 19551 43606 148369 199402 1836967 56636 189882 775177 2086453 19638 195694 621844 556506 2711123 156020 78548 2523399 768943 357861 48346 121572 1863610 1152379 277957 849988 981137 862733 253121 26831 296904 4747348 359954 241695 692987 304429 122223 2526910
internal_value=-0.000119877 0.00143355 -0.00175549 -0.00506913 0.0028491 0.000106646 -0.00878127 -0.011568 0.00403912 0.00650587 0.0104712 -0.00262112 -0.00347105 0.00402022 0.000595355 -0.0046864 0.00500081 0.00151616 0.000999738 -0.00709937 -0.00827115 0.015756 7.78139e-05 0.00143516 -0.00141505 8.43187e-05 -0.0016243 0.00755295 0.00399997 -0.00643443 -0.0032129 -0.00316334 -0.0189396 -0.00669135 0.00273489 0.00350354 0.00312011 0.00376206 -0.00541236 -0.00421178 0.00676374 0.00559549 0.0106316 -0.00885908
internal_weight=1.19792e+07 9.11752e+06 2.80292e+06 2.86172e+06 6.3146e+06 1.91089e+06 1.13723e+06 745829 4.40371e+06 1.52307e+06 586860 1.72449e+06 391405 936207 1.94659e+06 1.07695e+06 859668 1.66446e+06 1.58069e+06 856330 748873 73186.8 1.37804e+06 1.0468e+06 1.5381e+06 1.05391e+06 766162 499832 786481 798684 373428 640263 200427 304247 2.88064e+06 2.31022e+06 2.21654e+06 2.06144e+06 155095 331237 479693 434961 175363 545402
internal_count=37918650 26310900 8695063 11607750 17615837 5967624 5185818 3667136 11648213 3861738 1484219 6421932 1518682 2377519 4939205 4584965 2187637 4164028 3968334 3755858 3267629 175658 3465486 2601947 4989081 2887871 2118928 1284817 2011979 3516789 1430336 1761067 1120675 911079 7786475 5684158 5431037 5044252 386785 863539 1241211 1119639 426652 2546461
is_linear=0
shrinkage=0.05


Tree=96
num_leaves=45
num_cat=0
split_feature=2 2 2 1 1 0 4 0 4 1 0 4 3 1 3 0 4 3 2 4 3 1 4 3 0 1 1 3 3 4 4 0 1 1 3 3 3 0 3 1 0 0 4 1
split_gain=54204.5 11615.4 7407.94 5052.61 2736.95 2594.67 3109.09 2353.85 2712.44 2269 1857.86 2163.47 1529.02 1376.3 1284.5 1259.26 1242.58 1223.69 1212.74 1145.24 1131.99 1053.45 909.674 895.774 1156.67 886.246 875.276 827.231 801.148 772.875 735.86 733.835 707.33 752.164 705.638 687.215 841.647 1027.94 681.364 677.848 673.744 666.477 664.955 654.839
threshold=4.5000000000000009 2.5000000000000004 6.5000000000000009 -0.80891915365350464 -0.22264714151432796 -0.4298763333408428 -3.6523558457140619 0.48662714534649493 -3.2779083020232203 -0.59907629515643335 -0.58743244627487456 -6.4105978126149834 3.8540119167625204 0.57552211292281397 1.3819116029588019 -0.79450537036186197 7.0442677460641265 -2.7600588162966058 5.5000000000000009 9.6746708834979085 -2.1944148255439688 1.0000000180025095e-35 -8.5027094594762698 -1.3510783328691855 -0.32012920303568732 0.25145141517831299 0.57552211292281397 6.2094194758468335 0.7172640208719373 19.938981218868943 -14.1647135174918 -0.35460488704253573 0.57552211292281397 0.52542847473095 13.004643051379945 -4.6779030618177968 8.1203605507486731 1.0000000180025095e-35 21.648738632197027 0.12053668025532312 0.5633557562674042 -0.088756899407539683 3.9486187187886661 0.93621795190976798
decision_type=2 2 2 2 2 2 2 2 2 2 2 2 2 2 2 2 2 2 2 2 2 2 2 2 2 2 2 2 2 2 2 2 2 2 2 2 2 2 2 2 2 2 2 2
left_child=1 5 3 23 17 6 14 8 12 20 11 28 43 21 -1 -15 26 42 -12 -19 -7 35 -16 24 31 29 39 41 -5 40 -14 -2 33 34 -13 -10 -37 -38 -11 -8 -9 -25 -4 -3
right_child=2 7 4 10 -6 9 16 25 13 38 18 32 30 15 22 -17 -18 19 -20 -21 -22 -23 -24 27 -26 -27 -28 -29 -30 -31 -32 -33 -34 -35 -36 36 37 -39 -40 -41 -42 -43 -44 -45
leaf_value=0.0062233723716561334 0.0013794216464137377 0.0016559884989469531 -0.0059266001586022604 -0.0030592388749009335 -0.0081662499464328873 0.0032767405651731307 0.011564803669779069 -0.0093481168324266936 -0.00039078991774192716 0.0031769041893801755 -0.0030940194255666517 0.001125894039549272 -0.014649382493367884 -0.017470468342749026 -0.0032790478859097876 0.0011999724624393812 0.0027666804663751712 -0.0013410961243347486 -0.0056437363539610574 -0.0060334336274924898 0.0080874326038189396 0.010852370988998709 0.0045688156270460301 0.0064244164054197252 -0.0037260908648530547 -0.0026354215625501937 0.0060342242454493183 -0.0013015145247127517 -0.0082894539664201596 -0.0046973870280614064 -0.0032186525971542417 0.015329498023319064 -0.005100797568381072 0.011831719382052549 -0.017336014021740346 0.005308382671291953 -0.0050178577096749825 0.0068206864526581396 -0.0072838201730300606 0.017497583317537358 0.00094977007240755007 0.0020304626587869488 -0.013112620919124818 -0.0012028534655385309
leaf_weight=557417.37014700472 32526.965675845742 809608.01317042112 106140.92399813235 409960.43473622203 1023705.0771912038 171546.31825761497 225224.89492070675 16267.259414806962 73807.812133669853 1503237.9126231968 944189.45467802882 422310.29918114096 15682.894323348999 9374.6906869858503 67790.15529614687 246518.22919696569 43800.898613661528 356389.93902601302 921534.55697990954 204734.50329045206 425816.32469753921 64433.18647365272 81100.543890416622 141891.84543974698 140623.96700704098 437550.15612451732 56710.750820040703 104304.97112876177 89136.693980336189 73190.076029807329 137713.41695781052 13274.63112001121 47777.890725672245 16335.420251362026 5239.9116746038198 608132.28204505146 45651.284586176276 30645.044316127896 15729.546209812164 61235.664695322514 672787.36314804852 220275.71105714142 46207.227255560458 266155.97645995021
leaf_count=1920082 98947 2489820 319959 1257151 3272500 565887 922060 45609 221406 4733294 2899050 1289973 45077 27142 210923 760315 147102 1070539 2899050 607321 1601663 218714 278098 446502 417601 1324400 185992 306201 271884 219899 419998 45361 151155 57492 13845 1994421 131732 98645 48406 239643 2044492 668138 135081 796080
internal_value=-3.09035e-05 0.0029435 -0.00383901 -0.00251715 -0.0065094 0.00511706 0.00709499 0.000954562 0.00188851 0.00409527 -0.00342417 -0.00167432 0.000282761 0.00371846 0.00512137 0.000515977 0.0106973 -0.00413212 -0.0043534 -0.00305316 0.00670593 0.0047146 0.000995672 0.00145117 -0.00147842 -0.000841816 0.0117095 0.00262198 -0.00399333 0.000187765 -0.0043873 0.00542256 0.00067975 0.00130194 0.000899631 0.00419302 0.00468734 -0.00026281 0.00306858 0.012833 0.000706657 0.00375195 -0.00810612 0.000948679
internal_weight=1.19637e+07 6.71713e+06 5.24656e+06 3.50938e+06 1.73718e+06 3.20961e+06 1.09328e+06 3.50752e+06 2.30772e+06 2.11633e+06 2.85648e+06 990761 1.22916e+06 1.07856e+06 706308 255893 386972 713473 1.86572e+06 561124 597363 822670 148891 652898 186426 1.19979e+06 343171 466473 499097 762245 153396 45801.6 491664 443886 427550 758236 684429 76296.3 1.51897e+06 286461 689055 362168 152348 1.07576e+06
internal_count=37918650 21690900 16227750 10822350 5405400 10853150 3903900 10837750 7203350 6949250 8839600 3041500 3750975 3452375 2409103 787457 1494797 2132900 5798100 1677860 2167550 2664918 489021 1982750 561909 3634400 1347695 1420841 1529035 2310000 465075 144308 1512465 1361310 1303818 2446204 2224798 230377 4781700 1161703 2090101 1114640 455040 3285900
is_linear=0
shrinkage=0.05


Tree=97
num_leaves=45
num_cat=0
split_feature=3 2 0 0 1 1 3 3 4 0 3 1 1 0 1 1 1 4 1 0 4 0 4 0 0 3 0 0 0 1 0 0 4 0 0 0 0 1 4 1 0 0 1 4
split_gain=13364.1 13195.4 6509.42 6879.15 5314.69 4975.5 5142.83 4869.54 3676.02 3611.37 3420.04 2954.44 9541.92 4165.21 5648.58 2894.74 3924.56 2888.24 3836.41 2879.5 2836.62 2803.94 3596.3 2771.56 2723.34 2658.9 2835.51 4594.18 4174.78 3189.36 2554.24 3297.89 3424.91 2416.2 2904.21 2694.91 2948.16 2399.8 5101.6 2400.75 2340.5 2260.93 3329.3 2153.27
threshold=-10.096529937029212 3.5000000000000004 0.58743244627487468 0.65797238821565851 -0.73300900260771595 1.0000000180025095e-35 0.1328636443988245 4.2382278149346257 9.2365952017657573 -0.56335575626740397 -24.51843460078786 0.62305106867763382 0.57552211292281397 0.67983684365189634 0.66905282987950276 0.23931566428755774 0.82619477567192912 1.611173643267666 -0.86104361176735533 0.37886415816525426 19.938981218868943 0.65797238821565851 3.9486187187886661 -0.86066547284873141 -0.97474915486277791 7.7037891927019055 -0.99087453071010889 -0.96778869966720515 -0.93085292505862405 0.52542847473095 0.37886415816525426 0.5633557562674042 -11.71792585976482 -0.93085292505862405 -0.86066547284873141 -0.79450537036186197 -0.82298386589365657 0.88755655832397862 -8.5027094594762698 0.75301099516636072 -0.93085292505862405 0.48662714534649493 0.88755655832397862 -23.157600016522462
decision_type=2 2 2 2 2 2 2 2 2 2 2 2 2 2 2 2 2 2 2 2 2 2 2 2 2 2 2 2 2 2 2 2 2 2 2 2 2 2 2 2 2 2 2 2
left_child=2 4 10 -4 -2 17 8 9 33 -6 -1 12 25 21 -15 20 -17 18 -3 -18 24 30 -23 40 -9 26 -8 -28 -29 -30 -13 41 -33 -7 43 36 -36 39 -39 -12 -20 42 -32 -35
right_child=1 5 3 -5 7 6 11 15 -10 -11 37 13 -14 14 -16 16 19 -19 23 -21 -22 22 -24 -25 -26 -27 27 28 29 -31 31 32 -34 34 35 -37 -38 38 -40 -41 -42 -43 -44 -45
leaf_value=0.015089656685846149 0.00061265857160766038 -0.0068334291514318682 0.03153532771847363 0.0077789030790770541 -0.0056536800607264407 -0.0048968934229789655 -0.014924182521209981 -0.016515931466736255 0.011060643795648297 -0.00099436308016019907 0.0014466287429202463 -0.0022071633957046984 -0.026100341111320348 -0.00061598257265316756 0.026734031452073689 -0.013449129486270129 -0.0071481598329662934 0.0030087889634371878 0.0001319466045668393 0.0079584616989156459 -0.014098595302129131 -0.030943307254134824 -0.0044407204673469385 0.0042131609371676105 2.5683697647018962e-05 -0.0084486942146133233 0.019121383371729236 -0.017017681292243139 0.0023632726965166764 -0.0094531240505192973 -0.00058788139355442403 0.055522251608102403 -0.005955630666734258 -0.010566253522718451 -0.0017113771224718942 0.0011717432147561556 -0.025283176066396681 0.0065022469520769318 -0.017732347861559049 -0.0060768222455665566 -0.0095095130761160811 0.02429093204423503 0.025467270176550112 0.01084770972118726
leaf_weight=49754.676192015409 789374.72234994173 176029.00833790004 32711.818990215659 445210.17680121958 635386.57360502332 170743.51142667234 35721.175746709108 27556.222941078246 91022.860437765718 1203807.311173588 459028.72269211709 748056.16438707709 49849.374944001436 47628.966416627169 31274.316749453545 285348.87484028935 193047.14645579457 2498979.7084641159 423214.11749137938 37705.642099350691 53825.439726963639 17808.990836456418 45512.618479371071 420431.2989411056 256396.72211720049 186648.19750150293 28536.748068094254 39771.494665451348 291385.43708757311 71024.027626730502 46536.855619877577 2351.7823942750692 61702.483974143863 13094.994355499744 39042.636725977063 1434322.2558634877 20090.942846268415 330076.48664920032 23245.055615633726 137887.91008672118 73942.947712123394 24046.382764160633 16645.913343057036 113400.94035869837
leaf_count=112840 3348561 536988 61882 1063222 2986758 513336 124513 173083 196878 4352490 1374211 2115519 182865 137208 76085 1323296 807781 6634669 1252386 136553 228000 45693 137051 1120540 1061275 596076 86716 132868 777834 229532 119120 3837 169049 31284 115930 3584789 58150 844021 64415 385780 235099 57563 41142 281762
internal_value=0.000148181 -0.000467333 0.00460499 0.00940493 -0.0029952 0.00075214 -0.00055443 -0.00405271 0.00125859 -0.00260402 0.00231097 -0.00251006 -0.00501476 -0.000819665 0.0102245 -0.00717307 -0.00952825 0.00207094 -7.21064e-05 -0.0046797 -0.00357452 -0.00172489 -0.0118945 0.00122498 -0.0015796 -0.00340533 -0.00138719 -0.000264517 -0.00164004 4.75272e-05 -0.00100886 0.00491644 -0.00369844 0.000760342 0.00135662 0.000740482 -0.00972002 0.00164188 0.00490785 -0.000291291 -0.00130204 0.0112425 0.00627652 0.00863091
internal_weight=1.21792e+07 1.07013e+07 1.47791e+06 477922 3.48245e+06 7.21882e+06 3.62622e+06 2.69307e+06 1.88172e+06 1.83919e+06 999993 1.7445e+06 702936 1.04156e+06 78903.3 853880 516102 3.5926e+06 1.09362e+06 230753 337778 962661 63321.6 917588 283953 653087 466439 430718 402181 362409 899340 151283 64054.3 1.7907e+06 1.61995e+06 1.49346e+06 59133.6 950238 353322 596917 497157 87229.2 63182.8 126496
internal_count=37918650 34012279 3906371 1125104 14417797 19594482 9814800 11069236 4782129 7339248 2781267 5032671 2130404 2902267 213293 3729988 2267630 9779682 3145013 944334 1462358 2688974 182744 2608025 1234358 1947539 1351463 1226950 1140234 1007366 2506230 390711 172886 4585251 4071915 3758869 174080 2668427 908436 1759991 1487485 217825 160262 313046
is_linear=0
shrinkage=0.05


Tree=98
num_leaves=45
num_cat=0
split_feature=1 3 2 2 3 0 3 4 0 4 4 0 0 2 4 4 3 4 4 0 4 0 0 3 1 1 1 1 0 0 0 4 0 0 0 0 0 3 4 1 4 1 4 1
split_gain=33669.4 18245.3 13789.8 10245.7 6726.11 6024.12 5724.94 4684.25 4776.96 5205.37 4632.09 5530.14 4450.94 4208.99 3684.51 3087.87 3006.31 2867.18 2828.06 3104.76 2812.62 2675.77 2373.68 2343.3 2693.41 2237.17 5055.91 3226.4 2215.2 2167.29 3773.7 2102.11 2150.07 2090.29 2096.04 6081.72 2008.54 1998.21 1992.11 1946.84 1906.53 2689.19 1869.91 2510.33
threshold=-0.2393156642875576 3.3218039775813186 2.5000000000000004 3.5000000000000004 2.8157882194800341 0.48662714534649493 -9.3317940367424583 -5.3041796436846189 0.35460488704253579 2.1841901042079397 -11.921314318142581 0.58743244627487468 0.5633557562674042 4.5000000000000009 23.090718978779361 12.228661816030781 -15.289272778559694 13.733444063069575 -2.4372526026592918 0.94117129826980317 13.513500347739738 0.76251730544457197 0.96778869966720549 19.255578152819776 0.99649054800675863 1.0000000180025095e-35 -1.7225464241988328e-16 -0.10466628778912916 0.99437935835663549 0.26568621746226689 0.46472317204376884 2.4244436874032798 -0.93085292505862405 0.088756899407539988 -0.2393156642875576 -0.2058881604517783 0.12053668025532308 0.78397047326234681 0.80806225100306517 -0.86104361176735533 -0.68237285157088212 0.47375768738725649 0.56866919934347859 0.57552211292281397
decision_type=2 2 2 2 2 2 2 2 2 2 2 2 2 2 2 2 2 2 2 2 2 2 2 2 2 2 2 2 2 2 2 2 2 2 2 2 2 2 2 2 2 2 2 2
left_child=3 2 6 7 17 31 -2 -1 9 -9 11 -3 15 16 23 -7 -4 18 19 39 -10 -14 42 24 25 26 27 -12 -27 33 -31 32 -6 34 -20 -36 -19 -11 -29 -5 -8 -42 -15 -44
right_child=1 10 13 4 5 12 40 8 20 37 14 -13 21 22 -16 -17 -18 36 29 -21 -22 -23 -24 -25 -26 28 -28 38 -30 30 -32 -33 -34 -35 35 -37 -38 -39 -40 -41 41 -43 43 -45
leaf_value=0.00062142289664803962 -0.012541032976346497 0.01591135992018701 -0.0093467732793937313 0.01240344527367864 -0.014012922197101993 0.0016913915547388419 -0.0049749724792468577 -0.0069164925498479057 -0.0082262233202867689 -0.011069001698258427 0.0005856938295892149 -0.025673100599598975 -0.0078077367065963457 0.0021761714678434252 0.012451997087206462 0.037284495393408688 -0.00041695404901294776 -0.013209472434295634 -0.0052318707396330202 -0.033721882540352487 -0.00020175243120704948 0.00068398581732301126 -0.0017600440312818867 0.012571254523360362 -0.0043995536982083623 0.0046143540659486903 -0.01100894828959546 0.0037616543040164697 0.023140863035612653 0.0089875650007599887 -0.0018246978255586615 -0.011714187582883855 0.0038074633132369039 -0.010598272758840932 0.021094581338564566 -0.0028956163943876629 0.010971209476391193 -0.020134149234997512 0.020765587871612312 0.0018716188446924343 -0.0044067239629160702 0.0060169321989230352 0.0019182575412121741 0.0099271808121141822
leaf_weight=138523.87714872509 214085.02118620276 140079.79482249916 101227.96483584493 50429.125558137894 26110.768492616713 12455.286885261536 554660.82684428245 219065.44939599186 366851.09182178974 89621.773411691189 225302.03160879016 8478.837914057076 161589.49672368169 2320976.8791479021 136792.22388596833 11930.027675956488 1367581.447569117 9647.8599310666323 334848.61734057963 5766.0097663402557 155479.85238621384 217813.31327821314 332624.06324999034 77677.940840810537 97336.121413052082 1927309.5079884231 75571.308664813638 31975.681272923946 16271.100573256612 97654.542995080352 464819.574307248 354502.54711195081 48118.848057031631 106817.6920312047 32347.332800999284 144121.10568954796 78160.893187090755 188960.04687549919 37338.351991862059 337860.38218195736 137494.7647273913 112506.0646995753 196191.74135507643 195175.70533643663
leaf_count=602005 1139960 322755 365266 150654 98929 33457 2412172 1229987 1744910 532716 634477 21798 530265 5485704 325931 33630 4216245 36028 1203331 16311 688992 618724 848553 179592 250697 5051850 208915 102305 42181 286878 1316819 1567937 181683 353500 116264 516422 215812 1369090 104074 943106 562404 383772 444014 428535
internal_value=-0.000119982 0.0016394 -1.9937e-05 -0.00412015 -0.00231589 -0.00598446 -0.00527435 -0.00800588 -0.00917755 -0.0126832 0.00494866 0.013538 -0.00160182 0.00116597 0.00446266 0.0191046 -0.00103238 -0.000478766 -0.000969103 0.0026986 -0.00583762 -0.00293268 0.00222639 0.00402354 0.00374816 0.00409092 0.000528467 0.0034879 0.00476945 -0.00219329 5.24847e-05 -0.0101121 -0.00246098 -0.00423683 -0.00290788 0.00150188 0.00831439 -0.0172178 0.0129214 0.00323944 -0.00334101 0.000284159 0.00271527 0.00591232
internal_weight=1.19602e+07 8.30666e+06 5.53252e+06 3.6535e+06 2.49499e+06 832520 1.01875e+06 1.1585e+06 1.01998e+06 497647 2.77413e+06 148559 403788 4.51378e+06 2.62557e+06 24385.3 1.46881e+06 1.66247e+06 1.57466e+06 394056 522331 379403 3.04497e+06 2.48878e+06 2.4111e+06 2.31377e+06 370187 294616 1.94358e+06 1.18061e+06 562474 428732 74229.6 618135 511317 176468 87808.8 278582 69314 388290 804662 250001 2.71234e+06 391367
internal_count=37918650 23531200 16286625 14387450 8219750 3064625 4498308 6167700 5565695 3131793 7244575 344553 1216076 11788317 6900022 67087 4581511 5155125 4903285 1110071 2433902 1148989 7206806 6574091 6394499 6143802 1049771 840856 5094031 3793214 1603697 1848549 280612 2189517 1836017 632686 251840 1901806 206379 1093760 3358348 946176 6358253 872549
is_linear=0
shrinkage=0.05


Tree=99
num_leaves=45
num_cat=0
split_feature=2 2 2 1 1 0 4 0 4 1 2 1 3 3 4 3 3 1 4 1 4 1 3 3 4 3 1 4 3 0 3 0 0 0 1 1 4 0 3 1 1 0 3 0
split_gain=49418.9 10541.5 6988.26 4631.69 2530.16 2310.54 2914.29 2111.69 2499.21 2029.55 1778.92 1640.23 1582.38 1256.19 1227.65 1182.96 1143.93 1143.52 1063.68 988.496 915.027 983.805 1048.44 857.495 850.163 854.751 846.578 794.742 1914.86 1315.52 901.654 786.109 819.296 741.138 1004.05 734.071 711.655 707.923 679.59 672.308 862.237 672.742 791.358 670.759
threshold=4.5000000000000009 2.5000000000000004 6.5000000000000009 -0.80891915365350464 -0.22264714151432796 -0.4298763333408428 -3.2779083020232203 0.48662714534649493 -5.9806671733647141 -0.46472317204376873 5.5000000000000009 0.57552211292281397 0.1328636443988245 -1.2007271307681469 9.9729883624521403 10.854957279475139 -2.7600588162966058 1.0000000180025095e-35 9.3863800841791463 0.25145141517831299 11.657208408734954 0.30909602655580187 -1.8070737377971076 -3.9974872748228978 10.136887402141918 15.665097213080172 0.66905282987950276 3.4731580807727558 -0.98011244915086582 0.67983684365189634 -7.8528368245601241 0.67983684365189634 0.5633557562674042 0.99437935835663549 1.0000000180025095e-35 -1.7225464241988328e-16 -9.507863682132415 -2.8327694488239893e-16 -1.8819319506537473 0.57552211292281397 0.12053668025532312 -0.79450537036186197 13.415603585259364 -0.79450537036186197
decision_type=2 2 2 2 2 2 2 2 2 2 2 2 2 2 2 2 2 2 2 2 2 2 2 2 2 2 2 2 2 2 2 2 2 2 2 2 2 2 2 2 2 2 2 2
left_child=1 5 3 23 16 6 15 8 12 13 20 17 -3 -7 39 -1 -4 -10 -18 38 21 22 35 -2 25 -11 27 29 -29 -9 33 32 -30 -31 -35 -5 -24 -26 -12 40 -8 42 -41 -13
right_child=2 7 4 10 -6 9 14 26 11 24 19 43 -14 -15 -16 -17 18 -19 -20 -21 -22 -23 36 -25 37 -27 -28 28 31 30 -32 -33 -34 34 -36 -37 -38 -39 -40 41 -42 -43 -44 -45
leaf_value=0.0051969276607132815 -0.0030036203818062952 0.00098014420675402261 -0.0078401754053277588 -0.0040770861296761992 -0.007873612705559821 0.0032121950179670976 0.010634148788851733 -0.0086325744403518544 0.0037141529490499585 0.0037092219545244369 -0.0052661039059666119 -0.010151623416527632 -0.0038008148534877588 0.007788985197790599 -0.0025212636698121963 -0.0091710747928327122 -0.0012404218213404932 0.0092975010603017095 -0.0057299028735176682 -0.0057166247973134739 -0.0053544449281351485 -0.0027278809667832735 -0.010459164372454026 0.0021528022638996362 0.028925759603535613 -0.0065149736502025648 -0.0041753173537067319 -0.0060099738502472008 -0.0059014046705470414 -0.0013349294974637255 0.0054089582014839425 -0.00056577303227034589 0.0070869064295726245 0.00090066055508172458 0.040071732285404546 0.0022223025962761736 0.0026060779540835067 0.00043004185643658402 -0.0018391918307378075 0.0020700800075322359 0.017450813119313485 0.0086225328827759639 -0.03057396917190322 0.00078984948449716983
leaf_weight=709765.4798784554 94221.090899676085 775013.47078606486 151627.78994188458 171365.09629688412 1017593.6711100638 229052.64896295965 237452.79714944959 27081.302174210548 850411.6676402837 1106133.7043401152 224143.33162212372 14605.18715659529 222830.39695911855 433985.19566552341 17579.526450872421 14620.802269622684 347546.90585272014 102789.41546718776 212667.00417484343 777325.66175182909 180333.6523431316 734158.96298547834 10826.838348448277 558776.59077960253 2194.3097401410341 20826.795390099287 159940.57039803267 159205.7967530638 14835.367342844605 112690.05220289528 156819.48138412833 494349.40552907437 66867.104218825698 4414.4431253969669 2599.1170013546944 63340.716078713536 279123.36949180067 324008.35220052302 408028.05555833131 8037.4978515058756 57653.250628754497 44625.399394363165 2414.1849011182785 342184.12526580691
leaf_count=2432608 283601 2361073 455040 509501 3272500 762882 965392 75905 2733576 3494107 685738 44628 669439 1620268 54336 44508 1044855 343573 633005 2471700 544384 2274912 30323 1699149 8299 62460 477400 456158 43097 337325 495175 1511610 213886 13252 10592 199173 865357 1001234 1258512 25562 226485 148738 6271 1051061
internal_value=-3.00495e-05 0.00280837 -0.00367365 -0.00238933 -0.00627407 0.00487948 0.00674725 0.000913439 0.00179776 0.00391555 -0.00325997 0.0032338 -8.75008e-05 0.00620789 0.0103722 0.00490693 -0.00398748 0.00431624 -0.00294471 -0.00452252 -0.00202343 -0.00154624 0.00010725 0.00140878 0.00286961 0.00352027 -0.000788988 -0.000267637 -0.0011563 0.0018845 0.00291449 0.000185125 0.00472852 -0.000353425 0.0154169 -0.00237705 0.00211822 0.000621728 -0.00305424 0.0110194 0.0119659 0.00594823 -0.00547021 0.00034196
internal_weight=1.19461e+07 6.71499e+06 5.23108e+06 3.50164e+06 1.72944e+06 3.20835e+06 1.09215e+06 3.50664e+06 2.30783e+06 2.1162e+06 2.84865e+06 1.30999e+06 997844 663038 367763 724386 711842 953201 560214 1.4095e+06 1.43915e+06 1.25881e+06 524656 652998 1.45316e+06 1.12696e+06 1.1988e+06 1.03886e+06 735258 303604 276523 576052 81702.5 119704 7013.56 234706 289950 326203 632171 350183 295106 55077.1 10451.7 356789
internal_count=37918650 21690900 16227750 10822350 5405400 10853150 3903900 10837750 7203350 6949250 8839600 4172838 3030512 2383150 1426784 2477116 2132900 3077149 1677860 4415950 4423650 3879266 1604354 1982750 4566100 3556567 3634400 3157000 2224751 932249 856344 1768593 256983 361169 23844 708674 895680 1009533 1944250 1372448 1191877 180571 31833 1095689
is_linear=0
shrinkage=0.05


Tree=100
num_leaves=45
num_cat=0
split_feature=3 2 1 3 0 0 0 1 1 1 0 1 0 3 3 3 0 0 0 3 0 0 4 0 0 1 1 1 1 0 3 1 1 4 1 1 4 0 1 0 0 0 0 4
split_gain=12471.7 12020.3 7733.81 9848.16 5211.54 8344.28 3677.65 3389.32 3227.85 5394.51 3224.1 3199.3 14299 3093.35 2970.84 2778.88 3066.77 3029.08 3477.15 2719.91 4814.56 2985.19 2789.01 3381.95 2521.29 2498.01 5440.7 5413.08 2525.83 9569.96 2491.5 2461.71 2386.18 2336.54 3071.91 2327.45 2099.77 2072.04 2057.95 2056.61 3822.91 2198.09 2008.08 1998.28
threshold=-13.969481366817602 5.5000000000000009 -0.55094406234797322 1.6508925019344363 0.93085292505862427 0.96778869966720549 -0.93085292505862405 0.99649054800675863 -0.59907629515643335 -0.66312265824079497 0.088756899407539988 0.75301099516636072 0.58743244627487468 -21.804925576132185 -5.3339208454867366 10.184363743421871 -0.32012920303568732 0.5633557562674042 0.37886415816525426 4.2382278149346257 0.37886415816525426 0.58743244627487468 7.3000500837369104 -0.2393156642875576 0.99087453071010911 0.57552211292281397 0.62305106867763382 0.56806474673115548 0.36521623457838687 -0.86066547284873141 19.255578152819776 1.0000000180025095e-35 0.30909602655580187 3.3589265570132132 0.30909602655580187 -0.22264714151432796 10.613918788794527 1.0000000180025095e-35 0.99284498505578556 0.48662714534649493 0.20588816045177846 -0.56335575626740397 -0.88545602565320969 22.138282614797578
decision_type=2 2 2 2 2 2 2 2 2 2 2 2 2 2 2 2 2 2 2 2 2 2 2 2 2 2 2 2 2 2 2 2 2 2 2 2 2 2 2 2 2 2 2 2
left_child=6 2 8 4 11 33 31 15 9 19 38 25 39 -8 -11 -5 35 18 -18 -2 22 -22 -21 -24 -19 27 -27 28 32 -30 -9 -1 -4 -6 -35 42 -20 -32 -3 40 41 -13 -17 -12
right_child=1 10 3 7 5 -7 13 30 -10 14 43 12 -14 -15 -16 16 17 24 36 20 21 -23 23 -25 -26 26 -28 -29 29 -31 37 -33 -34 34 -36 -37 -38 -39 -40 -41 -42 -43 -44 -45
leaf_value=0.0077745340407035929 -0.0003079649758066579 0.00082274705145216434 -0.0038093276306396546 -0.0046538838085081911 0.0062475722543680343 -0.00075617513994522087 0.015036675463926619 0.0078292112990240772 0.0070549892279986471 0.012551921944513631 0.0034660131420340282 -0.0069085316100232609 0.030102611329835799 0.00612752653444356 -0.017393685956373695 0.029502888068703784 -0.0057981390547003813 -0.012254821938886206 0.025018588263561403 -0.0010518425892362083 -0.0092729921163879365 0.0029229945466099898 0.019206815132956499 0.0065104236603123746 -0.00069550281899047198 -0.024799175474913816 -0.004819110378905281 0.013319729978726588 0.0094779075799427352 -0.0085071401091704052 0.10047743446764752 -0.011671372501568923 -0.015497121118951879 0.00974508798839651 0.027428402304333067 -0.019857558683916997 -0.0069746583677450045 -0.030671698908406077 -0.0061369017014130832 0.0067537893651968542 -0.0066280839820160994 0.001347717254917532 -0.016648756637534425 -0.0054538154836981578
leaf_weight=26180.040678501129 1307222.2730302513 1912614.9944428578 657345.87646894157 1485665.1714862734 90225.580840215087 376820.14188477397 120425.84505642951 69779.382971048355 202577.76353703439 9610.9525582939386 2128913.8413891718 91619.607138007879 38672.367177784443 510249.95586670935 59913.5795057863 4696.3446284979582 52887.023223415017 203157.88445648551 19206.155419275165 74160.843564987183 85761.463192909956 120913.17944788933 71593.91422316432 196152.16324013472 61440.030398003757 38226.677740000188 313512.76293832064 53837.615042209625 155358.2566562742 141179.97677798569 316.38611528277397 43016.320789575577 46776.975895553827 57190.358537986875 43044.3081317693 84094.570247173309 6996.9026592820883 6260.5698327049613 112464.56758864224 82804.87697198987 263645.57264687121 671218.65573474765 4731.4935375005007 64697.093112468719
leaf_count=80249 4784334 5042288 2536854 5691438 256333 1135053 272539 236154 658265 24753 4952836 335996 95907 1273108 241585 16849 201490 798105 57707 295829 342178 398474 199775 680614 220463 137402 1034375 153753 522873 469563 623 152586 192857 149392 108938 386735 22671 21497 278265 238610 863198 2171716 19418 165002
internal_value=0.000148367 -0.000247107 -0.00148208 -0.00253489 -0.00078007 0.00355505 0.00662814 -0.00527477 0.00105146 0.000419784 0.00187485 -0.00174289 0.000215667 0.0078287 -0.0132541 -0.00568501 -0.00918885 -0.00700441 0.00158128 0.000932051 0.0038869 -0.00213784 0.00752871 0.00990537 -0.00957073 -0.00334172 -0.00699052 -0.00212463 -0.00295557 0.00091534 0.00505636 -0.00431413 -0.00458578 0.0120847 0.0173389 -0.0172165 0.0164756 -0.0243627 0.000436237 -0.000826261 -0.00143773 0.000356112 0.00634103 0.00320294
internal_weight=1.21672e+07 1.14673e+07 7.24862e+06 5.12071e+06 3.12148e+06 567280 699872 1.99923e+06 2.12791e+06 1.92533e+06 4.21869e+06 2.5542e+06 1.14796e+06 630676 69524.5 1.92288e+06 437210 343688 79090.1 1.8558e+06 548582 206675 341907 267746 264598 1.40624e+06 351739 1.0545e+06 1.00066e+06 296538 76356.3 69196.4 704123 190460 100235 93522.4 26203.1 6576.96 2.02508e+06 1.10929e+06 1.02648e+06 762838 9427.84 2.19361e+06
internal_count=37918650 36140168 25701777 18075970 10402820 1649716 1778482 7673150 7625807 6967542 10438391 8753104 3705427 1545647 266338 7414876 1723438 1300436 281868 6701204 1916870 740652 1176218 880389 1018568 5047677 1171777 3875900 3722147 992436 258274 232835 2729711 514663 258330 423002 80378 22120 5320553 3609520 3370910 2507712 36267 5117838
is_linear=0
shrinkage=0.05


Tree=101
num_leaves=45
num_cat=0
split_feature=1 3 2 3 0 1 0 0 2 4 3 0 0 0 0 4 0 0 4 4 3 4 0 2 1 1 0 2 4 4 3 1 0 4 1 1 1 1 1 1 0 0 0 0
split_gain=30789.3 13627.7 13815.4 9422.31 8090.19 6424.66 5459.93 5297.25 5210.64 5005.76 4965.8 4952.17 4504.53 5340.51 4727.61 4340.53 5071.46 3678 3484.19 3479.05 3444.56 3312.41 3213.58 2936.9 2444.92 5277.21 3837.11 2291.05 2283.25 2258.58 2213.88 2557.53 2196.4 2185.4 5626.14 3634.48 2092.44 2087.08 1917.51 1882.16 1848.77 1809.76 3387.68 1805.91
threshold=-0.55094406234797322 3.6246353151596193 2.5000000000000004 2.3984898063610278 0.48662714534649493 -0.2393156642875576 0.5633557562674042 0.93085292505862427 5.5000000000000009 2.4244436874032798 -10.739650303569732 -0.93085292505862405 0.88059548392442355 0.67983684365189634 0.65797238821565851 -10.929287396660539 0.58743244627487468 0.58743244627487468 22.138282614797578 2.6587219948894512 8.4045606075079089 23.090718978779361 -0.12053668025532321 4.5000000000000009 0.57552211292281397 0.62305106867763382 0.89412692780947678 2.5000000000000004 12.425314784930018 -18.294771863470103 19.255578152819776 0.99649054800675863 0.76251730544457197 5.9037000904726691 0.30909602655580187 -0.12053668025532321 0.23931566428755774 -0.98846972602282535 -0.59907629515643335 -0.98846972602282535 0.99087453071010911 -0.99087453071010889 -0.97474915486277791 0.35460488704253579
decision_type=2 2 2 2 2 2 2 2 2 2 2 2 2 2 2 2 2 2 2 2 2 2 2 2 2 2 2 2 2 2 2 2 2 2 2 2 2 2 2 2 2 2 2 2
left_child=3 2 10 8 19 11 20 9 27 12 -2 -3 13 14 17 16 -7 23 32 39 -6 30 -21 -4 26 -26 -11 -1 -10 -15 31 40 -8 35 36 -9 -35 -30 43 -5 -17 -25 -43 -29
right_child=1 5 7 4 6 15 18 33 28 24 -12 -13 -14 29 -16 21 -18 -19 -20 22 -22 -23 -24 41 25 -27 -28 38 37 -31 -32 -33 -34 34 -36 -37 -38 -39 -40 -41 -42 42 -44 -45
leaf_value=-0.0083922174408460459 -0.012447052686351006 -0.018168739005303917 -0.00086290809306797814 0.032016526684541399 -0.00050260234581294902 0.014492364513634289 -0.0097366124029285243 -0.012278209075537267 6.2114806532750358e-05 0.00052481018638110262 -0.0035526437466450234 -0.00021260956078215598 0.012362846336065703 -0.032640888345566388 0.015966517425631481 0.0044304931859780097 -0.024069946645627505 -0.01302417011994185 0.0080226837437749783 -0.018881943813712429 0.031224951781488187 0.011867633285106226 -0.010789861520307566 0.005930638565257094 0.034873473822759161 0.007959506401689043 0.01692694461349328 -0.0045134794269688881 -0.017935488029396023 -0.0065370828590358386 0.012163767152313019 -0.0045630936179110208 -0.00096968709293471342 0.0009000460118329728 -0.01557698396163548 -0.0022425247909744444 0.011794708948200146 0.01372394668639524 -0.011553105427993371 -0.0035827805716233969 -7.081920935380415e-05 -0.011012974676993081 0.0020201278361843609 0.00087142215169974863
leaf_weight=306114.33176264912 186567.39514534175 46166.106926560402 1143237.4007622898 3967.1323636397719 16655.942185454071 163240.95614843071 218927.54735346884 124542.87605947256 567423.68302303553 215725.30953750759 987717.20874971151 228203.8875766471 87196.577609568834 8749.0981898605824 53887.335581831634 1922367.1412405819 8995.8792284801602 45851.910390533507 44632.723772965372 196795.57745010406 17587.865501888096 135656.70837599039 325816.60775833577 288064.5771189481 20029.100143879652 200903.15548342466 42717.686463989317 401748.87061458081 5789.9396298825741 156693.81092050672 77121.177875623107 93162.411948233843 106049.51789219677 232973.07303367555 47726.855442091823 327328.10294602066 54354.68879763037 51581.779973424971 63087.840701714158 57938.610346339643 258822.29883256555 51075.412279248238 2094204.5091114193 254218.43870045245
leaf_count=1791608 996784 228258 3695923 18836 57934 377598 856844 365121 1658055 565200 4317127 780944 228590 23788 135421 5104300 23555 107766 138388 1124705 62891 323824 1662665 701664 41141 464576 102616 1635488 17607 431005 178824 240175 367810 606408 114845 951480 134577 131731 214505 273913 686060 131554 5006376 840170
internal_value=-0.000121109 0.00123092 -6.7813e-05 -0.00488862 -0.00874927 0.00405064 -0.00330705 0.00103927 -0.00257599 0.00171383 -0.00496577 -0.00323395 0.0011253 0.000870246 0.00126572 0.0048022 0.0124783 0.00104703 -0.00507663 -0.0125094 0.0157929 0.00427063 -0.013837 0.00122742 0.0065374 0.0103995 0.0032359 -0.00476955 0.00102322 -0.00791753 0.00383236 0.00354984 -0.00687571 -0.0027396 0.000320377 -0.00500852 0.00296102 0.0105289 -0.00322731 -0.00130145 0.00389636 0.0022095 0.00170983 -0.00242657
internal_weight=1.19416e+07 9.30328e+06 6.36955e+06 2.63834e+06 988372 2.93374e+06 403854 5.19526e+06 1.64996e+06 4.40834e+06 1.17428e+06 274370 3.92896e+06 3.84176e+06 3.67632e+06 2.65937e+06 172237 3.62243e+06 369610 584518 34243.8 2.48713e+06 522612 3.57658e+06 479375 220932 258443 1.02517e+06 624795 165443 2.35147e+06 2.27435e+06 324977 786926 335055 451871 287328 57371.7 719055 61905.7 2.18119e+06 2.43334e+06 2.14528e+06 655967
internal_count=37918650 27065500 19121962 10853150 4563986 7943538 1483867 13808051 6289164 11635620 5313911 1009202 10462087 10233497 9778704 6934336 401153 9643283 1363042 3080119 120825 6533183 2787370 9535517 1173533 505717 667816 4481771 1807393 454793 6209359 6030535 1224654 2172431 855830 1316601 740985 149338 2690163 292749 5790360 5839594 5137930 2475658
is_linear=0
shrinkage=0.05


Tree=102
num_leaves=45
num_cat=0
split_feature=2 2 2 1 3 1 0 0 4 1 0 4 4 3 3 0 0 2 0 4 0 0 4 4 1 3 4 3 0 3 0 3 0 0 4 3 3 4 0 0 0 4 3 0
split_gain=45244 9662.92 6496.06 4225.19 2389.13 2127.33 1987.51 1900.12 2299.16 1871.06 1607.71 1886.75 1503.62 1315.07 1127.28 1354.02 1048.64 1041.83 990.492 917.69 808.875 797.347 784.297 846.359 756.775 746.696 743.837 1741.03 1276.8 805.224 724.575 718.039 688.687 755.367 777.628 953.022 689.348 680.457 946.963 1427.48 678.235 676.371 670.979 671.922
threshold=4.5000000000000009 2.5000000000000004 6.5000000000000009 -0.80891915365350464 -3.0130825307625559 0.47375768738725649 0.48662714534649493 0.48662714534649493 -3.2779083020232203 -0.59907629515643335 -0.58743244627487456 -6.5579930310375252 -7.5692134568637988 6.1036584017898656 8.7160870261468393 0.088756899407539988 -0.66312265824079508 5.5000000000000009 0.48662714534649493 7.0442677460641265 0.46472317204376884 0.088756899407539988 18.426290891346699 -5.9806671733647141 0.66905282987950276 0.7172640208719373 2.3090826435652478 -1.8070737377971076 0.67983684365189634 -10.305296212527717 0.48662714534649493 8.4045606075079089 -0.86066547284873141 -0.82298386589365657 -1.3698137021719921 -17.932038940727381 -1.2007271307681469 13.066217733224246 0.5633557562674042 0.58743244627487468 0.37886415816525426 -29.514157209511922 -4.783464721584493 0.46472317204376884
decision_type=2 2 2 2 2 2 2 2 2 2 2 2 2 2 2 2 2 2 2 2 2 2 2 2 2 2 2 2 2 2 2 2 2 2 2 2 2 2 2 2 2 2 2 2
left_child=1 5 3 21 30 6 12 8 13 19 11 25 -1 -3 15 -10 -14 -12 32 -6 -16 31 23 -11 26 -5 28 -28 -9 -30 -4 -2 -7 34 35 -34 41 38 -29 -40 -25 -35 -23 -44
right_child=2 7 4 10 9 18 -8 24 14 22 17 -13 16 -15 20 -17 -18 -19 -20 -21 -22 42 -24 40 -26 -27 27 37 29 -31 -32 -33 33 36 -36 -37 -38 -39 39 -41 -42 -43 43 -45
leaf_value=0.0036961720404816213 0.0036314237626282305 0.00067561450617576618 -0.0075912850553337685 -0.002791198464201975 0.0006457463409239477 -0.0030711355308785174 0.003907319059354996 -0.0098017255120673528 0.005391758269283382 -0.0084750341259325051 -0.0028165685566504174 0.00067805707524123612 0.010332713817836556 -0.0057857905983105078 -0.0012318624230564352 0.0013265155750066438 0.0067101865351581538 -0.0051873558263911008 0.00054926045417811827 -0.0041804162034318219 0.019866485887358669 -0.0065622669480098752 -0.013347922477611966 -0.0027700272957898592 -0.0039517644413402967 -0.0079234736915124379 -0.0056916101994713489 -0.01322457608792859 -0.00095151228723262338 0.0052069310969627249 -0.011586004775402453 -0.0073856669336973789 0.03210148782482472 -0.0020595653962176604 0.024253453677005331 0.0048101885803526999 0.0024690900374237336 -0.001620876087565932 0.015794074033626832 0.0013659903479096285 -0.0063843017257149961 0.005760976877592968 -0.001302248340907519 0.0037644793799109554
leaf_weight=244154.92243266106 308477.24987310171 1144449.7207775116 388465.27877081186 403417.3054831028 181832.77911631763 34671.286506593227 845350.78374750912 20795.685514941812 620643.28003188968 215427.37647889555 940113.0965122804 498285.89777167141 332835.40324504673 84565.875899933279 148137.90403369069 305726.33133554459 499725.81732276082 913842.94507782906 294696.62238357961 214923.28512085974 4686.5269807875156 38843.193913400173 36467.239126712084 236667.88345999271 159448.61578482389 85973.688525386155 158909.85121610761 10305.127756163478 80287.38080316782 156618.73731349409 160379.08129315823 15534.289718493819 3522.6238852590322 29678.186366587877 8235.2699681073427 34803.772033631802 475338.17481046915 285769.82402944565 18155.259690627456 307560.12492620945 287457.92217406631 404001.76519937813 190845.14220748842 99574.63668730855
leaf_count=835995 950436 3492125 1221995 1242666 551046 107800 2733500 57809 2035528 691925 2899050 1534361 1314891 258850 449793 949895 1880064 2899050 900900 634234 17159 116184 116437 758366 477400 264473 456526 27773 241867 493058 504020 42864 13712 89241 31535 116453 1501973 872798 62962 944207 927377 1327086 563535 309731
internal_value=-2.88574e-05 0.0026855 -0.00352193 -0.00228355 -0.00603586 0.00466896 0.00572188 0.000871224 0.00170975 -0.00476166 -0.00311711 -0.00148769 0.00714653 0.000231019 0.00339376 0.00405012 0.00815837 -0.00398517 0.00309397 -0.00196859 -0.000584859 0.00134231 -0.00618967 -0.0058367 -0.000744575 -0.00369281 -0.000252105 -0.00102096 0.00207711 0.00311984 -0.00875859 0.00310322 0.00385127 0.00410243 0.0103138 0.00731856 0.00378427 0.000172713 0.00169808 0.00217021 -0.00475228 0.00522579 -0.00039051 0.000434953
internal_weight=1.19296e+07 6.71307e+06 5.21653e+06 3.49491e+06 1.72162e+06 3.20701e+06 1.92207e+06 3.50606e+06 2.30821e+06 1.17278e+06 2.84163e+06 987677 1.07672e+06 1.22902e+06 1.07919e+06 926370 832561 1.85396e+06 1.28495e+06 396756 152824 653275 776020 739553 1.19785e+06 489391 1.0384e+06 780700 257702 236906 548844 324012 990251 955580 46561.7 38326.4 909018 621790 336021 325715 524126 433680 329263 290420
internal_count=37918650 21690900 16227750 10822350 5405400 10853150 6764450 10837750 7203350 3679385 8839600 3041500 4030950 3750975 3452375 2985423 3194955 5798100 4088700 1185280 466952 1982750 2494105 2377668 3634400 1507139 3157000 2364266 792734 734925 1726015 993300 3187800 3080000 161700 130165 2918300 1907740 1034942 1007169 1685743 1416327 989450 873266
is_linear=0
shrinkage=0.05


Tree=103
num_leaves=45
num_cat=0
split_feature=3 2 1 3 4 0 1 0 3 1 1 0 3 0 0 1 0 3 0 0 4 0 3 0 3 0 0 0 0 1 3 0 4 0 1 3 4 0 0 1 4 4 0 3
split_gain=11550.7 10682 6995.31 9591.65 5661.45 3149.76 3149.11 3020.53 2996.49 2935.36 5047.71 2899.36 2809.74 2680.2 3429.69 2564.29 2520.88 2444.02 4472.07 2750.49 2586.55 3023.52 2442.62 2369.36 2367.67 2945.86 4363.08 4751.81 3471.3 2340.02 2280.96 2224.78 2082.98 2670.24 2407.22 2073.11 1999.25 1996.11 1915.76 1899.54 1892.4 1885.29 1884.47 1881.12
threshold=-15.289272778559694 5.5000000000000009 -0.55094406234797322 0.58435031030321138 9.6746708834979085 -0.93085292505862405 0.99649054800675863 0.088756899407539988 9.7717786928039008 -0.59907629515643335 -0.66312265824079497 -0.32012920303568732 -5.2242228261087069 0.5633557562674042 0.37886415816525426 -0.22264714151432796 0.99087453071010911 4.2382278149346257 0.37886415816525426 0.58743244627487468 7.1737656324947929 -0.2393156642875576 -24.51843460078786 -0.56335575626740397 -4.5759955634478393 0.99087453071010911 0.93085292505862427 0.83428993469774138 0.81773537194966905 -0.044397947661467471 19.255578152819776 -0.88545602565320969 -8.6623966678336028 0.67983684365189634 0.14764656400248086 -3.5327065382870653 22.138282614797578 -0.58743244627487456 1.0000000180025095e-35 0.99284498505578556 10.613918788794527 -4.0237079780476384 0.088756899407539988 16.544307882493953
decision_type=2 2 2 2 2 2 2 2 2 2 2 2 2 2 2 2 2 2 2 2 2 2 2 2 2 2 2 2 2 2 2 2 2 2 2 2 2 2 2 2 2 2 2 2
left_child=5 2 9 4 23 29 8 -3 -5 10 17 15 -12 14 -13 31 43 42 20 -20 -19 37 -7 -4 25 26 27 28 41 -1 -8 -10 33 39 -34 -6 -36 -22 -32 -9 -16 -25 -2 -15
right_child=1 7 3 6 35 22 30 32 11 -11 12 13 -14 16 40 -17 -18 18 19 -21 21 -23 -24 24 -26 -27 -28 -29 -30 -31 38 -33 34 -35 36 -37 -38 -39 -40 -41 -42 -43 -44 -45
leaf_value=0.011033506596564116 -0.0021452631006340008 0.00042392798712486898 -0.0028531609205183321 -0.0041606432264185093 0.017321044365527109 0.017710461182574223 0.0071856536887812093 0.0051362827530809715 0.027754683346561351 0.0067657698041702977 0.011264431891639441 -0.0058124305865194532 -0.016952315153497714 -0.008846199541173605 0.022933124221068166 -0.018716706719786952 -0.0003961320812185757 -0.0011795349650002398 -0.0089199105518571239 0.0028009377272241597 0.0025210027263732693 0.0062884762082064316 0.0072008925934870186 0.0026620695410395183 -0.001989162970012736 -0.0063388215319354971 0.0098814405670102131 -0.0097039047419100778 0.018050211676067775 -0.01177976535438742 0.094044445136795218 -0.016847079820322616 0.0040029701447109513 0.024217647071908936 0.00083543592609618242 0.00459558088014038 -0.017078282778974749 0.022537614817227145 -0.03008934212267372 0.043747085558202441 -0.0067968816552513691 -0.0052145936962131097 0.0016389722982647526 -0.019595895182488634
leaf_weight=16586.989029690623 642335.45408079028 2050656.2985302135 1018243.2609227821 1705483.4433575496 52623.883029893041 63680.059054344893 76599.849491938949 157146.96910685301 5891.8325607329607 204565.08632107079 10365.890109568834 58239.220281749964 59254.640494376421 162780.29012386501 21136.624162748456 93369.492668688297 66331.814114868641 71599.607020333409 85375.157032430172 120981.86984188855 15914.846707642078 197367.07752849162 419498.14588309824 568830.1101333797 746305.3087772429 103004.45862497389 167716.23962421715 91636.108448639512 33759.904374182224 34872.177802503109 327.44757676869631 5320.8680068999529 1239840.5492201596 22766.257643297315 778078.42017356306 81682.141754150391 15893.447076968849 57291.095924273133 6118.5371568575501 3251.3492646217346 7167.6859984397888 87678.103430703282 674376.52894024551 54263.844135209918
leaf_count=50167 2521363 5378861 3818008 6527084 126554 139167 257923 347608 21278 662746 26647 223059 240811 640853 63224 434684 237494 286970 342178 398474 48179 684255 1025985 1692477 2458539 310333 444487 267930 83087 122466 623 22040 2849700 44431 1868699 229042 47107 156814 21497 6203 23288 259620 2289361 217334
internal_value=0.000147706 -0.00018287 -0.00133764 -0.00232541 -0.000447674 0.00733355 -0.00477439 0.00180702 -0.00513843 0.00106989 0.000467683 -0.00865286 -0.0127511 -0.00657471 0.00112659 -0.0160035 -0.0089267 0.000961076 0.00376522 -0.00204828 0.00727121 0.00950747 0.00858599 -0.000925814 0.000165117 0.00169249 0.00256364 0.00099399 0.00241418 -0.00442629 0.00478184 0.00658939 0.00308636 0.00819336 0.00262642 0.00958168 0.000476845 0.018186 -0.0237835 0.00591894 0.0154044 0.00161012 -0.000207102 -0.0115338
internal_weight=1.21562e+07 1.16216e+07 7.35394e+06 5.21451e+06 2.95148e+06 534637 2.26303e+06 4.26763e+06 2.17999e+06 2.13943e+06 1.93486e+06 474502 69620.5 369919 86543.5 104582 283376 1.86524e+06 548530 206357 342173 270573 483178 2.81717e+06 1.79893e+06 1.05262e+06 949620 781904 690268 51459.2 83045.8 11212.7 2.21698e+06 183165 2.03381e+06 134306 793972 73205.9 6445.98 160398 28304.3 656508 1.31671e+06 217044
internal_count=37918650 36580865 26038256 18380458 9690077 1337785 8690381 10542609 8410338 7657798 6995052 1883254 267458 1405252 309571 478002 1095681 6727594 1916870 740652 1176218 889248 1165152 9334481 5516473 3057934 2747601 2303114 2035184 172633 280043 43318 5163748 398242 4765506 355596 1915806 204993 22120 353811 86512 1952097 4810724 858187
is_linear=0
shrinkage=0.05


Tree=104
num_leaves=45
num_cat=0
split_feature=1 3 2 3 1 0 4 4 2 0 0 1 0 3 1 1 4 1 4 1 0 3 4 3 0 1 0 0 1 0 0 0 0 4 4 2 0 4 3 0 0 3 0 4
split_gain=28135.6 12410.3 11661.2 8911.9 7870.45 6692.26 6546.07 6036.57 4568.87 4546.94 5201.07 4486.11 4467.78 4042.54 4017.95 7158.36 4400.74 4289.65 5515 3772.37 3549.81 3412.62 3411 3363.56 3208.17 5762.6 3416.95 5115.37 3385.1 3167.09 3017.63 2854.17 4864.79 2794.75 2705.47 2488.87 2451.48 2372.25 3043.28 3613.03 2590.71 2346.95 2317.18 2403.39
threshold=-0.55094406234797322 -3.1845268707625105 2.5000000000000004 -0.55864259457566579 0.23931566428755774 0.26568621746226689 2.4244436874032798 15.844850383144847 4.5000000000000009 -0.93085292505862405 -0.88545602565320969 0.82619477567192912 -0.99087453071010889 8.4045606075079089 0.57552211292281397 0.62305106867763382 -18.667741070290628 0.74851074817110097 4.4358424663966547 -0.59907629515643335 -0.79450537036186197 2.3984898063610278 26.046987670433641 -18.943206484268512 0.37886415816525426 0.88755655832397862 0.20588816045177846 0.088756899407539988 0.97148236575323155 -0.088756899407539683 0.48662714534649493 0.93085292505862427 0.88059548392442355 -0.905903151831012 11.837148317062899 2.5000000000000004 0.67983684365189634 5.5345896761367799 14.983940511818 1.0000000180025095e-35 1.0000000180025095e-35 -9.5232133104396386 -0.86066547284873141 -7.8766203409222824
decision_type=2 2 2 2 2 2 2 2 2 2 2 2 2 2 2 2 2 2 2 2 2 2 2 2 2 2 2 2 2 2 2 2 2 2 2 2 2 2 2 2 2 2 2 2
left_child=3 2 -2 19 7 6 29 -3 -8 -6 -11 13 -4 14 16 33 -12 18 36 34 -15 -20 -7 -14 26 30 27 37 -28 -5 -26 32 -25 -16 35 -1 -17 38 39 -13 -39 -36 -18 -44
right_child=1 4 12 5 9 22 8 -9 -10 10 11 24 23 20 15 17 42 -19 21 -21 -22 -23 -24 31 25 -27 28 -29 -30 -31 -32 -33 -34 -35 41 -37 -38 40 -40 -41 -42 -43 43 -45
leaf_value=-0.0062799516272495958 -0.0077230485749824052 -0.0013997507183448315 0.0073319460011002681 -0.0038248658579737721 0.012295674528491344 -0.0044233061286357315 -0.017747757789467581 0.006207626153590183 -0.009001487678073369 -0.0054764063829631955 0.024659170494910201 0.0038323459829490121 -0.008998965762837206 0.019670477119402657 0.010940004822888955 -0.00011930658838539086 -0.0094016857747919701 0.0083251367629650335 0.022896763832097846 -0.010628646723708434 0.0075583863097545573 0.0025003597282968488 0.013840544213005936 6.1346195891051974e-05 0.0042939286728023917 -0.021205809762939922 0.0091061892968422008 -0.0072629623737980641 -0.0039966517695701293 0.021602352857419408 -0.010259936865401951 -0.004131791031625187 0.011011047599016425 0.027275885553223675 0.049523921546325109 0.00026739348859630084 -0.011307967582831556 -0.014070811204047955 0.019051605601611829 -0.0057748237212860085 0.0072336691334840266 0.0070801609821436705 0.0141942262612288 0.00057548961921542643
leaf_weight=180728.23330357671 584189.52200186253 1592976.1126806587 196615.0954631567 164244.36818032712 149279.85822284222 731835.04055240005 266501.40094253421 311816.3410005793 339566.74382977933 158213.30327528715 19348.353260487318 886915.10987533629 111168.23029369116 69787.285476177931 56068.980889469385 210273.03605443239 54545.045027047396 379182.85212779045 38488.062564507127 97013.303338743746 454237.78760515898 43898.79239782691 26489.832276597619 1873717.0847010687 123358.93765306473 38881.145672738552 305278.55194397271 147380.81046006083 58784.258928522468 13232.913876131177 50073.659467861056 369652.65670225769 107243.63199421763 49117.209824249148 3423.1121504753828 737281.69106691331 63814.334824755788 41460.657007366419 29559.58400413394 110001.33513839543 21758.530244976282 67113.797430559993 34402.770632907748 555354.9093067944
leaf_count=973548 2873163 5258561 502908 734877 440976 2893725 1825886 809003 1429265 469756 48043 2332142 339066 171114 156741 575672 142653 961488 88441 326705 1107119 112901 83177 5008486 329873 100637 798998 403402 159583 59956 126335 1057715 265241 113485 9253 2307402 172616 124313 66514 299939 56845 209356 89170 1502601
internal_value=-0.000121709 0.00116945 -0.00132674 -0.00469032 0.00250638 -0.00713371 -0.0103743 -0.000154416 -0.0128474 0.00372781 0.00340807 0.00377393 7.88651e-05 0.00538937 0.00407206 0.00636763 0.00116359 0.00462317 0.000685372 -0.00121987 0.00917142 0.0120288 -0.00378531 -0.000500417 0.00196691 -0.00380835 0.00273272 0.00147968 0.00699051 -0.00192898 9.19198e-05 -9.84923e-05 0.000654132 0.0185681 -0.000296514 -0.00102158 -0.0027243 0.00266211 0.00324107 0.00277228 -0.00673832 0.00913993 0.000458024 0.00136992
internal_weight=1.19243e+07 9.29684e+06 3.24259e+06 2.62743e+06 6.05426e+06 1.54187e+06 783545 1.90479e+06 606068 4.14947e+06 4.00019e+06 3.84197e+06 2.6584e+06 2.02852e+06 1.50449e+06 840843 663651 735657 356474 1.08556e+06 524025 82386.9 758325 2.46178e+06 1.81345e+06 212314 1.60114e+06 1.23708e+06 364063 177477 173433 2.35061e+06 1.98096e+06 105186 988547 918010 274087 1.0897e+06 1.02648e+06 996916 63219.2 70536.9 644303 589758
internal_count=37918650 27065500 10046579 10853150 17018921 7026886 4049984 6067564 3255151 10951357 10510381 10040625 7173416 5242044 3963811 2181344 1782467 1911118 949630 3826264 1278233 201342 2976902 6670508 4798581 556845 4241736 3283155 958581 794833 456208 6331442 5273727 270226 3499559 3280950 748288 2879753 2698595 2632081 181158 218609 1734424 1591771
is_linear=0
shrinkage=0.05


Tree=105
num_leaves=45
num_cat=0
split_feature=2 2 2 1 3 0 4 0 4 1 1 2 3 1 3 1 3 4 1 0 4 4 3 4 3 4 4 0 1 4 3 0 3 4 4 3 0 0 4 0 3 1 1 0
split_gain=41707.3 8884 6054.76 3890.79 2254.26 1925.31 2637 1734.71 2099.62 1726.94 1667.26 1475.88 1402.71 1363.95 1187.28 1110.14 1096.25 1034.29 853.336 843.142 881.971 841.822 753.825 742.624 741.201 735.731 770.186 704.756 695.912 703.52 1607.38 1180.42 720.799 689.875 669.681 659.2 650.039 729.446 665.966 644.975 644.703 656.617 782.105 636.2
threshold=4.5000000000000009 2.5000000000000004 6.5000000000000009 -0.80891915365350464 -3.2732567938551465 -0.4298763333408428 -4.1486759917289886 0.48662714534649493 -5.9806671733647141 -0.59907629515643335 -0.46472317204376873 5.5000000000000009 0.1328636443988245 0.57552211292281397 -1.2007271307681469 1.0000000180025095e-35 0.84855195466771616 10.613918788794527 0.25145141517831299 0.48662714534649493 -4.5164041021446719 7.0442677460641265 -3.9974872748228978 10.136887402141918 15.665097213080172 18.426290891346699 -5.9806671733647141 0.65797238821565851 0.66905282987950276 2.7730993688227916 -1.5002822295041935 0.67983684365189634 -9.3317940367424583 -10.929287396660539 4.0738507106311213 5.6196416414781885 0.67983684365189634 0.5633557562674042 12.025151732854502 0.37886415816525426 -7.7029350097891003 0.57552211292281397 0.12053668025532312 -2.8327694488239893e-16
decision_type=2 2 2 2 2 2 2 2 2 2 2 2 2 2 2 2 2 2 2 2 2 2 2 2 2 2 2 2 2 2 2 2 2 2 2 2 2 2 2 2 2 2 2 2
left_child=1 5 3 22 34 6 16 8 12 21 14 19 -3 15 -7 -10 -1 40 -13 20 35 -6 -2 24 -12 26 -11 -21 29 31 -31 -9 -33 -18 -4 -5 37 38 -32 -28 -8 42 -42 -25
right_child=2 7 4 11 9 10 17 28 13 25 23 18 -14 -15 -16 -17 33 -19 -20 27 -22 -23 -24 43 -26 -27 39 -29 -30 30 36 32 -34 -35 -36 -37 -38 -39 -40 -41 41 -43 -44 -45
leaf_value=0.0053631046903226884 -0.0028541309949145612 0.00091633472275300652 -0.0078736304823614055 -0.001628797907885752 0.00050967306086814124 0.0027717087083294961 -0.0081378220388858436 -0.008919274215335048 0.003349867022717991 -0.0081097453224780423 0.0034389744470968084 -0.0027794449851237975 -0.0035900297198093486 0.00031942975880793129 0.0072237498912687687 0.0088465166403906628 -0.0044224996374360075 -0.0039510945681818779 -0.0052609471317467344 -0.0088326782641380674 0.0012007189964016582 -0.0040767440360734084 0.0019853839809086211 0.027248346177326556 -0.0061071614078321741 -0.012941038649882648 -0.0026862434515256997 -0.0028019496900601932 -0.0037839358065535921 -0.0055085696671437721 -0.014013653497770699 -0.00053937918065124905 0.0049807938989734936 0.0028210665671502717 -0.013248870634655369 -0.0084284114230268724 -0.00051146641060039627 0.0063142780115572261 0.0073062515608543323 -0.0061882999024425482 0.009725444832240672 0.0054783699936238666 0.015769629623046375 0.00037203560699860594
leaf_weight=527906.68621821702 93982.863203145564 775271.02083815634 455958.54275730997 517768.3272754699 186450.18765456975 228983.03184121847 4926.1361790895462 22972.824993386865 850939.95104758441 222671.19696199149 1107033.4798659682 629304.40945744514 222171.91317544132 356782.05268095434 432804.73528756201 102974.89196935296 47829.79859110713 14085.51202134788 770755.34332564473 53567.012514315546 319142.43683035672 215901.91450494528 559431.38023504615 2216.9532517939806 20714.39263112843 36178.084262184799 239802.05765472353 506530.8528849259 159070.85136578232 157823.05023284256 9385.1079983264208 94399.726336419582 158301.88141159713 105097.30403871834 66380.263579577208 38279.445050299168 518015.3839847669 70966.872102886438 6007.5193188339472 291034.2981755957 257449.70263116062 65039.55139131844 67568.640039607882 323953.27553860843
leaf_count=1816267 283601 2361073 1450488 1593682 564771 762882 15407 64407 2733576 719871 3494107 1944250 669439 1095689 1620268 343573 147577 42857 2471700 157850 994631 638506 1699149 8299 62460 116671 769819 1559250 477400 454725 25037 285132 497559 354978 201977 118237 1584530 225897 19713 943297 1049095 212942 264777 1001234
internal_value=-2.49037e-05 0.00258004 -0.00338461 -0.00218896 -0.00581776 0.00448237 0.00618962 0.000840255 0.00164127 -0.00461756 0.00360288 -0.00299054 -8.74196e-05 0.0029568 0.00568331 0.00394323 0.00428325 0.0093625 -0.00414555 -0.00186387 -0.000894405 -0.0019514 0.0012893 0.00265592 0.00326363 -0.005976 -0.00564159 -0.00337872 -0.000704388 -0.000232397 -0.00101529 0.00193217 0.00291867 0.000555554 -0.00855673 -0.0020969 0.000158064 0.00417415 -0.0056928 -0.00460627 0.00983728 0.0100643 0.010982 0.000554712
internal_weight=1.19138e+07 6.71069e+06 5.20314e+06 3.48876e+06 1.71438e+06 3.20561e+06 1.0899e+06 3.50508e+06 2.30814e+06 1.19204e+06 2.11571e+06 2.83535e+06 997443 1.3107e+06 661788 953915 680834 409070 1.40006e+06 1.43529e+06 875190 402352 653414 1.45392e+06 1.12775e+06 789686 753508 560098 1.19694e+06 1.03787e+06 762198 275674 252702 152927 522339 556048 604375 86359.5 15392.6 530836 394984 390058 325018 326170
internal_count=37918650 21690900 16227750 10822350 5405400 10853150 3903900 10837750 7203350 3752935 6949250 8839600 3030512 4172838 2383150 3077149 2318822 1585078 4415950 4423650 2706550 1203277 1982750 4566100 3556567 2549658 2432987 1717100 3634400 3157000 2309902 847098 782691 502555 1652465 1711919 1855177 270647 44750 1713116 1542221 1526814 1313872 1009533
is_linear=0
shrinkage=0.05


Tree=106
num_leaves=45
num_cat=0
split_feature=3 2 0 0 1 0 0 2 1 1 3 0 1 0 1 0 0 3 0 3 0 0 0 0 4 4 0 4 1 3 4 3 3 4 4 1 1 4 1 1 0 4 1 0
split_gain=10672.8 9571.42 7797.81 11611.1 6103.35 4114.21 9461.96 3673.9 3632.96 11416.6 3578.24 4885.54 3555.19 3453.51 2941.49 2895.92 2857.94 2705.93 4917.55 2416.05 2230.54 5253.17 4340.92 7398.47 2722.55 2190.02 2707.2 2140.43 2114.22 1996.97 2017.59 1963.37 1962.12 1954.69 1861.28 1822.73 1807.23 1889.48 1695.01 3028.34 5716.6 2658.63 1653.39 1652.93
threshold=-6.2430255561068355 2.5000000000000004 -0.2393156642875576 -0.2058881604517783 -0.2393156642875576 0.58743244627487468 0.65797238821565851 5.5000000000000009 0.95418073928008662 0.93621795190976798 4.640177594833081 0.94117129826980317 -0.73300900260771595 -0.35460488704253573 0.97148236575323155 0.97474915486277813 0.37886415816525426 6.8440929709266891 -0.74317201360641438 4.897432038099816 0.99087453071010911 0.93085292505862427 0.83428993469774138 0.81773537194966905 -20.364660316191792 7.8385641403886988 -0.2393156642875576 9.6746708834979085 -0.12053668025532321 -20.187501122676377 1.0000000180025095e-35 14.351529216426398 -24.51843460078786 -29.514157209511922 22.138282614797578 0.98236589408923247 0.23931566428755774 19.938981218868943 -0.55094406234797322 0.25145141517831299 -0.86066547284873141 -10.206039406563901 0.82619477567192912 0.37886415816525426
decision_type=2 2 2 2 2 2 2 2 2 2 2 2 2 2 2 2 2 2 2 2 2 2 2 2 2 2 2 2 2 2 2 2 2 2 2 2 2 2 2 2 2 2 2 2
left_child=2 12 8 14 10 32 -7 17 9 13 11 -3 -2 38 -4 34 25 -6 -19 -14 21 22 23 24 -8 -12 -27 -22 -17 -24 -31 -18 -5 -10 -9 -20 37 -21 -1 -40 -41 -42 -38 -44
right_child=1 4 3 5 7 6 20 15 33 -11 16 -13 19 -15 -16 28 31 18 35 36 27 -23 29 -25 -26 26 -28 -29 -30 30 -32 -33 -34 -35 -36 -37 42 -39 39 40 41 -43 43 -45
leaf_value=0.0062850751143671141 4.9198362839151518e-05 0.00041771105215082156 -0.0054950021605728611 0.015893584332347048 -0.0015480029700158978 0.025972647980627039 0.043085304470350264 -8.661721643725889e-05 0.024421926030697001 0.026617848240166816 0.002448885400287603 0.019842313113862961 -0.0036347504402672128 -0.024692994460627022 0.030499787093169431 0.021061738130532762 0.0027604098381961333 -0.018487116127968366 -0.0050469266221544237 -0.001836562649620447 -0.0018151367173485919 0.011839492498019299 0.020739528005159089 0.018681674402384489 -0.00014341333058249736 0.017381480785372196 0.0067794412324321878 0.018846683207670391 0.004103485319926002 -0.012906667112034868 -0.00022404359451074719 -0.0078229206074117482 0.00085475003875293352 -0.015178887905579176 -0.01519424781516145 0.0043954328053739033 -0.013861384280841871 -0.015088194056905081 -0.0050133929397771781 0.0082093599787455944 -0.0028489805695302798 0.01260876249771664 -0.008909765073442882 0.0057644221569972693
leaf_weight=90455.57600709796 435749.41796413064 2185248.1104988754 6348.5714306384325 22422.745606005192 1791511.9341554046 58312.717001333833 3719.2642952948809 1750889.1939274743 3315.9640683531761 39953.741256311536 158716.79265409708 32857.13967576623 930750.88725792617 14666.575978845358 53559.92994864285 19925.881030842662 423581.62342616916 65320.645469009876 385086.4475235492 153522.75725954026 150160.01239790022 267587.06220895052 7368.1530913412571 84637.052304819226 175933.96010671556 83171.275663197041 218119.56485153735 13675.973711892962 236790.10354219377 57911.301469147205 68392.284781932831 48879.36931502074 662663.51477979124 51694.054203942418 20627.443949632347 58930.794732734561 160779.26166846603 32613.963350169361 304475.87887094915 195379.1348053515 458513.41830088198 29613.290069028735 107698.30981807411 23351.480305030942
leaf_count=277724 2056163 6478636 16398 48830 5698096 118819 7408 4451997 7078 91796 504757 76000 4172415 52936 117661 40036 1145673 290202 1298107 726681 401459 627922 14900 191144 441214 207709 600010 30771 524695 155329 171884 140911 1777102 151283 60082 187368 820962 152197 1000496 571871 1358377 75973 489075 88503
internal_value=0.000143487 -0.000671764 0.00283833 0.00508088 0.000123752 0.00425795 0.00650451 -0.00109471 -0.000243474 0.000365747 0.00179799 0.000705451 -0.00389773 -0.000593786 0.0266854 0.000456685 0.00439685 -0.00246228 -0.00567809 -0.00511861 0.00513574 0.00642224 0.00277972 0.00649353 0.000751528 0.00720216 0.00970613 -9.0421e-05 0.00541976 -0.00456306 -0.00603914 0.00166549 0.00134697 -0.0127918 -0.00026253 -0.00379372 -0.00800815 -0.00415845 -0.000266041 -0.000865834 0.000981745 -0.0019112 -0.0104636 -0.006295
internal_weight=1.21449e+07 9.32412e+06 2.82076e+06 1.63269e+06 7.47966e+06 1.57278e+06 887698 4.32908e+06 1.18807e+06 1.13306e+06 3.15057e+06 2.21811e+06 1.84447e+06 1.0931e+06 59908.5 2.02823e+06 932469 2.30085e+06 509338 1.40872e+06 829385 665549 397962 264290 179653 460008 301291 163836 256716 133672 126304 472461 685086 55010 1.77152e+06 444017 477966 186137 1.07844e+06 987982 683506 488127 291829 131050
internal_count=37918650 30210275 7708375 4120841 21704279 3986782 2160850 12550583 3587534 3429173 9153696 6554636 8505996 3337377 134059 5076810 2599060 7473773 1775677 6449833 2042031 1609801 981879 639766 448622 1312476 807719 432230 564731 342113 327213 1286584 1825932 158361 4512079 1485475 2277418 878878 3284441 3006717 2006221 1434350 1398540 577578
is_linear=0
shrinkage=0.05


Tree=107
num_leaves=45
num_cat=0
split_feature=1 3 2 3 0 4 2 0 3 4 0 4 4 0 0 4 4 2 0 3 0 4 1 1 1 3 4 0 0 0 1 0 0 0 0 4 4 3 0 3 0 1 4 0
split_gain=25748.6 14125.6 10417.1 8843.94 7972.59 7126.04 5381.37 4872.12 4831.87 4248.16 5462.32 3860.63 3813.65 3157.26 2866.95 2703.01 3006.65 2647.47 2399.43 2334.36 2271.6 3536.47 2247.58 4013.83 12157.8 3555.66 2770.47 2656.04 5794.56 2894.4 3105.74 2489.8 2150.03 5399.07 2899.67 2210.09 2139.22 2128.6 2112.33 2072.98 2062.51 2903.96 4389.83 2059.33
threshold=-0.2393156642875576 1.4502341303717154 3.5000000000000004 -0.69763357047092522 0.26568621746226689 1.611173643267666 4.5000000000000009 0.93085292505862427 -10.739650303569732 -12.11721159855103 0.5633557562674042 13.733444063069575 23.090718978779361 -0.088756899407539683 0.89412692780947678 -6.9894516850182482 11.119822744278741 2.5000000000000004 -0.99087453071010889 4.640177594833081 -0.93085292505862405 -1.6010117619410733 0.4647231720437684 0.62305106867763382 0.57552211292281397 12.274346522968793 15.844850383144847 0.67983684365189634 0.5633557562674042 0.37886415816525426 0.88755655832397862 0.99087453071010911 0.48662714534649493 0.5633557562674042 0.67983684365189634 24.301560733309959 7.9781922279500543 -9.8891503216907211 0.58743244627487468 -17.932038940727381 0.20588816045177846 0.97148236575323155 0.68479773376498809 -0.99780533956200557
decision_type=2 2 2 2 2 2 2 2 2 2 2 2 2 2 2 2 2 2 2 2 2 2 2 2 2 2 2 2 2 2 2 2 2 2 2 2 2 2 2 2 2 2 2 2
left_child=3 2 8 7 5 13 -7 14 18 10 -3 -6 22 20 15 -1 17 -17 -2 -13 -5 -22 26 24 -24 -26 43 28 29 40 -31 -28 -21 -34 38 -36 -29 -18 -35 -4 -25 42 -42 -11
right_child=1 9 39 4 11 6 -8 -9 -10 12 -12 19 -14 -15 -16 16 37 -19 -20 32 21 -23 23 27 25 -27 31 36 -30 30 -32 -33 33 34 35 -37 -38 -39 -40 -41 41 -43 -44 -45
leaf_value=0.0047414988136645951 0.0089949040756926377 0.012210941758508386 -0.0053977373207758812 -0.0096401678180039075 -0.0051692814946320163 -0.016623102376395093 -0.0078317883206194764 -0.012433464739159844 -0.002514808179920832 0.0087997386684702823 -0.025530802297847884 0.0073510834114974893 0.011437718260243441 0.025576371757996142 0.020809645442513295 -0.0069607532125881598 0.043506688019980283 -0.00078655834067459522 -0.011069476786456561 -0.011753397364459437 0.0087122299803106071 -0.0054695798493344253 0.0031531768980603506 0.0018633426675156431 0.017320220591846926 0.038537022651401159 0.010781529721094106 -0.010998020651404782 0.010641991588399499 -0.0012359262724518194 -0.020561124192718772 -9.2293135250168641e-05 0.030518669380930286 0.0017110498506262796 -0.00082075608690524663 0.013682045939168781 0.0024302129173247684 0.0059567431682800501 -0.019871438643690686 0.0014073505141513475 0.018256238580417299 -0.0046083055456407635 0.0020228923905048135 -0.00070460605939434186
leaf_weight=221640.94338978827 15816.168909467757 212422.92051571608 115927.24216087908 96775.09718619287 654486.03740014881 311623.76564401388 394352.44110418856 84783.756235957146 1158150.796624206 61220.232621982694 10039.89667865634 107156.93237061054 140191.41247339547 9711.9245913922787 16204.104903936386 213905.31316951662 3951.4571885541081 922003.8323610723 257329.3367562741 41838.665605939925 69823.597988776863 118670.28181538731 329260.49155530334 897104.9946462512 97455.910221934319 24764.958713129163 126555.93616551161 60220.666768148541 232206.34442287683 116249.36774140596 25317.991555854678 90136.430027812719 14126.743887856603 17683.210492834449 171782.15808713436 31011.5321623981 58442.287329524755 84090.651764318347 31589.882603280246 3228993.4005580992 85152.255891591311 40512.460517913103 81510.571015790105 825404.97283543646
leaf_count=710626 78474 508299 323727 417676 2502598 2135119 1646835 282239 4578080 193631 25788 383117 334954 41804 43606 1173242 10980 2871340 1269768 208004 269785 533351 857372 2366190 244651 51373 310635 153338 558412 300765 65569 227030 52043 75699 560226 83745 145748 260617 124798 7989270 208386 108333 216452 2414955
internal_value=-0.00012143 0.00141437 -0.000355968 -0.00364137 -0.00577805 -0.00898533 -0.0117123 -0.000780674 -0.00392565 0.00382049 0.0105076 -0.00277681 0.00336855 -0.00245877 -0.000104815 -0.000339252 -0.00125931 -0.00194923 -0.00990767 0.000994566 -0.00341322 -0.000216226 0.0030096 0.00398962 0.00815215 0.0216193 0.0011903 0.00281264 0.00339045 0.00203887 -0.00469206 0.0062584 -0.00121671 0.000439379 -0.00124637 0.00139704 -0.00438453 0.00764204 -0.0121259 0.0011715 0.00290177 0.00739834 0.0103169 -4.83443e-05
internal_weight=1.19076e+07 8.29039e+06 4.77622e+06 3.61721e+06 2.07063e+06 1.00096e+06 705976 1.54658e+06 1.4313e+06 3.51417e+06 222463 1.06968e+06 3.29171e+06 294981 1.4618e+06 1.44559e+06 1.22395e+06 1.13591e+06 273146 415189 285269 188494 3.15152e+06 2.0482e+06 451481 122221 1.10332e+06 1.59672e+06 1.47805e+06 1.24585e+06 141567 216692 308032 266194 252067 202794 118663 88042.1 49273.1 3.34492e+06 1.10428e+06 207175 166663 886625
internal_count=37918650 23531200 14239319 14387450 9034800 5044570 3781954 5352650 5926322 9291881 534087 3990230 8757794 1262616 5070411 5026805 4316179 4044582 1348242 1487632 1220812 803136 8422840 5276589 1153396 296024 3146251 4123193 3824107 3265695 366334 537665 1104515 896511 844468 643971 299086 271597 200497 8312997 2899361 533171 424838 2608586
is_linear=0
shrinkage=0.05


Tree=108
num_leaves=45
num_cat=0
split_feature=2 2 2 1 3 3 0 4 1 0 4 1 4 2 3 3 4 0 3 0 3 0 4 0 4 4 4 4 0 3 0 3 4 1 4 3 0 3 0 1 0 0 4 0
split_gain=38317.7 8056.02 5687.51 3595.83 2119.24 1877.57 1762.72 2439.38 1570.29 1562.92 1917.86 1486.09 1314.17 1229.93 1195.24 1089.53 1085.77 1033.26 992.022 966.248 938.871 1341.21 778.876 734.336 710.459 687.819 737.075 672.678 714.561 708.853 803.748 741.649 662.392 636.469 671.106 1541.25 1066.34 691.315 659.407 929.325 623.949 646.783 639.971 604.664
threshold=4.5000000000000009 2.5000000000000004 6.5000000000000009 -0.33743737045268668 -3.0130825307625559 -1.0568852504956145 -0.4298763333408428 -3.2779083020232203 -0.59907629515643335 0.48662714534649493 -2.4372526026592918 -0.46472317204376873 9.9729883624521403 5.5000000000000009 9.5877804135133946 -1.5752794968868604 6.6670945776380934 -0.2393156642875576 10.854957279475139 -0.35460488704253573 6.8440929709266891 0.088756899407539988 6.6670945776380934 0.46472317204376884 11.657208408734954 18.426290891346699 -5.9806671733647141 10.136887402141918 -0.32012920303568732 9.7717786928039008 -0.35460488704253573 -9.710004215326121 5.9037000904726691 0.66905282987950276 3.4731580807727558 -0.90510686734943835 0.67983684365189634 -7.8528368245601241 0.99437935835663549 1.0000000180025095e-35 0.67983684365189634 0.5633557562674042 12.025151732854502 -0.96778869966720515
decision_type=2 2 2 2 2 2 2 2 2 2 2 2 2 2 2 2 2 2 2 2 2 2 2 2 2 2 2 2 2 2 2 2 2 2 2 2 2 2 2 2 2 2 2 2
left_child=1 6 3 5 32 17 7 18 22 10 14 15 -7 24 -3 -8 -9 19 -1 -2 21 -12 -6 -22 -5 26 -10 28 29 30 31 -13 -4 34 36 -36 -11 38 -38 -40 41 42 -37 -28
right_child=2 9 4 13 8 12 11 16 25 33 20 27 -14 -15 -16 -17 -18 -19 -20 -21 23 -23 -24 -25 -26 -27 43 -29 -30 -31 -32 -33 -34 -35 35 40 37 -39 39 -41 -42 -43 -44 -45
leaf_value=0.0045039331682012315 -0.00097332687308383087 0.00055839353412095484 -0.0076333013848175523 -0.0017323220901706935 0.00067927338564520955 0.0030406379613213785 0.0024913275895462085 0.010319876468794471 -0.0078755951492907213 -0.0077502868416009776 0.0055635441352712206 0.027148193669643401 -0.00097764961084784272 -0.0044995722972662805 -0.0089637855332432553 0.0068219669206076947 0.0022976140826600814 -0.0046771896374052371 -0.0087126731879848054 0.011078216032512455 -0.00011460302209509897 0.0011919741447234886 -0.0037942022540631165 0.015423843519536752 -0.0059909292375540813 -0.012500409284410811 0.00063963057635787589 0.00055129971737601037 0.0034897537952087027 -0.013342372587764271 -0.0054590948004578921 0.0030176569065726248 -0.013652994849634312 -0.0035989966621529259 -0.0053485147112159693 -0.013840461937763207 -0.0011029952725612163 0.0048735486386781383 0.00064268620363287213 0.038133854751884057 -0.00047554080400938781 0.00634471701457507 0.0073758164904553824 -0.0049609251531994893
leaf_weight=708949.12911474705 150200.8350995332 1268461.9706650972 492133.91932724416 1015781.4276687801 172026.8659543097 499049.67912265658 215448.2418024987 316688.23979227245 212770.40898383409 26774.149446830153 506977.01345308125 3469.1496140807867 343546.33427597582 1090896.2985270247 33834.155988335609 445658.25345234573 48658.359888419509 255977.27711032331 14487.956284224987 18702.970737189054 222636.93094286323 268309.65928123891 223998.52763467282 7872.4761297404766 108386.34100046009 35731.008794128895 53743.174812853336 326073.12089337409 1042802.75316526 10640.259828642011 32507.994854062796 38770.704854518175 50376.932846032083 158641.19348247349 160433.89792589843 8756.8317882120609 112300.38869792223 157575.79295690358 4425.0120130777359 2638.4892736673355 491641.78421361744 66690.373286306858 5982.7356611192226 466745.85905832052
leaf_count=2432608 451936 3877983 1571880 3152210 521431 1536121 713197 1260539 691925 75905 1676230 13413 1028150 3484250 104871 1669953 166245 772032 44508 61761 681852 834336 663849 28078 335890 116437 171009 1009533 3296112 29396 94684 122962 154135 477400 463519 23343 337325 495175 13252 10592 1505709 212538 19642 1514734
internal_value=-2.13552e-05 0.00247448 -0.00324719 -0.0020882 -0.00561098 3.57468e-05 0.00428646 0.00592111 -0.00440896 0.000817536 0.00157764 0.0034451 0.00140229 -0.00330354 0.000311004 0.00541065 0.00925144 -0.00267429 0.00423925 0.000361158 0.00321767 0.00405064 -0.001851 0.000416074 -0.00214291 -0.00572629 -0.00539619 0.00255156 0.00312968 -0.00126777 0.000451031 0.00499949 -0.00819228 -0.000649514 -0.000198395 -0.00101679 0.00177812 0.00269931 -0.000170966 0.0146471 0.0001959 0.00424979 -0.00522885 -0.00438264
internal_weight=1.18982e+07 6.70811e+06 5.19007e+06 3.48254e+06 1.70753e+06 1.26748e+06 3.20415e+06 1.08878e+06 1.16502e+06 3.50395e+06 2.30809e+06 2.11537e+06 842596 2.21506e+06 1.3023e+06 661106 365347 424881 723437 168904 1.0058e+06 775287 396025 230509 1.12417e+06 768990 733259 1.45426e+06 1.12819e+06 85388.1 74747.8 42239.9 542511 1.19586e+06 1.03722e+06 733506 303714 276940 119364 7063.5 573072 81429.9 14739.6 520489
internal_count=37918650 21690900 16227750 10822350 5405400 3850000 10853150 3903900 3679385 10837750 7203350 6949250 2564271 6972350 3982854 2383150 1426784 1285729 2477116 513697 3220496 2510566 1185280 709930 3488100 2494105 2377668 4566100 3556567 260455 231059 136375 1726015 3634400 3157000 2224751 932249 856344 361169 23844 1761232 255523 42985 1685743
is_linear=0
shrinkage=0.05


Tree=109
num_leaves=45
num_cat=0
split_feature=3 2 0 1 1 0 3 4 0 4 1 1 0 1 0 0 4 1 4 4 1 0 1 3 3 0 3 1 3 1 4 1 0 4 4 3 3 3 0 2 1 1 3 4
split_gain=10001.2 8838.76 3967.22 4975.72 5022.48 3827.62 3402.53 2933.98 3138.58 4040.86 3436.59 4786.69 2878.57 2658.25 4487.68 14233 4404.13 4200.11 2926.71 2656.21 2625.72 3324.96 2340.66 2338.69 2230.55 2179.03 2477.8 2122.76 3885.31 3327.79 2122.61 2101.02 3397.15 4175.6 2055.66 2365.31 1952.64 1858.91 1796.41 1791.89 1768.11 1753.72 1722.43 1722.37
threshold=-14.798907145310212 3.5000000000000004 0.088756899407539988 0.99284498505578556 -0.96367140085128711 -0.58743244627487456 14.983940511818 23.090718978779361 0.48662714534649493 -11.71792585976482 0.82619477567192912 0.36521623457838687 -0.93085292505862405 0.36521623457838687 0.65797238821565851 0.58743244627487468 -15.487953042056079 0.30909602655580187 4.9227692739331141 8.3879359718785782 0.57552211292281397 -0.79450537036186197 1.0000000180025095e-35 -24.51843460078786 -3.6256227825398777 -0.2393156642875576 3.1036261744090834 0.36521623457838687 0.84855195466771616 0.30909602655580187 22.138282614797578 0.99284498505578556 0.088756899407539988 -9.507863682132415 -4.0237079780476384 14.983940511818 -9.5232133104396386 -2.0328718484581318 -0.2058881604517783 6.5000000000000009 -0.55094406234797322 0.30909602655580187 19.255578152819776 -4.2687999025978298
decision_type=2 2 2 2 2 2 2 2 2 2 2 2 2 2 2 2 2 2 2 2 2 2 2 2 2 2 2 2 2 2 2 2 2 2 2 2 2 2 2 2 2 2 2 2
left_child=12 5 19 4 -4 20 13 8 39 37 11 24 22 17 15 31 -16 30 -19 -3 27 -22 -1 -14 -11 26 -21 29 -29 -2 -7 -15 -33 -34 42 -36 -18 -10 -27 -6 -28 -26 -13 -25
right_child=1 2 3 -5 7 6 -8 -9 9 10 -12 34 23 14 16 -17 36 18 -20 25 21 -23 -24 43 41 38 40 28 -30 -31 -32 32 33 -35 35 -37 -38 -39 -40 -41 -42 -43 -44 -45
leaf_value=0.0090346184335112611 -0.0040857179200923573 -0.00072761518895628034 0.0081643808513533114 0.025692807811979412 -0.0025057346300813008 0.00022911643690687675 -0.010635447408167693 -0.0071490984536809179 0.010841318076145967 0.0059674378059201274 0.016393182249719331 0.003895545773804859 0.016646260269541486 -0.0029641592152710085 0.037486162607232615 0.034956614643986708 0.0022975496329849187 0.0017415335820877367 0.023369950343338195 -0.0051134253575278836 -0.025894238228310679 -0.0073909635418886585 -0.011889095107490994 0.0051650300384158592 0.0016910613748348056 -0.012785876083153378 0.018081238016368205 0.007257247001228065 -0.0091335283682812615 -0.019155530872151445 -0.010834091475176465 0.00054508680278501486 0.048338560402133905 0.00089619466144623687 -0.0021955000732165365 -0.016895994475165706 -0.010209365008845034 0.033104331208037463 0.0033549008494924808 0.0024493989789169048 -0.0059598131087617873 0.009687017066723317 0.06486929408757508 0.01374235586448375
leaf_weight=21203.804944068193 546777.46990288049 3502605.2646823525 282743.7678334415 21797.728057995439 637424.39706912637 1435874.341937162 93778.650842450559 101096.68119629472 48501.551953822374 500113.54952502251 41054.019302368164 108273.52675838768 63410.097699433565 784105.89845092595 5243.8806914836168 26797.127817101777 35379.883577018976 29771.571704164147 32954.76804959029 19100.712874419987 29416.967384628952 139003.35546111315 36159.076784223318 401204.26067687571 1368449.5117225721 20579.565235346556 62860.608618274331 101814.72888597101 56063.227719210088 39264.318830050528 44705.677049808204 102165.68187868595 8963.5794130712748 9610.7812752500176 557721.12858502567 28774.785707548261 264640.75583731383 11623.318780347705 106179.03176674247 255611.67563328147 8707.2659757435322 72191.593035139143 1170.7597895115614 68524.369948938489
leaf_count=64260 2695960 10091977 722963 49881 1772429 5632749 407618 291563 101828 1105174 94443 254932 139167 3046214 14899 74272 97930 93808 109125 55918 147672 618407 129135 1000663 3415674 63385 148641 401892 316194 213039 186035 388651 24620 40111 1511996 92759 1016245 23280 296879 603564 28736 177350 2554 154058
internal_value=0.000141171 -0.00018351 0.000783169 0.00186871 0.00173936 -0.00216382 -0.00126813 0.00125259 0.00148652 0.00232609 0.00203825 0.00181474 0.00648792 -0.000952159 -0.00267914 -0.000955182 -0.0079405 0.000431953 0.0131045 -0.000394734 -0.00498539 -0.0106228 -0.00415478 0.00763302 0.00309047 0.00496776 0.0108862 -0.00370909 0.0014368 -0.00509538 -0.000104934 -0.00201871 0.00412116 0.0237908 -0.00174286 -0.00291674 -0.00873449 0.0151452 0.000734407 -0.00108744 0.0151563 0.00209174 0.0045478 0.0064163
internal_weight=1.21334e+07 1.15429e+07 7.75658e+06 4.03655e+06 4.01475e+06 3.78633e+06 2.87399e+06 3.73201e+06 3.63091e+06 2.73787e+06 2.67775e+06 2.63669e+06 590502 2.78021e+06 1.23691e+06 931643 305265 1.54331e+06 62726.3 3.72003e+06 912340 168420 57362.9 533139 1.94075e+06 217427 90668.6 743920 157878 586042 1.48058e+06 904846 120740 18574.4 695940 586496 300021 60124.9 126759 893036 71567.9 1.44064e+06 109444 469729
internal_count=37918650 36431367 20905926 10220390 10170509 15525441 11132277 9447546 9155983 6779990 6654882 6560439 1487283 10724659 4702942 3573868 1129074 6021717 202933 10685536 4393164 766079 193395 1293888 4698198 593559 233295 3627085 718086 2908999 5818784 3499596 453382 64731 1862241 1604755 1114175 125108 360264 2375993 177377 3593024 257486 1154721
is_linear=0
shrinkage=0.05


Tree=110
num_leaves=45
num_cat=0
split_feature=1 3 4 0 2 2 3 2 1 0 2 0 0 0 4 1 0 0 0 3 0 1 1 4 3 3 0 0 1 0 4 3 0 0 4 0 0 3 4 2 0 0 3 1
split_gain=23643.2 10979.8 8072.69 8866.27 7720.29 5830.94 5526.71 4951.22 4213.37 5807.92 3857.35 3716.15 2864.33 3778.32 3230.33 2850.1 2839.69 2824.66 3923.46 2584.34 2487.87 2429.09 7465.79 3699.49 4853.51 3219.66 3074.04 3083.97 2810.9 2696.54 2377.13 2340.4 2185.84 2185.53 3269.34 2346.41 2180.22 2582.69 2155.77 2123.32 2059.31 2015.75 2004.59 1990.65
threshold=-0.46472317204376873 -6.488569845523247 -1.0215983254637206 0.26568621746226689 2.5000000000000004 4.5000000000000009 10.854957279475139 3.5000000000000004 0.47375768738725649 0.83428993469774138 2.5000000000000004 0.5633557562674042 -0.32012920303568732 -0.2393156642875576 -5.8455746397174595 0.97148236575323155 0.58743244627487468 0.65797238821565851 0.58743244627487468 2.8906104447304846 -0.96778869966720515 0.98236589408923247 0.97148236575323155 -9.6772138048987149 -13.593287481757395 -17.129417798973215 1.0000000180025095e-35 -2.8327694488239893e-16 0.95418073928008662 0.20588816045177846 -3.2779083020232203 21.648738632197027 0.83428993469774138 0.93085292505862427 15.557166199379305 0.89412692780947678 -0.86066547284873141 3.1036261744090834 -2.0771862580665323 6.5000000000000009 -0.94117129826980295 1.0000000180025095e-35 -1.9556117753525866 -0.2393156642875576
decision_type=2 2 2 2 2 2 2 2 2 2 2 2 2 2 2 2 2 2 2 2 2 2 2 2 2 2 2 2 2 2 2 2 2 2 2 2 2 2 2 2 2 2 2 2
left_child=2 4 16 5 40 19 7 8 -3 15 -5 -12 14 -14 -8 42 -1 18 -13 -4 -6 22 25 26 -25 39 27 -23 -27 -30 -26 -15 -19 35 43 -9 -7 -38 -33 -22 -2 -17 -10 -35
right_child=1 6 3 10 20 36 12 33 9 -11 11 17 13 31 -16 41 -18 32 -20 -21 21 23 -24 24 30 28 -28 -29 29 -31 -32 38 -34 34 -36 -37 37 -39 -40 -41 -42 -43 -44 -45
leaf_value=0.0029561645723774031 0.0016254496401727023 -0.0031089672144414483 -0.0098058985609393787 -0.0083497124600935054 0.0047689994985482499 0.010486169359703108 0.023628371586625396 0.0028710012548128494 -0.0019209755340598982 0.028589863143278594 0.0032665048215727516 -0.0040785231476725449 -0.029282101396683177 0.0039843164053909724 0.0074773015434688953 0.0011118586794150946 -0.0098946856500353401 -0.00043432637596109392 -0.021961765854877472 -0.017314948277642548 -0.011833505828536177 0.0024942721378483478 -0.025546120041839062 0.055499162377371937 0.0010637905124991102 -0.001415053830630732 -0.0075863058059155971 0.029523903319618433 0.018118753276962905 -0.00010415950335753357 0.029701856414439055 -0.024842664668404419 -0.012780758352874464 -0.0085583570597236296 0.0072563556258021557 0.012903799757711484 -0.0037621643327394685 -0.010705839627886411 0.016930269881767032 0.0045712412782969785 -0.010280637955347956 -0.0081605054063420886 0.0034873365672246589 -0.00029343874666107941
leaf_weight=441345.51043342054 41093.040057942271 874313.86102369428 298517.63982696086 219437.00142131001 182170.01931624115 20844.465229347348 43724.709062427282 3433775.6190361604 223753.14437203109 19391.338622063398 333651.93901097775 105444.69226144999 8165.728843331337 574236.03064248711 106037.57143299282 108126.01349681616 47627.036778047681 451868.73319344968 43250.110678248107 185962.23876532912 110033.16083034128 62482.366949081421 33450.170637086034 6839.2776978686452 24754.191092088819 972545.84637837857 68450.009241804481 12697.337748862803 37433.095949187875 44355.582387514412 10245.122840583324 3274.6814123392105 38938.038244619966 83820.444434672594 132387.24370758235 59283.460653945804 424247.22192745656 195685.94634770602 54333.439866900444 24033.221377208829 312561.22132607549 127999.19694879651 731330.3272010982 556889.49422492087
leaf_count=1587141 223326 3557603 1742905 1232423 494150 73909 97448 8402235 850820 53863 1163094 362236 23543 1459297 289124 353614 163896 1387417 127127 1299142 358725 161352 85465 15183 67414 2704809 190923 30449 100283 116892 23816 6833 121841 241268 299472 143286 1478917 867702 127074 57023 1641348 438542 2283391 1412329
internal_value=-0.000122683 0.00111665 -0.00413365 -0.00536525 -0.00221571 -0.00854884 0.00202344 0.00153292 -0.000464079 0.0014461 -0.0023614 -0.00101109 0.00596802 0.00451142 0.0121928 0.00100423 0.00170446 -0.00324287 -0.00928013 -0.0126882 -0.000729106 -0.00144081 -0.00225013 0.00389094 0.0169749 -0.00159441 7.96513e-05 0.00705939 -0.000666377 0.00823612 0.00944683 0.00494816 -0.00141383 0.00250887 0.000103313 0.00304128 -0.00541918 -0.00595398 0.0145557 -0.00889273 -0.0088972 -0.00391452 0.0022203 -0.00137469
internal_weight=1.18908e+07 9.08399e+06 2.80682e+06 2.31785e+06 1.94314e+06 1.12526e+06 7.14084e+06 6.35107e+06 2.08491e+06 1.2106e+06 1.19259e+06 973154 789772 640010 149762 1.19121e+06 488973 639502 148695 484480 1.58949e+06 1.40732e+06 1.22185e+06 185468 41838.6 1.1884e+06 143630 75179.7 1.05433e+06 81788.7 34999.3 631844 490807 4.26616e+06 773097 3.49306e+06 640778 619933 57608.1 134066 353654 236125 955083 640710
internal_count=37918650 26310900 11607750 9856713 6271158 5462575 20039742 18036423 7537833 3980230 4394138 3161715 2003319 1616747 386572 3926367 1751037 1998621 489363 3042047 4406484 3912334 3423197 489137 106413 3337732 382724 191801 2921984 217175 91230 1593204 1509258 10498590 1953069 8545521 2420528 2346619 133907 415748 1864674 792156 3134211 1653597
is_linear=0
shrinkage=0.05


Tree=111
num_leaves=45
num_cat=0
split_feature=2 2 2 1 3 0 4 1 0 4 0 4 1 3 1 1 3 4 2 3 4 3 0 3 3 4 4 3 0 0 1 4 1 0 0 3 4 1 1 0 0 4 4 1
split_gain=34935.6 7282.2 5329.3 3366.31 2000.27 1608.1 2282.81 1464.43 1398.05 1772.12 1318.47 1599.25 1309.1 1233.99 1126.66 1072.98 1069.85 929.816 840.868 820.869 699.146 670.161 949.915 650.712 650.707 647.746 666.097 636.756 619.541 611.471 593.524 1233.63 835.01 821.029 614.577 589.47 1015.2 585.607 720.316 604.992 907.703 687.743 577.938 571.831
threshold=4.5000000000000009 2.5000000000000004 6.5000000000000009 -0.80891915365350464 -3.6256227825398777 -0.4298763333408428 -4.7763033860137183 -0.59907629515643335 0.48662714534649493 -5.9806671733647141 -0.58743244627487456 -6.5579930310375252 -0.59907629515643335 0.1328636443988245 0.57552211292281397 1.0000000180025095e-35 0.64751551767809457 10.613918788794527 5.5000000000000009 -3.2732567938551465 7.4348533444267781 -1.3510783328691855 -0.32012920303568732 4.897432038099816 6.2094194758468335 18.426290891346699 -5.9806671733647141 -1.1264310787250549 -0.35460488704253573 0.37886415816525426 0.52542847473095 -18.667741070290628 0.36521623457838687 -0.82298386589365657 -0.99087453071010889 -1.9556117753525866 5.5345896761367799 0.93621795190976798 0.12053668025532312 -0.93085292505862405 -0.86066547284873141 -18.294771863470103 4.0738507106311213 0.66905282987950276
decision_type=2 2 2 2 2 2 2 2 2 2 2 2 2 2 2 2 2 2 2 2 2 2 2 2 2 2 2 2 2 2 2 2 2 2 2 2 2 2 2 2 2 2 2 2
left_child=1 5 3 21 42 6 16 20 9 13 11 23 19 37 15 -11 -1 27 -12 -7 -6 22 28 30 -23 26 -9 -8 -2 -28 32 33 34 -32 -5 36 -20 38 -3 -40 -41 -42 -4 -10
right_child=2 8 4 10 7 12 17 25 43 14 18 -13 -14 -15 -16 -17 -18 -19 35 -21 -22 24 -24 -25 -26 -27 29 -29 -30 -31 31 -33 -34 -35 -36 -37 -38 -39 39 40 41 -43 -44 -45
leaf_value=0.0048499673631246 0.0012176154084630692 -0.0012219903358705248 -0.0074694181190579764 -0.0059077953454406236 0.00020459683793926878 0.0019421909245402966 0.0050401761679531362 -0.0074905137175304802 -0.00017519076490048554 0.0030250882487282862 -0.0024718172914297933 0.00073748969498711834 0.0025038142452168677 -0.0033757108013423125 0.00031509190455999872 0.0084248876927250759 -3.1544919791027964e-05 -0.004201803692106508 -0.0051354696898945141 0.0063095261347222917 -0.0039293161782834995 0.0032578037893947185 -0.0033409779442493195 -0.010819389627572952 -0.0012252654024677238 -0.012148704071351173 -0.0024262055403095825 0.0098390665848214973 0.013983413317110489 -0.0058129468882002454 0.017926617633872221 -0.0038159774765992266 -0.008655829338421548 0.0026451697403405035 -0.0006672997294317729 -0.0035780431336457012 -0.01292730182919687 -0.0014672526988436158 0.0067682278850155252 -0.0034312924099656112 0.0059979443557380482 0.00094891627331762033 -0.012751222470966675 -0.0034024227311189002
leaf_weight=505098.19888949394 32566.932532325387 156731.25706894696 427452.22124113888 89229.650222823024 202934.52407705784 141125.00092470646 86950.216217055917 231454.47097855806 1036690.7959145904 851264.94500204921 935006.82898121327 497555.78859864175 1521174.3134744316 221501.80378563702 356701.49677145481 103144.82385709882 144310.52352070063 14087.641074195504 309105.28525578976 452809.16200089455 206206.60889843106 363425.27234171331 139802.46532990038 27127.292757079005 104135.13864207268 35573.750191643834 243115.77943658829 337173.54945579171 13420.837957188487 294988.42452959716 10985.932530671358 89563.288816459477 75416.237063996494 43965.180604398251 149986.975878492 546708.19911729544 48341.032308958471 200973.57769055665 76609.203350737691 65666.035676941276 117936.03891478479 157537.54564629495 58931.64987449348 158208.450247325
leaf_count=1734390 98947 471728 1374195 266352 613752 458257 321206 757163 3157000 2733576 2899050 1534361 4781700 669439 1095689 343573 471602 42857 989608 1709293 612539 1114640 417601 86054 306201 116959 784255 1333845 45361 964125 40175 280549 225354 143482 465173 1763719 145723 599326 246853 190309 373453 479404 182412 477400
internal_value=-2.08334e-05 0.00236129 -0.00310636 -0.00198431 -0.00539996 0.00408449 0.0056469 -0.00431469 0.000785775 0.00150449 -0.00273283 -0.00125542 0.00328108 -8.4333e-05 0.00271261 0.00360865 0.00376521 0.00843548 -0.00352314 0.0052718 -0.00187889 0.0012499 -0.00129045 -0.00329456 0.00225933 -0.00555249 -0.00524757 0.00885524 0.00494312 -0.00428282 -0.00284998 -0.000197458 -0.00406832 0.00570027 -0.00262205 -0.00461035 -0.00618924 0.000855821 0.00166852 0.00275298 0.00185128 0.00311051 -0.00810938 -0.000602487
internal_weight=1.18827e+07 6.70569e+06 5.177e+06 3.47634e+06 1.70066e+06 3.20273e+06 1.08762e+06 1.21427e+06 3.50297e+06 2.30807e+06 2.82299e+06 983830 2.11511e+06 996955 1.31111e+06 954410 649409 438211 1.83916e+06 593934 409141 653351 185790 486275 467560 805132 769559 424124 45987.8 538104 459147 144514 314633 54951.1 239217 904155 357446 775454 574480 417749 341140 275474 486384 1.1949e+06
internal_count=37918650 21690900 16227750 10822350 5405400 10853150 3903900 3848793 10837750 7203350 8839600 3041500 6949250 3030512 4172838 3077149 2205992 1697908 5798100 2167550 1226291 1982750 561909 1507139 1420841 2622502 2505543 1655051 144308 1748380 1421085 464206 956879 183657 731525 2899050 1135331 2361073 1761747 1290019 1043166 852857 1556607 3634400
is_linear=0
shrinkage=0.05


Tree=112
num_leaves=45
num_cat=0
split_feature=3 2 0 1 0 1 1 0 0 4 3 0 0 0 1 1 3 3 1 1 4 1 0 0 0 4 3 0 1 0 2 4 0 3 1 3 4 4 1 4 0 0 0 4
split_gain=9186.11 8267.43 3970.55 7259.34 6288.43 6214.01 6754.96 4190.27 3629.24 3360.95 2992.36 2809.1 3616.65 3129.95 7192.25 2590.61 3423.4 2520.08 3097.62 3420.1 4498.28 3107.7 7495.78 3830.16 6109.34 3673.59 3042.62 2683.54 6435.83 2527.38 2309.44 2244.23 2198.81 4299.22 2216.09 2153.42 2191.31 2039.97 2021.31 2609.1 3311.76 4532.21 2320.04 2233.01
threshold=-12.596979556513535 2.5000000000000004 -0.56335575626740397 0.52542847473095 -0.79450537036186197 0.36521623457838687 0.30909602655580187 -0.82298386589365657 0.20588816045177846 23.090718978779361 0.97915403661263778 -0.86066547284873141 -0.88545602565320969 -0.79450537036186197 -0.66312265824079497 -0.73300900260771595 -1.7302547552419723 -5.5439543941670939 0.36521623457838687 0.30909602655580187 8.5298331830513394 0.66905282987950276 0.67983684365189634 0.65797238821565851 0.58743244627487468 5.5345896761367799 6.7324342355000022 0.37886415816525426 0.88755655832397862 0.20588816045177846 5.5000000000000009 -20.364660316191792 -0.99087453071010889 0.7172640208719373 1.0000000180025095e-35 -4.6779030618177968 -16.325747075391323 -18.667741070290628 0.23931566428755774 3.3589265570132132 0.94117129826980317 0.96778869966720549 -0.46472317204376817 1.2800021765159004
decision_type=2 2 2 2 2 2 2 2 2 2 2 2 2 2 2 2 2 2 2 2 2 2 2 2 2 2 2 2 2 2 2 2 2 2 2 2 2 2 2 2 2 2 2 2
left_child=8 15 3 5 7 6 11 10 -1 17 31 12 32 -13 -15 -2 -17 37 19 38 -21 -20 23 24 27 -25 -27 29 -29 -23 -24 -5 34 -34 -3 36 -8 -4 39 40 -19 -42 -41 -40
right_child=1 2 9 4 -6 -7 35 -9 -10 -11 -12 13 -14 14 -16 16 -18 18 21 20 -22 22 30 25 -26 26 -28 28 -30 -31 -32 -33 33 -35 -36 -37 -38 -39 43 42 41 -43 -44 -45
leaf_value=0.0021192950124031529 0.00024350605381089137 -0.001136134455460092 -0.0026583913025236103 -0.019596928380196985 -0.0029521558412647919 0.0072796742862699078 -0.014510886779362332 -0.024556484840973062 0.0084370214294311966 -0.0068411905698834326 -0.018153711209623023 0.0093857987052926081 -0.011897083485295827 0.0028282874825413542 -0.020082839218002344 -0.0012199754589832163 -0.0057055725507183736 -0.0039532229522562783 -0.0048264942712515713 0.0001274612304784808 0.021100293328151592 0.00013005350504485247 0.0095706486930327971 -0.01902060531359831 0.023392086013635953 0.0080568202716502901 -0.015200508993289626 0.0015647787470352338 0.025670887069396842 -0.0051518903219536635 0.03205635303259971 0.0044999583024068453 -0.0019817386034034234 0.0079885442108895491 -0.0093521498374345251 -0.018171577117085804 0.013411347120580466 0.0040532963017237376 0.012405751197581992 0.025298270302986942 0.023923122980300741 0.00065212481300755474 0.0023356413494406156 -0.0066241760233250362
leaf_weight=508548.22424612939 491511.97894456983 288171.30678084493 126934.47527346015 12286.988010525703 445199.00047779828 270111.80388063192 15534.341745242476 62817.603570446372 411059.52909830213 131447.63630508631 42403.883370243013 136264.36820191145 79554.588402152061 347474.88352368772 38000.119325205684 721942.17470742017 1035419.749922052 369373.20710428059 378545.67965783179 50457.65792644769 51826.962943859398 958658.77775728703 24328.867780737579 52040.204040676355 28062.790843077004 36780.948435008526 22767.56479549408 234295.8880732432 31398.429074391723 296529.73103294522 21519.794877573848 45234.499612897635 305129.30166172981 167462.43844365329 114758.01546473056 71226.7582763955 12829.822429567575 1047386.9983606786 17546.439494542778 11051.700825303793 26151.745371252298 104642.54690854251 2350960.0445009321 126932.71663041413
leaf_count=1413386 2274058 905099 318149 37178 1327052 770309 46794 236181 963253 402018 170342 397075 264796 1064350 134277 2845338 4941627 1143785 1136883 127085 127504 2748465 71105 143666 68385 104159 78347 627720 80182 826795 48136 141518 969574 559079 397729 250676 34841 2536934 47018 28608 58094 273799 6426480 350801
internal_value=0.000139276 -0.000255066 0.000425641 -0.00128773 -0.00602672 0.000272525 -0.000928127 -0.0144375 0.00494328 0.00107266 -0.00807624 -7.8175e-05 -0.00168993 0.00287224 0.000569709 -0.00296536 -0.00386284 0.00123601 0.000763061 0.00176301 0.0107543 -0.000728013 0.000181199 -0.000369456 0.000275079 -0.00931615 -0.000835304 -0.000151468 0.00441352 -0.00111777 0.0201247 -0.000647304 -0.00076245 0.00155122 -0.00347613 -0.0135319 -0.00188096 0.00332782 0.00145713 0.0017484 -0.00153217 0.00530506 0.00244308 -0.00431306
internal_weight=1.21226e+07 1.1203e+07 8.9541e+06 2.45446e+06 607942 1.84652e+06 1.57641e+06 162743 919608 6.49964e+06 99925.4 1.47682e+06 955076 521739 385475 2.24887e+06 1.75736e+06 6.36819e+06 5.19387e+06 3.10894e+06 102285 2.08493e+06 1.70638e+06 1.66053e+06 1.54895e+06 111589 59548.5 1.52088e+06 265694 1.25519e+06 45848.7 57521.5 875521 472592 402929 99590.9 28364.2 1.17432e+06 3.00666e+06 2.86218e+06 500167 130794 2.36201e+06 144479
internal_count=37918650 35542011 25480988 7706870 1912271 5794599 5024290 585219 2376639 17774118 349038 4691979 3096277 1595702 1198627 10061023 7786965 17372100 14517017 8583174 254589 5933843 4796960 4677719 4351547 326172 182506 4283162 707902 3575260 119241 178696 2831481 1528653 1302828 332311 81635 2855083 8328585 7930766 1475678 331893 6455088 397819
is_linear=0
shrinkage=0.05


Tree=113
num_leaves=45
num_cat=0
split_feature=1 3 2 3 0 3 1 0 0 2 4 0 4 3 4 0 4 0 0 0 0 0 4 4 4 1 1 0 2 0 4 4 4 1 2 0 1 0 1 1 1 1 1 3
split_gain=21656 9800.39 9773.68 7685.11 6556.48 5226.41 5050.76 4681 4398.51 4262.77 3669.96 4152.78 3088.75 3018.1 2968.73 2904.34 2780.78 2715.51 2491.17 3873.16 4319.92 6946.87 2441.18 2109.79 2106.56 4120.36 3873.95 3354.18 2105.17 2012.5 1977.96 1969.46 2218.4 2828.89 1943.28 2080.13 1868.75 1776.6 1739.44 3183.72 10166 5731.3 2948.45 2870.36
threshold=-0.55094406234797322 3.6246353151596193 4.5000000000000009 2.3984898063610278 0.48662714534649493 -12.596979556513535 -0.2393156642875576 0.5633557562674042 -0.93085292505862405 5.5000000000000009 -11.517414880093396 0.58743244627487468 2.6587219948894512 7.5676226976124612 22.138282614797578 -0.12053668025532321 28.833030140098895 -0.94117129826980295 0.93085292505862427 0.88059548392442355 0.81773537194966905 0.76251730544457197 3.9486187187886661 15.279807031454601 1.953941008251576 0.47375768738725649 0.30909602655580187 0.93085292505862427 2.5000000000000004 0.76251730544457197 12.425314784930018 17.586657681058949 -1.6010117619410733 -0.80891915365350464 2.5000000000000004 0.26568621746226689 -0.98846972602282535 0.48662714534649493 0.85743085555170595 0.57552211292281397 0.62305106867763382 0.74851074817110097 0.91233666684008119 12.629236340315515
decision_type=2 2 2 2 2 2 2 2 2 2 2 2 2 2 2 2 2 2 2 2 2 2 2 2 2 2 2 2 2 2 2 2 2 2 2 2 2 2 2 2 2 2 2 2
left_child=3 2 5 9 12 17 8 13 -3 31 11 -8 -5 -6 29 -14 38 -2 19 20 21 22 -4 -22 28 26 -26 -28 -7 -9 -11 32 33 -1 -34 -36 -32 -37 39 -12 43 -42 -40 -41
right_child=1 6 18 4 7 24 10 14 -10 30 16 -13 15 -15 -16 -17 -18 -19 -20 -21 23 -23 -24 -25 25 -27 27 -29 -30 -31 36 -33 34 -35 35 37 -38 -39 42 40 41 -43 -44 -45
leaf_value=0.0062168344332828723 0.0054936335498646559 -0.017328312467103184 0.0017007447285264524 -0.00054611560152808788 -0.0024367761255385412 -0.0042799666583467795 0.01368230381532016 -0.0089133744095742651 -0.00024843044110762293 0.00028664804510228364 0.0027577136867640729 -0.022797593843032073 -0.017394681072475018 0.027479677924350965 0.0076099627769507135 -0.0095337340935618339 0.016390829523614685 -0.0098952911980859631 -0.001555192103077072 0.00986445012959925 -0.0095078497851211474 0.034442191992045956 0.0096452805809143331 0.024545256346728356 0.00076453340532258048 0.0072086515494109733 -0.0018729703769530519 -0.022358431482894053 -0.00094505113942333792 -0.00047847992449356522 -0.017166429552375014 0.010496310787435466 -0.0097410901417790217 -0.0049314412265962036 -0.0070921175305127225 0.0046892388525982829 0.013001479777017927 -0.0039596234021599388 -0.0052447812137104109 0.017057557056175589 -0.0033437209921867946 0.0082570017277430654 0.0028804220817590736 0.037074664586980284
leaf_weight=99950.940166801214 31893.909263677895 45166.096418000758 2603199.748640269 61016.910298116505 14633.132311314344 792432.30521994084 141500.46263861656 215467.78683485091 227857.47514026612 565549.8789228946 1163287.2016613036 8256.6030307635665 187123.70493629575 19889.115490928292 44693.473308734596 315797.49934428185 41868.750779211521 283292.50657247752 508944.15970686078 157349.37624722719 103159.56815444678 16597.996918559074 100424.80880379677 4758.2677738964558 303632.14598664641 188636.81739069521 42104.744876019657 38029.808359019458 1174709.7825962678 105262.32172739506 5697.2486496716738 22678.138100638986 214919.36619718373 132123.74041685462 282231.95726548135 92064.3136793226 51863.447420150042 167229.45712035149 137606.62203930318 79639.978201821446 163967.72177135944 303615.22034217417 591944.790969491 23104.796954765916
leaf_count=395808 138744 228258 6232497 292749 50958 3673278 327311 856844 780944 1658055 3161824 22115 1124705 69867 138388 1662665 97087 1246645 1300930 364527 254517 34305 218821 9563 1109106 536485 130859 120077 3751608 367810 17607 84762 1369902 509896 1250272 328078 131731 543053 372073 199199 425415 747051 1533573 48688
internal_value=-0.000121331 0.00100865 -9.49236e-05 -0.00415599 -0.0076969 -0.00226536 0.00340183 -0.00280015 -0.00307394 -0.00206764 0.00406781 0.011671 -0.0111697 0.0147988 -0.00446275 -0.0124586 0.00361327 -0.00833808 0.00167818 0.00222939 0.00180459 0.00219382 0.00199584 -0.00800639 -0.00151166 0.00115794 -0.00181624 -0.0115948 -0.00228847 -0.00614508 0.00118537 -0.00407217 -0.00440639 -0.000130053 -0.00571836 -0.00412183 0.0100155 -0.000888776 0.00339608 0.00425802 0.00731817 0.00418897 0.00134786 0.0215589
internal_weight=1.18752e+07 9.27698e+06 6.34917e+06 2.59819e+06 963884 2.85473e+06 2.92782e+06 399946 273024 1.63431e+06 2.65479e+06 149757 563938 34522.2 365424 502921 2.50504e+06 315186 3.49443e+06 2.98549e+06 2.82814e+06 2.72022e+06 2.70362e+06 107918 2.53955e+06 572404 383767 80134.6 1.96714e+06 320730 623111 1.0112e+06 988520 232075 756445 541526 57560.7 259294 2.46317e+06 1.73361e+06 570328 467583 729551 102745
internal_count=37918650 27065500 19121962 10853150 4563986 10706802 7943538 1483867 1009202 6289164 6934336 349426 3080119 120825 1363042 2787370 6584910 1385389 8415160 7114230 6749703 6485623 6451318 264080 9321413 1896527 1360042 250936 7424886 1224654 1807393 4481771 4397009 905704 3491305 2121403 149338 871131 6487823 4582177 1420353 1172466 1905646 247887
is_linear=0
shrinkage=0.05


Tree=114
num_leaves=45
num_cat=0
split_feature=2 2 2 1 3 0 4 1 2 0 4 1 3 3 0 3 4 4 3 0 1 3 1 1 4 4 3 3 4 3 4 4 0 1 1 0 3 4 3 4 4 1 4 0
split_gain=31940.2 6515.14 5004.65 3065.94 1876.38 1471.98 2117.71 1316.67 1241.51 1231.69 1650.65 1175.85 1120.48 1056.83 1018.77 982.859 884.002 753.554 753.03 739.664 712.719 817.589 702.852 698.225 663.053 644.978 643.648 629.161 625.386 624.94 620.25 673.278 601.881 599.987 745.562 576.953 674.277 558.627 554.133 575.852 551.867 539.663 638.609 542.509
threshold=4.5000000000000009 2.5000000000000004 6.5000000000000009 -0.80891915365350464 -2.7600588162966058 -0.4298763333408428 -4.7763033860137183 -0.59907629515643335 5.5000000000000009 0.48662714534649493 -5.9806671733647141 -0.59907629515643335 0.1328636443988245 7.1897771933336623 -0.32012920303568732 -0.13562436995527702 9.9729883624521403 11.119822744278741 -1.5752794968868604 0.46472317204376884 0.30909602655580187 -1.8070737377971076 -1.7225464241988328e-16 0.25145141517831299 6.6670945776380934 5.9037000904726691 2.7480174956991594 -8.3080036836704654 -9.507863682132415 -3.9974872748228978 19.389303354563477 -5.3041796436846189 0.37886415816525426 0.57552211292281397 0.12053668025532312 0.48662714534649493 0.58435031030321138 -12.552358598051049 -1.8819319506537473 15.844850383144847 5.7701267242643555 0.25145141517831299 18.890002469392382 0.5633557562674042
decision_type=2 2 2 2 2 2 2 2 2 2 2 2 2 2 2 2 2 2 2 2 2 2 2 2 2 2 2 2 2 2 2 2 2 2 2 2 2 2 2 2 2 2 2 2
left_child=1 5 3 29 25 6 15 24 17 10 12 18 -3 14 -12 -1 27 20 -7 -15 21 22 -5 38 -6 -4 -19 -8 -23 -2 31 -9 -33 34 -29 -25 -37 -17 40 -40 -10 42 43 -11
right_child=2 9 4 8 7 11 16 30 23 41 13 -13 -14 19 -16 37 -18 26 -20 -21 -22 28 -24 35 -26 -27 -28 33 -30 -31 -32 32 -34 -35 -36 36 -38 -39 39 -41 -42 -43 -44 -45
leaf_value=0.0047157351863743539 -0.0025836677646956289 0.00080272581219865491 -0.007020988054126479 -0.003567399559362661 0.00069722534485903293 0.0024225411451403601 -0.0097366141586000873 -0.0072610196981637487 -0.0034342999591233259 -0.0083889119410819699 0.0048168307276363924 0.002383133148843281 -0.0032322413754102895 -0.0008177815350863993 0.0017235596320398798 -0.004720262498408144 -0.002915429944910342 -0.0097467308221808394 0.006235054881092713 0.015468679958858754 -0.002128068208937317 -0.0097337542458549656 0.0026341708430710539 -0.0038482815979799137 -0.0034712662700750897 -0.012803968062540498 -0.00288922735206666 0.0083822662392240618 0.0025825988185647791 0.00183058826059379 -0.012474036770038069 -0.0019381051986044882 -0.0054617667109568687 0.0046010741733709636 0.014035669256222511 -0.0095833355383582973 -0.0038346460293852479 0.0019433510472473383 -0.00052565150281397928 -0.0057516545634502319 -0.010629954540248466 -0.0019454841188893204 -0.0037255897524856594 0.0010111085932936171
leaf_weight=482388.31350643933 93580.121666371822 775711.92805162072 506255.19382175803 169210.6070875749 167574.0625436306 191030.23366954923 4660.1134629547596 222322.94031910598 189950.65249089897 15716.843347907066 539270.94958528876 1521725.5648186207 221093.4121061787 239287.08643677086 525633.6489020735 42055.889445923269 17567.53973095119 44615.468526288867 402224.18775472045 7180.61596994102 723228.04047197104 10713.638470500708 62586.610160812736 557020.46434447914 221478.4865488112 53290.208635777235 146831.27115207165 268197.42506307364 271415.73222014308 559911.32186481357 28681.597883835435 212432.83746548742 282149.83936147392 72362.911207020283 74522.782443523407 111279.54480858147 94177.15600643307 124734.34053840488 342364.31887298077 62305.037397004664 30993.879364199936 433192.07401479781 88563.244724079967 656401.80398072302
leaf_count=1656316 283601 2361073 1633578 506843 507658 637649 14343 729644 590723 44270 1764917 4781700 669439 731352 1650834 130333 54336 129509 1529901 25735 2261855 30323 197803 1805650 658997 165682 455571 1101027 841746 1699149 95238 687094 927509 236290 291912 350015 316035 419343 1062586 195926 95015 1324400 268080 1997650
internal_value=-1.93367e-05 0.00225738 -0.00297459 -0.00188703 -0.00520222 0.00388768 0.00538352 -0.0040337 -0.00260289 0.000767011 0.00144139 0.00311925 -9.2238e-05 0.00260714 0.00329 0.00357175 0.00807306 -0.00156815 0.00500741 -0.00034329 -0.00111642 0.000307235 -0.00189294 -0.00366782 -0.0016758 -0.00757175 -0.00448733 0.00853296 0.0021149 0.00119847 -0.00526407 -0.00497561 -0.00394829 0.00873807 0.00961157 -0.0046836 -0.00694825 0.000263132 -0.00242983 -0.00133027 -0.0044437 -0.000536801 0.000265414 0.000791298
internal_weight=1.18679e+07 6.70352e+06 5.16437e+06 3.47018e+06 1.69419e+06 3.20147e+06 1.08649e+06 1.13464e+06 2.81669e+06 3.50205e+06 2.30818e+06 2.11498e+06 996805 1.31137e+06 1.0649e+06 649179 437311 1.4286e+06 593254 246468 1.23715e+06 513927 231797 1.38809e+06 389053 559545 191447 419743 282129 653491 745587 716906 494583 415083 342720 762477 205457 166790 625614 404669 220945 1.19387e+06 760682 672119
internal_count=37918650 21690900 16227750 10822350 5405400 10853150 3903900 3606140 8839600 10837750 7203350 6949250 3030512 4172838 3415751 2205992 1697908 4423650 2167550 757087 3838570 1576715 704646 4415950 1166655 1799260 585080 1643572 872069 1982750 2439485 2344247 1614603 1629229 1392939 2471700 666050 549676 1944250 1258512 685738 3634400 2310000 2041920
is_linear=0
shrinkage=0.05


Tree=115
num_leaves=45
num_cat=0
split_feature=3 2 1 3 4 1 1 1 3 0 3 0 1 0 0 1 0 0 3 3 1 0 3 0 0 1 0 1 4 4 0 1 1 1 0 4 3 4 0 1 1 0 1 0
split_gain=8589.2 7379.89 5455.08 7224.51 5014.05 2816.3 2593.15 4549.13 2582.81 2454.79 2424.22 2593.89 3392.46 2241.35 2124.63 2123.6 2104.24 3107.91 2294.29 2089.38 2078.97 2726.18 2043.06 4232.28 2377.17 1914.24 2494.53 1848.85 1835.64 1833.9 2190.05 1902.85 2002.75 2565.56 3170.95 1765.13 2168.45 1712.05 1708.4 2057.84 1808.8 5267.94 4396.74 2454.35
threshold=-15.289272778559694 5.5000000000000009 -0.55094406234797322 0.58435031030321138 9.821778554410491 0.99649054800675863 -0.59907629515643335 -0.66312265824079497 -5.5439543941670939 -0.93085292505862405 9.5877804135133946 -0.74317201360641438 -0.22264714151432796 0.088756899407539988 -0.88545602565320969 -0.044397947661467471 -0.86066547284873141 -0.79450537036186197 -21.804925576132185 21.648738632197027 0.14764656400248086 0.88059548392442355 4.9868964767106343 0.37886415816525426 0.58743244627487468 -0.98846972602282535 -0.58743244627487456 0.99284498505578556 -20.364660316191792 -8.6623966678336028 0.67983684365189634 -0.96367140085128711 -0.86104361176735533 -0.77168259479222712 0.58743244627487468 0.92932852859705062 -2.7600588162966058 11.837148317062899 -0.93085292505862405 0.30909602655580187 -0.4300652022765204 -0.86066547284873141 -0.12053668025532321 -0.56335575626740397
decision_type=2 2 2 2 2 2 2 2 2 2 2 2 2 2 2 2 2 2 2 2 2 2 2 2 2 2 2 2 2 2 2 2 2 2 2 2 2 2 2 2 2 2 2 2
left_child=9 2 6 4 38 10 7 22 -9 15 -5 12 14 27 -12 -1 28 -18 -19 -7 -6 -22 -2 25 -25 37 -27 -3 -11 30 -15 -31 -33 34 -34 -8 -37 -24 39 -4 -40 -42 -43 -44
right_child=1 13 3 5 20 19 35 8 -10 16 11 -13 -14 29 -16 -17 17 18 -20 -21 21 -23 23 24 -26 26 -28 -29 -30 31 -32 32 33 -35 -36 36 -38 -39 40 -41 41 42 43 -45
leaf_value=0.010604829977110673 -4.0761393514700099e-05 0.00067685705877393732 -0.0024923868981673305 -0.0035792282285542587 0.0022976042939011356 0.0067261153819383884 -0.0015712392883662333 0.011771394083083862 -0.016079418849167797 0.025143532760563744 0.02594468054473997 -0.0062138806788625944 -0.023171976289202124 0.005340501948539347 -0.01616228098500334 -0.011130508827208514 -0.0085603671357323066 0.014321417804718293 0.0056547969728171586 -0.029917044984549862 -0.0026283674250862374 0.020425985302848851 -0.0095055681400940117 -0.0091593709321089786 0.0025602393304705105 -0.0022770235979104564 0.012679241908314352 -0.005866652050945967 -0.010109875889342392 0.0074829823732503716 0.021929976232586842 -0.0032688512927900345 0.0043708822218980013 0.001798272806695158 0.024628040279802043 0.024698272296641371 0.0068046226813270431 0.0060186110302428136 -0.005218369520124562 -0.013816719923196691 0.0091798124448377195 0.0083828657455717655 -0.0051922468613412251 -0.00034535154217926311
leaf_weight=16647.509065136313 1398400.5111286342 1935222.191556938 423893.13723493367 1668894.8155174404 59093.144987791777 78710.246585130692 52203.353914648294 9685.0798656791449 59254.661561965942 26152.313163802028 6476.6144073754549 422183.4079778567 48538.16034886241 160678.22855715454 5574.2180456072092 34582.084004104137 31503.478437483311 100282.62177582085 320170.20883280039 4092.4634762257338 16782.330091260374 54352.027722105384 25820.713045403361 73227.082555100322 105760.9158949405 33409.028939560056 168439.49889597297 114326.86905409396 4299.6299627870321 155832.75270399451 22705.572254151106 180841.08027651906 65514.829526215792 1603603.8110676333 27397.072448268533 19399.293887168169 133090.06320379674 56889.01250821352 170285.07387918234 44310.224076651037 149817.32144647837 129326.96103535593 312849.42203478515 1581586.1306995302
leaf_count=50167 5125227 5096295 1684720 6452166 165385 264611 195775 24550 242908 59082 23444 1644078 267345 353811 23305 122466 95753 223184 775584 15432 48914 129744 98396 296238 349563 120725 548904 282566 11549 368579 44431 469062 153859 3720257 53749 47939 419032 188541 598083 184393 492597 364733 1134926 4886582
internal_value=0.000136892 -0.000148955 -0.00111313 -0.00199028 -0.000362523 -0.00413367 0.00101311 0.000445831 -0.0121668 0.00633899 -0.00448189 -0.0076023 -0.0172768 0.0015037 0.00646774 -0.00406742 0.00744411 0.00658693 0.00772188 0.00491505 0.0092289 0.0149869 0.00091282 0.00378953 -0.00223446 0.00757864 0.0102038 0.00031185 0.020166 0.00260573 0.00739452 0.00217381 0.00173311 0.0022663 0.0103441 0.00636433 0.00908101 0.0011722 -0.000806704 -0.00356411 -0.000255893 0.000132883 -0.000536854 -0.00114577
internal_weight=1.21121e+07 1.15785e+07 7.31234e+06 5.17677e+06 2.9423e+06 2.23447e+06 2.13558e+06 1.93089e+06 68939.7 533638 2.15167e+06 482772 60589 4.26612e+06 12050.8 51229.6 482408 451956 420453 82802.7 130228 71134.4 1.86195e+06 463546 178988 284558 201849 2.04955e+06 30451.9 2.21657e+06 183384 2.03319e+06 1.87736e+06 1.69652e+06 92911.9 204693 152489 82709.7 2.81207e+06 468203 2.34386e+06 2.17358e+06 2.02376e+06 1.89444e+06
internal_count=37918650 36580865 26038256 18380458 9690077 8690381 7657798 6995052 267458 1337785 8410338 1958172 314094 10542609 46749 172633 1165152 1094521 998768 280043 344043 178658 6727594 1602367 645801 956566 669629 5378861 70631 5163748 398242 4765506 4396927 3927865 207608 662746 466971 286937 9346034 1869113 7476921 6878838 6386241 6021508
is_linear=0
shrinkage=0.05


Tree=116
num_leaves=45
num_cat=0
split_feature=1 3 4 0 2 2 3 2 2 0 1 0 4 0 3 4 0 0 3 1 3 1 0 1 1 4 3 0 0 3 1 0 4 4 0 1 1 1 3 0 4 0 0 2
split_gain=19805.9 9296.93 7261.25 7843.27 6729.04 5228.67 4831.34 3909.4 3329.02 3359.18 3200.99 3934.56 2707.41 4045.62 3307.11 2619.19 2603.47 2568.12 2467.9 2349.12 2255.12 2168.26 2149.89 2238.96 7104.18 3419.8 4770.84 2954.24 2860.24 2801.18 2583.19 2483.73 2283.43 2065.79 2371.26 2147.38 3812.28 8059.02 2009.32 2359.97 2772.83 1960.47 2072.63 1938.9
threshold=-0.46472317204376873 -6.488569845523247 -1.0215983254637206 0.26568621746226689 2.5000000000000004 4.5000000000000009 7.9721025807415069 3.5000000000000004 2.5000000000000004 0.46472317204376884 0.47375768738725649 0.83428993469774138 -3.7760545893711561 -0.32012920303568732 19.255578152819776 22.138282614797578 0.97474915486277813 0.58743244627487468 2.8906104447304846 0.99649054800675863 5.8128286418865907 0.97148236575323155 -0.96778869966720515 0.98236589408923247 0.97148236575323155 -9.8470377105010183 -12.897606905282311 1.0000000180025095e-35 -2.8327694488239893e-16 -17.129417798973215 0.95418073928008662 0.20588816045177846 -3.1563950465022788 16.846153360096448 0.89412692780947678 0.30909602655580187 0.62305106867763382 0.57552211292281397 -3.2732567938551465 0.48662714534649493 9.0988321006798802 0.93085292505862427 0.89412692780947678 6.5000000000000009
decision_type=2 2 2 2 2 2 2 2 2 2 2 2 2 2 2 2 2 2 2 2 2 2 2 2 2 2 2 2 2 2 2 2 2 2 2 2 2 2 2 2 2 2 2 2
left_child=2 4 17 5 -2 18 7 10 -5 20 -3 21 13 -8 33 38 -16 -1 -4 -15 -10 -12 -6 24 29 27 -27 28 -25 43 -31 -32 -28 35 -35 -14 37 -37 39 -11 -41 42 -9 -24
right_child=1 6 3 8 22 -7 12 41 9 15 11 -13 14 19 16 -17 -18 -19 -20 -21 -22 -23 23 25 -26 26 32 -29 -30 30 31 -33 -34 34 -36 36 -38 -39 -40 40 -42 -43 -44 -45
leaf_value=0.0029142279523293548 -0.0083455940857913701 -0.0031688423666396924 -0.009141777479786603 -0.0077634364634615888 0.004426750471029489 -0.0050376862723649999 0.014550316841561772 0.0024479039522503662 0.0071887319800797824 0.016786592677346467 0.0018151063216044719 0.025129719518265078 -0.0024848226897886665 -0.0039504163610919229 0.01517124177719735 0.0092455037471434569 -0.0087346970683761255 -0.0093588624702152391 -0.016560291119330276 0.022662276390177254 -0.0083662031106321311 -0.0039016910907394872 -0.011177404154324687 0.0024296057746567832 -0.024980565207283083 0.04974241629824399 -5.017166070773084e-05 -0.0076106279763632897 0.028481451315863715 -0.001340193180310155 0.017353445922199309 -0.00011326985044727319 0.028385409833892206 -0.00039653974260452649 0.0093010232136173186 0.0034186097929907902 0.00062537931564198837 0.030554988186823392 -0.0044543256722423177 -0.0045261038954413938 0.01274321324793987 -0.00036049228840108103 0.012671513605578485 0.0045172083745993767
leaf_weight=441370.35111035407 349121.4000896439 766445.07275280356 294009.02169188857 216601.91274777055 182514.05959665775 635888.41697498411 141263.41938286275 3177088.2358156145 165654.97628615052 22862.451832398772 839483.45539551973 16725.359527498484 243961.99776823819 59268.17932805419 89608.042547643185 45670.880715474486 13047.105575963855 47179.399017758667 181199.14689090848 9641.0420717597008 27114.918899662793 206700.28895176947 108551.65064566582 62240.781563282013 33064.257133238018 8459.634372100234 25233.39480908215 67001.03048619628 12682.570750102401 970985.77169917524 37617.964195281267 44344.936484724283 9802.6583523750305 91074.000410221517 204762.89592000842 113296.85859280825 404723.05858670175 36070.955986395478 577296.80017321557 102457.39514167607 30064.731235451996 672319.29122606665 50359.745285600424 24035.848552271724
leaf_count=1587141 1864674 3204501 1742905 1232423 494150 2420528 335802 7778675 552776 68862 2811725 47652 724567 149486 213398 131586 33074 163896 1299142 21767 109942 704701 358725 160722 85465 18818 68894 187918 30171 2704809 100283 116892 22614 233841 506488 305461 1055621 80531 1945048 277895 75606 1712740 119712 57023
internal_value=-0.000120464 0.00101221 -0.00380674 -0.00498321 -0.00206112 -0.0080028 0.00184587 0.0012012 -0.00215843 -0.000908275 -0.000705806 0.00107025 0.00447143 0.00970527 0.00355211 -0.00237174 0.0121329 0.00172901 -0.0119705 -0.000227053 0.00500078 0.000685607 -0.000678203 -0.00134182 -0.00212067 0.00377687 0.0160427 1.77465e-05 0.0068395 -0.00148311 -0.000620667 0.00790331 0.00790576 0.00274686 0.00631561 0.00142393 0.00314492 0.0099718 -0.00309588 0.0019511 -0.000608287 0.00209576 0.00260743 -0.00833224
internal_weight=1.18589e+07 9.07149e+06 2.78737e+06 2.29882e+06 1.93566e+06 1.1111e+06 7.13584e+06 5.72912e+06 1.18772e+06 971122 1.82935e+06 1.06291e+06 1.40672e+06 210173 1.19654e+06 778352 102655 488550 475208 68909.2 192770 1.04618e+06 1.58653e+06 1.40402e+06 1.2186e+06 185420 43495.7 141924 74923.4 1.18554e+06 1.05295e+06 81962.9 35036.1 1.09389e+06 295837 798053 554091 149368 732681 155385 132522 3.89977e+06 3.22745e+06 132587
internal_count=37918650 26310900 11607750 9856713 6271158 5462575 20039742 16379706 4394138 3161715 6768579 3564078 3660036 507055 3152981 2498997 246472 1751037 3042047 171253 662718 3516426 4406484 3912334 3423197 489137 110326 378811 190893 3337732 2921984 217175 91508 2906509 740329 2166180 1441613 385992 2367411 422363 353501 9611127 7898387 415748
is_linear=0
shrinkage=0.05


Tree=117
num_leaves=45
num_cat=0
split_feature=2 2 2 1 3 0 4 1 0 4 3 3 2 1 3 3 4 1 3 4 3 1 3 1 1 0 4 4 3 0 0 0 4 3 0 3 0 4 4 4 0 4 3 3
split_gain=29213 5969 4656.94 2826.64 1772.84 1358.14 1975.17 1226.7 1138.87 1659.42 1245.71 1209.71 1118.74 1042.64 885.281 877.087 842.179 799.765 1414.34 698.86 685.308 645.929 742.982 662.484 645.102 640.621 606.003 604.641 1547.42 720.614 1129.7 620.861 599.65 595.892 592.297 585.457 620.546 578.561 576.363 578.276 585.22 564.777 665.212 618.962
threshold=4.5000000000000009 2.5000000000000004 6.5000000000000009 -0.80891915365350464 -3.6256227825398777 -0.4298763333408428 -4.7763033860137183 -0.59907629515643335 -0.32012920303568732 -6.268506612969019 9.0454771870147699 0.58435031030321138 5.5000000000000009 -0.46472317204376873 -0.13562436995527702 -0.69763357047092522 7.0442677460641265 -0.80891915365350464 -0.90510686734943835 11.119822744278741 -1.1264310787250549 0.30909602655580187 -1.7302547552419723 -1.7225464241988328e-16 0.25145141517831299 -0.99780533956200557 -11.324912368720002 5.17441350838972 -0.067988576927621822 1.0000000180025095e-35 -2.8327694488239893e-16 0.99437935835663549 7.4348533444267781 2.7480174956991594 0.088756899407539988 8.4045606075079089 -0.2393156642875576 -9.507863682132415 19.389303354563477 -7.2800844019949276 -0.94117129826980295 9.9729883624521403 15.665097213080172 2.4640361104050972
decision_type=2 2 2 2 2 2 2 2 2 2 2 2 2 2 2 2 2 2 2 2 2 2 2 2 2 2 2 2 2 2 2 2 2 2 2 2 2 2 2 2 2 2 2 2
left_child=1 5 3 34 -4 6 14 32 9 11 -11 25 19 15 -1 -7 20 18 -10 21 -8 22 23 -5 -14 -3 -13 29 31 30 -19 -29 -6 -21 35 -2 -37 -24 39 -9 -41 42 -15 -43
right_child=2 8 4 12 7 13 16 38 17 10 -12 26 24 41 -16 -17 -18 27 -20 33 -22 -23 37 -25 -26 -27 -28 28 -30 -31 -32 -33 -34 -35 -36 36 -38 -39 -40 40 -42 43 -44 -45
leaf_value=0.0044937002293806635 0.0031499597045795916 -0.0053568662240587707 -0.0075693730303144288 -0.0034126009287911807 0.00017707058640816851 0.0022814406642583623 0.0045338736616136023 -0.0072612567879636785 -0.0020104508114041435 0.0043601503012508916 -0.0027197456588500166 -0.0079838464052266554 -0.0023105974347860997 0.0029355062274368667 0.00026639593990026943 0.0060470715878998332 0.0011635840018004858 -0.0013547447276347126 0.0036844317287079882 -0.0093998339694370756 0.0095922974780542538 -0.0020353871297356272 -0.0095272771644785027 0.0025778252635718433 -0.0044799619088981661 0.0016384178442110557 -0.0012990476104501271 -0.0072982835771555777 -0.00043621829215137172 0.00096585161397150893 -0.015647770247778907 0.0039560836139449799 -0.0036552174230748804 -0.002785049347781119 -0.00033420869697971104 -0.017718125274520376 0.0024103838959123 0.0024700839622285005 -0.012095804174114553 6.4575143067745175e-05 -0.0046867414710487975 -0.0039610970667688155 -0.0061792051550996919 0.0014856087567158643
leaf_weight=482185.24711686373 309450.42210537195 34929.23645734787 481001.54791330546 170888.40538690984 202961.4955978319 247794.74051636457 85617.128366559744 189230.44131076336 163686.98025347292 602713.08207525313 69271.179313749075 56737.842505663633 624390.69877640158 1102891.2382836193 166654.74646760523 411310.96708355844 43578.436337247491 156583.8720254302 326477.66171589494 44346.619008481503 307212.59969383478 722177.63685894012 10438.248670533299 63229.944548249245 759580.04159741849 519540.1623968482 84239.054638274014 130762.41232591867 559572.36555582285 768248.92800361663 15163.451660797 13521.573282927275 205354.58639013022 146590.45356380939 328734.5857039243 7080.4508732259274 8338.3616737127304 269391.44206039608 28548.368686318398 74322.818606331944 506257.62179484218 64793.280740782619 20387.73499789089 267512.49761109799
leaf_count=1656316 950436 101460 1556607 512807 613752 833890 317420 627421 489474 1963418 211579 167810 1944250 3475811 549676 1549260 147102 470671 1054376 129509 1233386 2261855 29648 199653 2471700 1592164 260169 373014 1719251 2352146 40075 42143 612539 455571 989450 17603 25261 834607 95733 235578 1663770 189371 61520 839398
internal_value=-1.802e-05 0.00215844 -0.00284884 -0.0017997 -0.00500263 0.0037194 0.0051573 -0.00397948 0.000731892 0.00185839 0.00363032 0.000146231 -0.00248835 0.00298147 0.00340792 0.00463136 0.00775824 1.00584e-05 0.00178267 -0.00150605 0.00848982 -0.00107118 0.000283673 -0.00179473 -0.00350123 0.00119774 -0.00398943 -0.000518499 -0.00162667 0.000311288 -0.00261667 -0.00624358 -0.0017503 -0.00432138 0.00116208 0.00267616 -0.0068328 0.00202256 -0.00511958 -0.00486087 -0.0040785 0.00223438 0.00277007 0.000423605
internal_weight=1.18537e+07 6.70139e+06 5.15231e+06 3.46464e+06 1.68768e+06 3.19994e+06 1.08525e+06 1.20668e+06 3.50145e+06 1.36743e+06 671984 695446 2.81103e+06 2.11469e+06 648840 659106 436408 2.13402e+06 490165 1.42706e+06 392830 1.23613e+06 513948 234118 1.38397e+06 554469 140977 1.64385e+06 703856 939996 171747 144284 408316 190937 653604 324869 15418.8 279830 798359 769811 580580 1.45558e+06 1.12328e+06 332306
internal_count=37918650 21690900 16227750 10822350 5405400 10853150 3903900 3848793 10837750 4296600 2174997 2121603 8839600 6949250 2205992 2383150 1697908 6541150 1543850 4423650 1550806 3838570 1576715 712460 4415950 1693624 427979 4997300 2134408 2862892 510746 415157 1226291 585080 1982750 993300 42864 864255 2622502 2526769 1899348 4566100 3537331 1028769
is_linear=0
shrinkage=0.05


Tree=118
num_leaves=45
num_cat=0
split_feature=3 2 0 0 1 3 1 0 3 0 0 0 0 4 1 3 4 0 0 4 1 1 4 0 0 0 1 1 1 4 1 3 1 0 4 4 0 4 1 0 1 3 0 0
split_gain=7907.48 6873.38 4676.69 6025.99 3833.53 2957.83 2598.67 3211.36 2858.72 5026.73 4106.53 3519.86 4011.09 2748.84 2472.01 2244.43 2165.92 2230.85 2557.13 2111.01 1974.68 3033.27 2352.3 2273.96 2267.43 2271.59 1886.85 4040.28 6433.48 4469.97 2486.41 1789.19 2218.66 3617.28 2505.46 2159.54 1728.57 2826.8 1724.49 4210.25 2133.65 1724.22 1685.36 4875.2
threshold=-9.710004215326121 3.5000000000000004 0.58743244627487468 0.65797238821565851 -0.73300900260771595 4.897432038099816 1.0000000180025095e-35 -0.99087453071010889 2.0541674548187179 -0.96778869966720515 -0.74317201360641438 -0.86066547284873141 -0.93085292505862405 9.2365952017657573 0.99284498505578556 -24.51843460078786 7.5671650549989069 -2.8327694488239893e-16 -0.12053668025532321 9.6746708834979085 0.23931566428755774 0.82619477567192912 19.938981218868943 0.37886415816525426 -0.97474915486277791 -0.88545602565320969 0.88755655832397862 0.98236589408923247 0.97148236575323155 -9.507863682132415 0.75301099516636072 5.4329906566908273 -1.7225464241988328e-16 0.89412692780947678 14.725938071935671 15.557166199379305 0.088756899407539988 -7.4232901021776732 0.14764656400248086 0.88059548392442355 0.75301099516636072 13.004643051379945 -0.32012920303568732 -0.35460488704253573
decision_type=2 2 2 2 2 2 2 2 2 2 2 2 2 2 2 2 2 2 2 2 2 2 2 2 2 2 2 2 2 2 2 2 2 2 2 2 2 2 2 2 2 2 2 2
left_child=2 4 15 -4 -2 14 31 -8 13 -10 11 12 -11 -9 19 -1 17 18 -12 -6 22 41 24 -23 -7 -26 30 28 42 -29 -17 -3 33 -33 -34 -35 -16 -38 -21 40 -40 -22 43 -28
right_child=1 6 3 -5 5 20 7 8 9 10 16 -13 -14 -15 36 26 -18 -19 -20 38 21 23 -24 -25 25 -27 27 29 -30 -31 -32 32 34 35 -36 -37 37 -39 39 -41 -42 -43 -44 -45
leaf_value=0.011976979081664995 0.00085991381444946655 0.00085763586032686513 0.027515553771801916 0.0059064389757816213 -0.0030289776722012478 -0.015994185985450108 -0.0096387665179867021 0.00047110222580904013 0.022032292370098516 -0.017024115624722298 -0.0017150089313258466 -0.017932175448397768 0.0043072789062148691 0.0079103221696971565 0.0029336248307112729 0.0011045792702411422 -0.0043829255896139733 0.0026556550823863771 -0.019813779549400723 -0.0017592345498861151 -0.0094140181241044105 -0.0057901948027453756 -0.012513121889090074 0.008238109420928872 0.01654397861921927 -0.00074883937827259614 0.00040815385188386929 0.00093528385456279322 0.029121864303067825 -0.02440884545749622 -0.0062786652305875049 0.0047774395191575699 0.00635870237495967 0.0019572200570751037 0.03300587068573823 -0.0089402229563485328 0.037373787784382322 -0.0071844158114481322 -0.013196298785417507 0.016115612360676389 0.025066826573373249 -0.01953987275140422 0.0010917205607292371 0.027269192333463727
leaf_weight=49292.299793228507 780561.69689740241 2742646.5736606717 34612.612286508083 475110.08620597422 1603820.4764419645 21898.070255175233 92336.374310381711 2025912.5577357337 21341.420281618834 34443.517529532313 296237.81640640646 73412.439290449023 61184.717760764062 132283.3102324307 60528.621833875775 496495.97943338752 383247.17108780891 417420.74013382196 20892.567812204361 101633.69339969754 190293.43387426436 168341.67567867786 50135.792550213635 34871.760733261704 20937.602690719068 204222.48542160541 43588.371273130178 136226.99116040766 31514.500731557608 19944.784887552261 148027.343053177 606869.40416395664 27414.053561985493 95030.696345552802 13006.250859484076 87159.071884155273 10063.239663481712 5507.4206873178482 24535.518336415291 54511.754809319973 4278.7131697833538 53962.172434173524 119037.76455333829 27580.957431420684
leaf_count=112840 3332548 7553939 66408 1140685 6674825 146947 307363 5245298 64870 123725 878147 286734 190353 299038 225499 1492164 1132349 1111665 60853 357090 935095 728153 222854 125505 112744 825295 124630 354611 69388 55864 416054 1610719 66804 236261 30851 231369 31302 23577 86965 167981 14449 275908 307514 61417
internal_value=0.000134655 -0.000360854 0.00343118 0.0073738 -0.00221435 -0.00313392 0.000520325 -0.000435972 -0.00019083 -0.00203512 -0.00243426 -0.00969752 -0.00337589 0.000927078 -0.0020702 0.001556 -0.00133587 0.000253916 -0.00290736 -0.00244567 -0.00579783 -0.00789617 -0.00263846 -0.00338291 -0.000634589 0.000859217 0.00105359 0.00385876 0.00819775 -0.00230143 -0.000591127 0.00147303 0.00350781 0.00292254 0.0149331 -0.00325609 0.00675568 0.0216133 0.00261229 0.00794429 -0.00751449 -0.0116511 0.00473093 0.0108179
internal_weight=1.21024e+07 1.05209e+07 1.58143e+06 509723 3.3901e+06 2.60954e+06 7.13084e+06 3.55871e+06 3.46638e+06 1.30818e+06 1.28684e+06 169041 95628.2 2.1582e+06 1.86488e+06 1.07171e+06 1.1178e+06 734551 317130 1.78878e+06 744663 447469 297194 203213 247058 225160 1.02242e+06 377893 221722 156172 644523 3.57213e+06 829479 789059 40420.3 182190 76099.3 15570.7 184960 83326 28814.2 244256 190207 71169.3
internal_count=37918650 33717075 4201575 1207093 14286737 10954189 19430338 9700395 9393032 3848696 3783826 600812 314078 5544336 7581688 2994482 3183014 2050665 939000 7301310 3372501 2064661 1307840 853658 1084986 938039 2881642 973424 562949 410475 1908218 9729943 2176004 2078349 97655 467630 280378 54879 626485 269395 101414 1211003 493561 186047
is_linear=0
shrinkage=0.05


Tree=119
num_leaves=45
num_cat=0
split_feature=1 3 2 3 0 4 3 2 0 4 0 4 0 4 0 0 3 4 4 3 0 4 2 3 0 0 0 4 0 0 4 1 1 0 0 0 3 1 4 3 1 0 0 0
split_gain=18229.2 10501.3 7448.89 7201.91 6156.25 5845.51 4607.67 4545.89 4203.43 3476.96 4368.89 3388.28 3083.7 2854.99 2421.05 2403.52 2267.02 2257.98 2635.46 2072.54 2019.07 2714.93 1946.46 1940.07 1935.87 5096.42 2469.86 1924.22 1865.41 2508.05 1832.63 2507.56 2189.79 2447.29 1718.23 1606.64 1579.3 1845.99 1738.03 2164.31 1583.86 3446.47 2435.79 3207.95
threshold=-0.2393156642875576 2.0541674548187179 4.5000000000000009 -0.69763357047092522 0.26568621746226689 2.4244436874032798 -9.154468994268905 4.5000000000000009 0.93085292505862427 -12.11721159855103 0.58743244627487468 13.066217733224246 -0.088756899407539683 24.301560733309959 0.89412692780947678 -0.99087453071010889 4.640177594833081 -6.9894516850182482 11.119822744278741 -20.187501122676377 -0.94117129826980295 -1.253476693847652 2.5000000000000004 -9.710004215326121 0.48662714534649493 0.5633557562674042 0.67983684365189634 26.046987670433641 -0.74317201360641438 -0.2393156642875576 0.45656581786073153 0.47375768738725649 0.30909602655580187 0.93085292505862427 0.58743244627487468 -0.94117129826980295 19.255578152819776 0.99649054800675863 -1.3698137021719921 10.854957279475139 0.47375768738725649 0.83428993469774138 -0.79450537036186197 -0.82298386589365657
decision_type=2 2 2 2 2 2 2 2 2 2 2 2 2 2 2 2 2 2 2 2 2 2 2 2 2 2 2 2 2 2 2 2 2 2 2 2 2 2 2 2 2 2 2 2
left_child=3 2 6 8 5 12 15 -7 14 10 -3 -6 20 36 17 -2 -13 -1 22 -17 -5 -22 -19 -20 -18 -26 34 -28 35 -30 -8 32 -32 -34 -27 -9 37 40 39 -39 -11 42 43 -42
right_child=1 9 -4 4 11 7 30 28 -10 13 -12 16 -14 -15 -16 19 24 18 23 -21 21 -23 -24 -25 25 26 27 -29 29 -31 31 -33 33 -35 -36 -37 -38 38 -40 -41 41 -43 -44 -45
leaf_value=0.0045284687866830962 0.0064775511270407293 0.011573320358019636 0.0014527041912041879 -0.010881864809410257 -0.0048525549947119866 -0.015584599311097951 -0.0021067417863332143 -0.026642330148242133 -0.011456953901761125 0.0012892508912472752 -0.024126823088110844 0.0066417777924846185 0.020263469254815421 0.010907187425986533 0.019224174682846294 -0.016418270525308875 -0.010970061209470682 -0.005959218859484583 0.040362208467252497 -0.0062171913134093986 0.0051887306588320071 -0.0055017435780948297 -0.00061744576502543059 0.0057017038618824116 0.028326941056241936 0.00073066695927620224 -0.00058385730451891661 0.01526779448707438 -0.015253646479556834 -0.0054722776262436093 0.0012956757022208859 0.0062866084382595458 0.00014070748982958163 -0.01906447445776692 -0.018110476285448911 0.0044594978045350763 0.0096519679984178718 -0.00060023149643242014 -0.0088750102880485286 0.031471585685398859 0.0026391638427206757 0.022799181386791517 0.0028270262173540547 0.017174070268563321
leaf_weight=221675.5153908506 33445.027688875794 183138.25524137914 2787378.2031546235 74454.125178955495 609145.90634142607 276120.4160406515 1265028.2595063671 4551.969858199358 83102.234774000943 1123522.975269638 8990.5204909145832 123309.02634048462 14069.161657772958 109243.08596363664 16371.455142259598 56135.901454359293 44777.644187420607 209382.47079916298 4241.4500254392624 440515.55879534781 94651.523183070123 159409.87302877754 919172.87992331386 83865.760746143758 15257.002789966762 19162.428926736116 195975.44540324807 21217.243059694767 95347.589653037488 209602.68775714189 182983.87187378854 174623.53815224767 33721.740572243929 32646.963662050664 32835.166891038418 47289.324836194515 78976.895454332232 36343.553967192769 67268.493432372808 6150.5416840612888 80810.325428843498 23343.457563281059 1473012.8977680504 71593.026616990566
leaf_count=710626 139132 434475 6604916 325588 2352654 1995214 4632207 19891 282239 3151209 24024 442823 63435 261636 43606 263110 227546 1173242 11605 1909951 375944 752960 2871340 259992 55297 83470 639408 55668 439602 877685 647778 513429 106625 105345 133364 194251 185815 89422 181105 13172 229667 50246 3804359 183577
internal_value=-0.000119559 0.00117024 -0.000268134 -0.00310283 -0.00505265 -0.00792011 -0.00242965 -0.0107677 -0.000519858 0.00337756 0.00990276 -0.00241795 -0.00265926 0.00296923 0.000104938 -0.00649652 0.00085921 -0.000112681 -0.000958296 -0.00737021 -0.00364096 -0.00151897 -0.00160851 0.00737025 -0.00130661 0.000214605 -0.00137873 0.000964668 -0.00703994 -0.00853058 -0.00115326 0.00169166 -0.00152621 -0.00930638 -0.011167 0.00172857 0.00267637 0.00248522 -0.00387432 0.0040418 0.00273701 0.00372357 0.00344962 0.00946708
internal_weight=1.18439e+07 8.26887e+06 5.00648e+06 3.57499e+06 2.03718e+06 975497 2.2191e+06 632912 1.53781e+06 3.26239e+06 192129 1.06168e+06 342585 3.07027e+06 1.45471e+06 530096 452534 1.43834e+06 1.21666e+06 496651 328516 254061 1.12856e+06 88107.2 329225 284447 269190 217193 356792 304950 1.689e+06 423976 249353 66368.7 51997.6 51841.3 2.96102e+06 2.88205e+06 109763 42494.1 2.77228e+06 1.64876e+06 1.62542e+06 152403
internal_count=37918650 23531200 14922493 14387450 9034800 5044570 8317577 3526643 5352650 8608707 458499 3990230 1517927 8150208 5070411 2312193 1637576 5026805 4316179 2173061 1454492 1128904 4044582 271597 1194753 967207 911910 695076 1531429 1317287 6005384 1373177 859748 211970 216834 214142 7888572 7702757 283699 102594 7419058 4267849 4217603 413244
is_linear=0
shrinkage=0.05


Tree=120
num_leaves=45
num_cat=0
split_feature=2 2 2 1 3 0 4 1 0 4 0 4 3 3 1 1 3 4 1 3 2 4 3 1 4 0 0 0 3 3 0 0 3 4 3 0 0 0 3 0 1 0 0 3
split_gain=26763.5 5513.02 4388.34 2584.54 1659.33 1236.86 1941.06 1132.27 1075.3 1367.22 1035.11 1538.14 1131.43 1055.04 997.722 721.988 1287.27 706.366 690.081 832.773 676.805 649.271 633.757 635.445 990.216 807.773 686.758 1019.74 646.187 579.516 860.936 574.594 569.362 551.673 1443.7 684.348 608.596 593.569 580.882 777.695 953.526 554.087 1069.18 541.716
threshold=4.5000000000000009 2.5000000000000004 6.5000000000000009 -0.80891915365350464 -3.6256227825398777 -0.66312265824079508 -4.1486759917289886 -0.044397947661467471 -0.58743244627487456 -6.9894516850182482 -0.32012920303568732 -5.9806671733647141 8.8762162215162679 -1.3510783328691855 -0.86104361176735533 -0.80891915365350464 -0.90510686734943835 10.294858253895521 -0.77168259479222712 1.7845166241521719 5.5000000000000009 -12.334377387985716 0.33107608140073458 0.52542847473095 -17.584247833683904 -0.82298386589365657 -0.93085292505862405 -0.99087453071010889 -15.289272778559694 -1.3510783328691855 -0.32012920303568732 -0.35460488704253573 14.351529216426398 5.17441350838972 -0.27742446360318235 0.67983684365189634 0.58743244627487468 0.99437935835663549 -7.4153213027022415 0.99437935835663549 1.0000000180025095e-35 1.0000000180025095e-35 -2.8327694488239893e-16 6.2094194758468335
decision_type=2 2 2 2 2 2 2 2 2 2 2 2 2 2 2 2 2 2 2 2 2 2 2 2 2 2 2 2 2 2 2 2 2 2 2 2 2 2 2 2 2 2 2 2
left_child=1 5 3 29 -4 6 -1 17 9 22 11 13 -13 -3 -7 16 -12 -6 19 -10 -20 -15 23 26 25 -25 27 -5 -28 30 31 -2 -8 35 37 36 41 -35 39 -37 -41 42 -17 -31
right_child=2 10 4 8 7 14 32 -9 18 -11 15 12 -14 21 -16 33 -18 -19 20 -21 -22 -23 -24 24 -26 -27 28 -29 -30 43 -32 -33 -34 34 -36 38 -38 -39 -40 40 -42 -43 -44 -45
leaf_value=0.0034549359608713154 0.0010908357876881385 0.0014219433980445935 -0.0073141543459663526 -0.0062032185403581002 -0.0012754716081981501 0.005134683681596623 0.0091041283808909173 -0.0054688675183866969 -0.023111765299922149 0.00073510529881827915 -0.0019278467366307733 0.0042478195885360922 -0.0023997283249451657 -0.0066531201076112829 0.0025231087916356572 -0.0013082698420478966 0.003505930160601402 -0.0048582608834965161 -0.0020372732009610894 -0.0022714344855573926 -0.0039734652388396328 -0.0008176836517451375 -0.0069072263023122098 0.01758293809331761 -0.0035310654912472567 0.0026716230952198178 -0.021230297887599336 0.0015513006083391694 -0.0058566902957098051 0.0029674480600365744 -0.0032007978508647576 0.013361907953376273 -0.0030656912235152798 -0.0072137446966400141 -0.00043630763845338107 -0.0014881352819282694 -0.0054853238560837745 0.003977254807090388 0.0036349403028342782 0.0011324325224439976 0.036094365239942597 0.00092952409975922989 -0.015247801054993168 -0.0011243612759413214
leaf_weight=505854.65158679336 32600.929316371679 498488.46654133499 478481.56377702206 73438.336434662342 440241.56528931856 449241.35108536482 266472.60506664217 563008.17934111506 9432.9330239072442 516607.84603346884 163597.05051283538 583432.86350244284 71897.316289760172 71765.535016529262 1967024.9968987405 156487.21667331457 326562.68789276481 200100.51790591329 920333.84993369132 9746.4093170464039 885702.10857340693 141953.96623630077 84982.602736249566 11255.545089170337 61869.211442351341 47039.280827254057 7499.2460077255964 100294.55893644691 77181.953335091472 364175.57976648211 139484.06881005317 13486.028885692358 9970.4225473999977 124432.63475388288 565624.32570198923 128043.25942640007 60829.666553609073 13095.780648738146 217864.84289197624 5178.4541947990656 3128.3524690419436 353406.09738332778 15081.86924482882 103983.24446111917
leaf_count=1747370 98947 1524339 1556607 219598 1342329 1697850 1074406 1891932 24905 1596516 489474 1902555 219955 211799 6302450 470671 1054376 614532 2872100 28995 2872100 437952 266366 40687 193508 153727 19743 316939 234416 1114640 417601 45361 31074 355636 1737961 383517 178174 40811 679850 15593 12376 1082636 40075 306201
internal_value=-1.48345e-05 0.00206755 -0.0027285 -0.00170989 -0.00482353 0.00356812 0.0052961 -0.00383319 -0.00236964 -0.00103383 0.000696556 0.00177038 0.00351851 0.000161869 0.00300866 8.19661e-06 0.00169234 -0.00239506 -0.00308699 -0.0125213 -0.00298681 -0.00277718 -0.0030052 -0.00212927 0.000874742 0.00555069 -0.00352616 -0.0017266 -0.00721816 0.00112135 -0.00124318 0.00468161 0.0086652 -0.000494184 -0.00155347 0.000298181 -0.000750871 -0.00614811 0.00203312 -0.000526333 0.0142991 -0.000202283 -0.00253363 0.00205861
internal_weight=1.18404e+07 6.69943e+06 5.14095e+06 3.45911e+06 1.68183e+06 3.19856e+06 782298 1.20335e+06 2.80538e+06 980169 3.50087e+06 1.36754e+06 655330 712208 2.41627e+06 2.13333e+06 490160 640342 1.82522e+06 19179.3 1.80604e+06 213720 463561 378578 120164 58294.8 258414 173733 84681.2 653730 185571 46087 276443 1.64317e+06 703153 940020 585805 137528 354215 136350 8306.81 524975 171569 468159
internal_count=37918650 21690900 16227750 10822350 5405400 10853150 2852850 3848793 8839600 3041500 10837750 4296600 2122510 2174090 8000300 6541150 1543850 1956861 5798100 53900 5744200 649751 1444984 1178618 387922 194414 790696 536537 254159 1982750 561909 144308 1105480 4997300 2134408 2862892 1771556 396447 1091336 411486 27969 1593382 510746 1420841
is_linear=0
shrinkage=0.05


Tree=121
num_leaves=45
num_cat=0
split_feature=3 2 1 3 4 1 1 1 3 0 3 0 1 1 0 0 3 0 3 0 1 0 3 0 4 0 0 4 4 0 1 1 1 0 1 1 0 4 3 3 4 0 0 4
split_gain=7396.75 6077.86 4769.18 6167.58 4372.18 2544.51 2421.69 4252.33 2416.87 2189.4 2111.36 2448.45 2956.2 2015.63 1972.87 2879.37 2058.62 1952.39 1919.32 1870.03 1861.71 2391.28 1837.55 3284 2326.08 2871.46 2294.18 1690.9 1687.83 2008.86 1702.16 1847.35 2329.77 2932.77 1675.78 1670.46 1620.93 1606.38 1961.4 1698.95 1657.62 1600.32 2375.42 1621.72
threshold=-15.289272778559694 5.5000000000000009 -0.55094406234797322 0.58435031030321138 9.6746708834979085 0.99649054800675863 -0.59907629515643335 -0.66312265824079497 -5.2242228261087069 -0.93085292505862405 9.7717786928039008 -0.74317201360641438 -0.22264714151432796 1.0000000180025095e-35 -0.86066547284873141 -0.79450537036186197 -21.804925576132185 0.088756899407539988 21.648738632197027 -0.88545602565320969 0.14764656400248086 0.88059548392442355 3.8540119167625204 0.37886415816525426 7.4348533444267781 -0.2393156642875576 0.58743244627487468 -20.364660316191792 -8.6623966678336028 0.67983684365189634 -0.96367140085128711 -0.86104361176735533 -0.77168259479222712 0.58743244627487468 0.99284498505578556 0.99284498505578556 -0.58743244627487456 2.0643835749059822 -1.1264310787250549 -6.6132934035867406 -3.399854346944934 0.93085292505862427 0.88059548392442355 2.1841901042079397
decision_type=2 2 2 2 2 2 2 2 2 2 2 2 2 2 2 2 2 2 2 2 2 2 2 2 2 2 2 2 2 2 2 2 2 2 2 2 2 2 2 2 2 2 2 2
left_child=9 2 6 4 -4 10 7 22 -9 13 -5 12 19 -1 27 -16 -17 34 -7 -12 -6 -22 -2 24 -24 36 -25 -11 29 35 -30 -32 33 -33 -3 -19 -26 39 -39 40 -8 42 -34 -44
right_child=1 17 3 5 20 18 37 8 -10 14 11 -13 -14 -15 15 16 -18 28 -20 -21 21 -23 23 26 25 -27 -28 -29 30 -31 31 32 41 -35 -36 -37 -38 38 -40 -41 -42 -43 43 -45
leaf_value=0.0091239897959958585 -0.00019579993524686392 0.00060030088188092214 -0.00075253335640244033 -0.0033333947574707176 0.0020052807637620297 0.0064785640763043275 0.00022067981264999902 0.010405113537639784 -0.015772448798690102 0.024004838831844236 0.024897717354856283 -0.0058020761069086093 -0.022779346188467126 -0.011483903278899109 -0.008482913815899806 0.013461646629703866 0.0052402914960575746 0.0042854304116177518 -0.029198264305381597 -0.015916615381086911 -0.0022920899676888095 0.01884011352081533 -0.00095949661734362295 -0.007764130657011363 0.0022813535081763325 0.0052677692248185711 0.00261367883831988 -0.0098559402600027508 0.0070014742859833782 0.020921277197671975 -0.0032426159541943823 0.0040371305846635961 0.0015006004540448206 0.023535479028329996 -0.0056374319767070859 0.04023556789599101 0.020535648946040021 0.021538056592534733 0.0062929257876806052 -0.0065243185017996282 0.030955726259459904 0.0036253739863691434 -0.014407415800158647 -0.0024634549757822609
leaf_weight=18710.019645780325 1267360.562097311 1935164.9799583331 2803754.5445243344 1679678.7020499781 61043.570725306869 78927.413666702807 11784.78770917654 10393.538129270077 58139.835334353149 26212.325226381421 6023.5335544347763 402597.98418714106 44477.967411801219 32434.63789114356 31473.799969524145 99924.133759468794 319940.50894840062 157582.66432376206 3958.8550460189581 5254.7892806082964 17570.465049758554 56223.59615086019 90404.795836672187 90817.662454456091 15358.374658182263 209860.79987360537 128754.49978111684 4290.3817353993654 155810.23784938455 22668.093875348568 180736.8967115432 65539.065590143204 816095.32791425288 27325.807672768831 114015.98235726357 3298.9288929849863 58417.62840525806 25609.604921191931 119765.65102407336 40649.756527066231 6988.2981957644224 617406.33876222372 36044.923757463694 134340.0515339449
leaf_count=56107 4636569 5096295 9334481 6527084 170723 264611 40059 26647 240811 59082 21278 1585654 254282 116526 95753 223184 775584 347608 15432 22040 51351 133522 363248 367186 46214 729479 424535 11549 368579 44431 469062 153859 1939359 53749 282566 6203 160363 65509 374982 165455 16741 1368861 83097 328940
internal_value=0.000132196 -0.000133331 -0.00101014 -0.00183245 -0.000329588 -0.00382096 0.000977743 0.000429036 -0.0118024 0.00589116 -0.00415418 -0.00716204 -0.0169819 -0.00394501 0.00693522 0.00610348 0.0071969 0.00136578 0.00477455 0.00588153 0.00846496 0.0138085 0.00087948 0.0031752 0.00602456 0.00825062 -0.00167871 0.0192421 0.00239419 0.00698606 0.00197967 0.00156292 0.0020748 0.00977459 0.000253235 0.0050226 0.0167355 0.00614739 0.00897854 -0.000778883 0.0116618 0.00162898 0.000379509 -0.0049902
internal_weight=1.20928e+07 1.15598e+07 7.29382e+06 5.15951e+06 2.93859e+06 2.22092e+06 2.13431e+06 1.92951e+06 68533.4 532986 2.13803e+06 458354 55756.3 51144.7 481841 451338 419865 4.26603e+06 82886.3 11278.3 134838 73794.1 1.86097e+06 593614 374042 283637 219572 30502.7 2.21685e+06 183550 2.0333e+06 1.87749e+06 1.69675e+06 92864.9 2.04918e+06 160882 73776 204798 145375 59422.8 18773.1 1.60389e+06 986480 170385
internal_count=37918650 36580865 26038256 18380458 9690077 8690381 7657798 6995052 267458 1337785 8410338 1883254 297600 172633 1165152 1094521 998768 10542609 280043 43318 355596 184873 6727594 2091025 1299304 936056 791721 70631 5163748 398242 4765506 4396927 3927865 207608 5378861 353811 206577 662746 440491 222255 56800 3720257 2351396 412037
is_linear=0
shrinkage=0.05


Tree=122
num_leaves=45
num_cat=0
split_feature=1 3 2 4 2 1 4 0 0 0 0 1 1 1 1 4 4 4 4 3 0 0 0 0 3 0 0 0 4 1 0 0 0 3 4 0 4 3 4 4 4 4 0 0
split_gain=16633.7 7939.13 7699.7 6481.79 6540.76 4280.15 4403.75 4277.39 4210.58 4114.63 3715.24 3187.88 3027.03 14644.7 6642.86 4613.61 3874.26 3704.35 3655.03 4888.97 3011.52 2911.65 2729.74 2448.43 2474.69 2376.64 2341.03 2244.4 2363.37 2169.89 2707.37 2350.89 2103.49 2080.49 2048.27 1991.54 1944.85 1900.1 1880.01 1860.64 1766.48 1758.2 1743.94 5337.39
threshold=-0.46472317204376873 -3.6256227825398777 3.5000000000000004 -1.6010117619410733 3.5000000000000004 0.23931566428755774 13.286110130903522 -0.93085292505862405 -0.88545602565320969 0.26568621746226689 0.46472317204376884 0.82619477567192912 0.57552211292281397 0.62305106867763382 0.74851074817110097 -19.068267358037755 16.846153360096448 -1.4861760645474715 3.9486187187886661 3.1036261744090834 0.35460488704253579 0.96778869966720549 0.48662714534649493 -0.94117129826980295 -15.849766964683171 -0.99087453071010889 0.67983684365189634 -0.99780533956200557 -12.334377387985716 -0.4300652022765204 0.99087453071010911 -0.99087453071010889 0.58743244627487468 2.6008229031461743 8.951559536320163 0.99087453071010911 6.4068814074067442 5.9072642300350475 22.138282614797578 -14.420259720574821 18.426290891346699 -9.0035383411043934 -0.2393156642875576 -0.2058881604517783
decision_type=2 2 2 2 2 2 2 2 2 2 2 2 2 2 2 2 2 2 2 2 2 2 2 2 2 2 2 2 2 2 2 2 2 2 2 2 2 2 2 2 2 2 2 2
left_child=3 2 23 32 20 6 27 39 -9 36 37 12 15 17 18 -10 -17 -14 26 -20 33 -18 -13 -2 -25 -4 41 -3 -29 -30 31 -31 -1 -5 -24 -8 42 -11 -12 -7 -22 -15 -6 -44
right_child=1 5 25 4 9 7 35 8 11 10 38 22 13 14 -16 16 21 -19 19 -21 40 -23 34 24 -26 -27 -28 28 29 30 -32 -33 -34 -35 -36 -37 -38 -39 -40 -41 -42 -43 43 -45
leaf_value=0.0032178398027734086 0.0017052681848508098 0.0043834242943199256 0.0063306093103859991 -0.0088445690180007815 -0.0057923243018775574 0.024527488276738844 0.0074872273058477802 -0.0053635562279950701 0.024467533843830842 0.0083962292580287336 -0.0026772241000324465 0.0016583243516547976 0.011632714543367645 -0.0060266138195450855 0.0074693992685318095 -0.00013117380596556553 0.0045796542329770316 0.02683938028514208 0.018682096135031176 -0.001732038408525298 -0.0068750506353190428 0.019317881669941358 -0.01303052345558732 -0.013692988639276274 -0.0050845548109611713 -3.9434730403905349e-05 -0.010816461625907015 0.01198829013613922 0.0028676271414383105 -0.00069056521130896834 0.00061335374867113558 -0.0067569479205952659 -0.0087743314703136299 -0.01686904270974051 0.023480990181866487 0.00067086585693470731 -0.0084547607202519522 -0.0075855505967104223 0.0089203438128317367 0.0087672870167605759 0.003061539767812013 0.0025514060382440147 0.020781673041994211 -0.0030575093333206093
leaf_weight=393313.33813752234 113666.9052169621 149153.89338857681 158561.96518751979 205614.19313649088 306179.98786254227 21830.191667586565 233116.60310669243 163112.55289742351 22510.239820674062 144603.05816290528 623736.58114693314 1821674.6789734215 73853.880323201418 104388.03069901466 517154.247546345 727564.28568339348 155801.24996678531 87491.89746516943 49393.062989234924 72200.60755482316 302871.490475595 42694.070320442319 47018.400798171759 95409.96698423475 667997.24930727482 1913090.9439847171 83512.781678318977 29076.553183451295 166948.5624589771 230315.02597700804 316954.55717453361 520899.05330900103 40314.676733061671 133037.04848546535 4182.9397653341293 198320.70000435412 312067.25782375038 21343.0536166206 37017.299708202481 131760.97113783658 52477.054989047348 139649.2299182266 27244.890649989247 169881.08978565782
leaf_count=1393965 523823 467599 378408 1354181 1216057 55948 638349 485873 55584 451282 1925929 4832242 203179 284687 1295127 1963441 382312 201347 115287 183135 1557915 101324 119294 499198 2941131 4877977 222838 80046 568718 783325 902394 1851029 140390 1070350 9976 503654 1371459 82031 101119 398997 232884 384658 100238 609950
internal_value=-0.000120296 0.00091642 -0.00121433 -0.00351125 -0.00455337 0.00194464 -6.7627e-05 0.00281486 0.00250887 -0.00283338 -0.000347713 0.00283403 0.00418328 0.0059343 0.00360595 0.0021017 0.00155804 0.0198787 -0.000842504 0.00656047 -0.00862302 0.00774968 0.0013383 -0.00514105 -0.00616043 0.000448121 -0.00359065 -0.00141734 -0.00210174 -0.00243344 -0.00326197 -0.00489705 0.00210292 -0.0119969 -0.0100477 0.00435392 -0.00535358 0.00634074 -0.0020275 0.0110073 -0.00540764 -0.00111788 -0.00343074 0.000237317
internal_weight=1.1829e+07 9.05931e+06 2.94873e+06 2.7697e+06 2.33607e+06 6.11058e+06 1.84478e+06 4.26579e+06 4.1122e+06 1.64207e+06 826700 3.94909e+06 2.07621e+06 1.12764e+06 966298 948570 926060 161346 449144 121594 694000 198495 1.87288e+06 877074 763407 2.07165e+06 327550 1.41335e+06 1.26419e+06 1.23512e+06 1.06817e+06 751214 433628 338651 51201.3 431437 815373 165946 660754 153591 355349 244037 503306 197126
internal_count=37918650 26310900 9220537 11607750 10073395 17090363 5795114 11295249 10840304 5858065 2560361 10354431 5392919 2890258 2485732 2502661 2447077 404526 1190605 298422 4215330 483636 4961512 3964152 3440329 5256385 892183 4653111 4185512 4105466 3536748 2634354 1534355 2424531 129270 1142003 3297704 533313 2027048 454945 1790799 669345 1926245 710188
is_linear=0
shrinkage=0.05


Tree=123
num_leaves=45
num_cat=0
split_feature=2 2 1 0 4 3 3 4 0 4 3 3 4 0 1 2 4 1 3 0 3 4 0 1 3 0 0 0 4 0 0 4 3 1 3 0 1 3 3 4 4 3 1 0
split_gain=24689.1 8189.25 2612.83 2084.72 2640.06 1479.58 1350.86 1218.2 1166.2 1726.06 1139.84 1374.05 1130.37 1045.29 934.312 922.679 900.594 837.111 797.455 793.81 740.889 719.878 872.932 785.635 653.345 1199.28 717.446 694.509 670.82 636.68 776.514 1206.94 1183.29 1177.8 832.671 829.991 1175.63 678.423 625.397 610.161 598.495 598.013 660.791 648.724
threshold=5.5000000000000009 2.5000000000000004 -0.22264714151432796 0.48662714534649493 -2.4372526026592918 5.8128286418865907 -1.1264310787250549 10.294858253895521 -0.4298763333408428 -3.2779083020232203 7.1897771933336623 -1.5002822295041935 3.9486187187886661 0.46472317204376884 0.25145141517831299 6.5000000000000009 6.534826170917257 -0.46472317204376873 -0.98011244915086582 -0.96778869966720515 12.274346522968793 17.586657681058949 0.5633557562674042 0.14764656400248086 -6.8730875101266369 0.99087453071010911 0.65797238821565851 0.58743244627487468 2.1841901042079397 -0.99780533956200557 -0.79450537036186197 -9.8470377105010183 -2.2715344360623457 0.52542847473095 -20.187501122676377 -0.93085292505862405 -0.22264714151432796 -15.289272778559694 0.84855195466771616 -10.206039406563901 -26.603609847060739 2.6707506859047574 1.0000000180025095e-35 -0.99780533956200557
decision_type=2 2 2 2 2 2 2 2 2 2 2 2 2 2 2 2 2 2 2 2 2 2 2 2 2 2 2 2 2 2 2 2 2 2 2 2 2 2 2 2 2 2 2 2
left_child=1 8 6 4 5 29 12 -8 9 20 11 -6 -2 -12 21 -4 -11 18 -10 41 -1 22 -5 -23 25 26 -24 38 -29 -3 31 32 33 35 -32 36 -31 -35 -26 -7 -37 42 -13 -43
right_child=2 3 15 14 10 39 7 -9 17 16 13 19 -14 -15 -16 -17 -18 -19 -20 -21 -22 23 24 -25 27 -27 -28 28 -30 30 34 -33 -34 37 -36 40 -38 -39 -40 -41 -42 43 -44 -45
leaf_value=0.0035308620945556329 -0.0025066221509627909 -0.004091425827319646 -0.0037262373824036793 -0.0093952324134878723 0.00020658367767006442 -0.011077890292432491 0.00044615946392480505 -0.0032648683159643721 0.0019039920266265911 0.0085864827512500009 -0.00082053896751063454 0.009464521448684959 -0.0079062553504583282 0.014594189165844963 -0.0026958709976781844 -0.0058828554894892939 0.0013772771244436226 0.0020763373986835455 0.0055308122517061633 0.0036971120497672075 -0.010855485146208222 -0.0020144550867782045 -0.015486910913041944 -0.012192007235475387 0.001206208671681498 0.0037373511110422256 -0.003694550936632195 0.004208209012632933 -1.0152258732809287e-05 -0.0068722513657973015 -0.0086877503356713372 0.0039686867630612408 -0.0059780927700566928 0.019288512510356765 -0.0002658148566565524 -0.013225117327504345 0.0043723316009894649 0.0049654046652010779 0.011730816389050859 -0.0033633062023360827 -0.0021942860895257802 -0.0074646756066600655 0.025017642136459163 0.0081938691030282954
leaf_weight=712752.25279811025 301183.23965277523 85590.628492966294 1007662.6129071712 23089.219959378242 293823.92564308643 32588.979490593076 606770.97029291838 347957.3699343726 236795.81300847232 311172.60084876418 292533.28268122673 22362.271490380168 142916.17284671962 11427.41409650445 643007.60529499501 976651.41175061464 50326.939355306327 1456126.1565682516 421078.00875394046 844376.86966377497 9063.1584517881274 144593.99364508688 14721.794295594096 21823.41063657403 28561.65705883503 55675.218943834305 104124.4258088991 111661.80345328152 604222.72256409377 29132.729743987322 30207.451270632446 306625.79084718227 73368.816863551736 11520.735229402781 1032445.334056437 14914.5902993083 115010.55812700093 29275.816681444645 27906.315943434834 120039.93822897971 70052.183852776885 8187.5964379608631 9831.6601904630661 34427.066184967756
leaf_count=2449258 930671 253085 3276350 64316 897763 102683 1842983 1056870 793389 1253170 892183 75739 435276 40073 1986600 3272500 173614 4566100 1589761 2718090 27858 442248 39971 65402 87444 175181 311885 350797 1834129 84322 86378 974071 216518 40726 3160830 40153 363961 93436 93627 372481 208430 24262 37567 116499
internal_value=-1.19311e-05 0.001434 -0.00362104 0.000218552 0.000932464 -0.00028411 -0.00196608 -0.00090635 0.00342869 0.00476264 0.00249694 0.00318303 -0.00424428 -0.000241022 -0.00117275 -0.00478769 0.00758284 0.00274511 0.00422537 0.00413447 0.00335023 -0.000310909 0.000210357 -0.0033491 0.000444586 -0.0023184 -0.0051553 0.00106891 0.000647817 0.000117073 0.000327406 0.00168883 -0.000347611 0.00118292 -0.000505221 -0.000210837 0.00209969 0.00901018 0.00640744 -0.00501051 -0.00413058 0.00907097 0.0142143 0.00518538
internal_weight=1.18276e+07 8.44445e+06 3.38314e+06 5.24713e+06 3.46774e+06 1.95077e+06 1.39883e+06 954728 3.19731e+06 1.08331e+06 1.51697e+06 1.21301e+06 444099 303961 1.77939e+06 1.98431e+06 361500 2.114e+06 657874 919185 721815 1.13638e+06 969963 166417 946874 174521 118846 772352 715885 1.79814e+06 1.71255e+06 649901 343275 269907 1.06265e+06 229110 144143 40796.6 56468 152629 84966.8 74808.6 32193.9 42614.7
internal_count=37918650 27104000 10814650 16250850 10799250 5997074 4265800 2899853 10853150 3903900 4802176 3869920 1365947 932256 5451600 6548850 1426784 6949250 2383150 2972157 2477116 3465000 2957350 507650 2893034 527037 351856 2365997 2184926 5521910 5268825 2021617 1047546 831028 3247208 696866 448283 134162 181071 475164 248583 254067 113306 140761
is_linear=0
shrinkage=0.05


Tree=124
num_leaves=45
num_cat=0
split_feature=3 1 0 0 0 0 0 1 0 1 2 0 0 0 0 4 0 0 0 0 4 0 0 0 4 1 3 0 4 1 3 4 0 4 4 2 4 3 1 2 4 0 0 1
split_gain=6867.57 7079.22 8694.76 5828.23 9770.68 5039.88 12007.9 4893.91 3892.24 3826.96 3765.84 3569.55 10619.8 3514.94 10091.3 2963.03 2533.27 6673.76 4628.1 8961.88 3081.35 2503.48 2478.88 8147.85 2620.03 2341.62 2513.67 5221.92 3608.14 2527.71 2250.52 2230.07 2066.7 4753.4 2035.71 1940.14 1828.75 1896.41 1710.36 1933.87 1659.8 2784.61 1634.2 1630.8
threshold=-4.3819396918493245 0.23931566428755774 -0.93085292505862405 -0.2393156642875576 -0.2058881604517783 -0.86066547284873141 -0.79450537036186197 0.97148236575323155 -0.99087453071010889 -0.92508092996421654 3.5000000000000004 0.58743244627487468 0.65797238821565851 -0.32012920303568732 -0.35460488704253573 28.833030140098895 0.99087453071010911 0.93085292505862427 0.83428993469774138 0.81773537194966905 -19.483792731268409 -0.82298386589365657 0.65797238821565851 0.58743244627487468 -15.7582095395154 0.12053668025532312 4.9868964767106343 0.37886415816525426 2.5427270573146292 -0.98846972602282535 6.0023226145337825 13.066217733224246 -0.88545602565320969 -6.5579930310375252 -1.7227232922204718 6.5000000000000009 6.534826170917257 -20.187501122676377 0.75301099516636072 4.5000000000000009 -20.364660316191792 0.58743244627487468 0.58743244627487468 1.0000000180025095e-35
decision_type=2 2 2 2 2 2 2 2 2 2 2 2 2 2 2 2 2 2 2 2 2 2 2 2 2 2 2 2 2 2 2 2 2 2 2 2 2 2 2 2 2 2 2 2
left_child=3 8 -3 9 7 30 21 -5 34 -1 22 -6 38 14 -11 25 17 18 19 20 -14 -7 23 -8 -24 26 -10 28 -28 -30 -4 -18 33 -32 43 42 37 -20 -13 -40 41 -12 -29 -2
right_child=1 2 5 4 11 6 10 -9 15 13 40 12 16 -15 -16 -17 31 -19 36 -21 -22 -23 24 -25 -26 -27 27 35 29 -31 32 -33 -34 -35 -36 -37 -38 -39 39 -41 -42 -43 -44 -45
leaf_value=-0.019592277702519364 0.00035576422773942362 -0.015866108839309296 0.0080044246093358921 -0.0081878774815953379 0.00064077796279410478 -0.011108196946509469 -0.0032408687743625078 0.026680104911806553 5.8378800930667291e-05 -0.0003011784438476581 0.0043030794010828818 0.034784695976872185 0.039658627461521226 -0.010910871418880733 0.023274737300233592 -0.014200063675382872 -0.0025712600591244143 0.01022246526661344 0.017416684702396944 0.016792710120166005 -0.0015171843058219457 -0.024519371267405488 0.040572020003276817 0.038172670935610498 -0.0082208885980838108 0.0074293367439779712 -0.0060111049606576053 -0.0072520030948636021 0.0017383402053170992 0.0099716585105529051 0.052424482577915335 0.020163582874606942 -0.020495908567700241 -0.0059668301539547892 -0.011025476755274929 0.004954846671139124 0.0058291273014821673 -0.0089980317040316612 0.027953057652909199 0.0081035857261285531 -0.00072312587342028458 0.041650051391797803 -5.7498549185732308e-05 -0.0083198526786611889
leaf_weight=25533.506390020251 179684.06326011568 115142.94149499387 173672.35414176434 11934.544740021229 913663.96059769392 87568.430394329131 696695.66582829505 64184.479484528303 2922503.3532827199 1423748.9676828831 45189.25712107867 22728.898264154792 4632.6957524418831 71381.793267518282 46883.474056884646 31894.649787858129 198733.48065783083 341099.63383470476 7145.6230983287096 104778.65533584356 236169.06926216185 57743.92013207823 2774.9116600602865 12082.749832250178 322852.20484921336 141224.94643032551 52086.526057608426 91673.159841656685 125855.54824137688 359518.87864489853 4133.8230416923761 11405.391215533018 14151.885649614036 22218.584949627519 89198.607097022235 168447.43629805744 30144.205927953124 138420.0100388974 24960.64591448009 24135.992348462343 2014754.3032863066 5610.7623134553432 567827.10174884647 77544.15205681324
leaf_count=94024 634862 477305 565991 31776 2477304 372650 2937455 144055 9577869 4380790 120252 46375 9473 206357 110798 107412 534824 809880 14683 239320 603690 270173 8915 39963 1312576 491047 201086 344994 393403 1111366 14942 24469 57476 111334 412916 378348 72747 371489 55889 48106 5564679 11016 1816835 307736
internal_value=0.000127836 -0.000664292 -0.00234942 0.00192152 0.00362187 -0.00189953 -0.00238981 0.0212132 0.000588684 -0.000393416 -0.00173131 0.00297123 0.00483188 -7.55113e-05 0.000450417 0.000985145 0.0035854 0.00478492 0.00122694 0.00458629 -0.000725018 -0.0164375 -0.00419392 -0.00253488 -0.00780509 0.0010945 0.000885854 0.00265697 0.00649476 0.00783679 0.00552922 -0.00133732 -0.00508383 0.00319284 -0.00451665 0.000165672 -0.00538012 -0.00770137 0.0234448 0.018195 -0.000498065 0.00842798 -0.00105756 -0.00225959
internal_weight=1.20837e+07 8.38205e+06 3.57459e+06 3.70169e+06 2.13414e+06 3.45945e+06 3.24527e+06 76119 4.80746e+06 1.56755e+06 3.09996e+06 2.05802e+06 1.14435e+06 1.54201e+06 1.47063e+06 4.46103e+06 1.07253e+06 862390 521290 345580 240802 145312 1.03441e+06 708778 325627 4.42914e+06 4.28791e+06 1.36541e+06 537461 485374 214177 210139 40504.3 26352.4 346427 827948 175710 145566 71825.5 49096.6 2.06555e+06 50800 659500 257228
internal_count=37918650 27642601 11864727 10276049 5484080 11387422 10637679 175831 15777874 4791969 9994856 5308249 2830945 4697945 4491588 14422360 2680575 2121282 1311402 852483 613163 642823 4298909 2977418 1321491 14314948 13823901 4246032 1705855 1504769 749743 559293 183752 126276 1355514 2540177 458919 386172 150370 103995 5695947 131268 2161829 942598
is_linear=0
shrinkage=0.05


Tree=125
num_leaves=45
num_cat=0
split_feature=1 3 2 3 1 0 1 0 0 4 4 4 2 1 3 1 1 1 4 4 3 4 0 4 0 0 0 4 0 1 2 1 0 4 0 0 1 0 4 4 4 0 0 3
split_gain=15229.5 7291.87 6929.23 6129.24 4823.41 4339.31 3747.2 3960.59 3957.28 3944.42 3321.73 3252.27 3675.83 2952.67 2914.88 2923.19 10636.6 4801.43 4553.86 3381.01 4463.15 2849.73 2796.91 2601.39 3045.24 3191.64 2492.97 2441.11 2248.35 2165.27 2118.72 2042.88 2239.35 1956.27 2601.13 2021.01 1997.62 1928.98 1911.7 1891.55 1882.74 1881.69 1725.32 1692.47
threshold=-0.46472317204376873 -3.9974872748228978 2.5000000000000004 2.8157882194800341 -0.73300900260771595 -0.12053668025532321 0.23931566428755774 -0.93085292505862405 -0.88545602565320969 13.733444063069575 15.844850383144847 -2.3164270444987696 4.5000000000000009 0.82619477567192912 14.983940511818 0.57552211292281397 0.62305106867763382 0.74851074817110097 -19.483792731268409 4.0738507106311213 3.3218039775813186 26.046987670433641 -0.96778869966720515 16.846153360096448 0.96778869966720549 0.88059548392442355 0.48662714534649493 -1.134743187898742 0.67983684365189634 0.14764656400248086 4.5000000000000009 -0.80891915365350464 -0.86066547284873141 -7.5692134568637988 -0.99780533956200557 -0.93085292505862405 1.0000000180025095e-35 0.93085292505862427 1.5106481263498781 2.8874374994353933 8.951559536320163 0.99087453071010911 -0.86066547284873141 14.983940511818
decision_type=2 2 2 2 2 2 2 2 2 2 2 2 2 2 2 2 2 2 2 2 2 2 2 2 2 2 2 2 2 2 2 2 2 2 2 2 2 2 2 2 2 2 2 2
left_child=3 2 -2 10 5 39 9 -8 -9 29 11 31 -13 14 15 18 27 19 -10 28 -21 42 -4 -20 25 -25 -15 -17 -18 33 -24 -1 -33 -3 -35 -36 37 -37 -7 -5 -28 -11 -6 -39
right_child=1 6 22 4 21 38 7 8 13 41 -12 12 -14 26 -16 16 17 -19 23 20 -22 -23 30 24 -26 -27 40 -29 -30 -31 -32 32 -34 34 35 36 -38 43 -40 -41 -42 -43 -44 -45
leaf_value=0.0078922040369408478 -0.0066415599507149555 0.004569629918971611 0.0045177088453260076 -0.0031137970240679466 0.01077856031081002 0.033852061721513081 0.010416720093409819 -0.0051955139517487273 0.023971641427629475 0.0074136856500487368 0.0092503503135227313 -0.0061390114088924093 -0.0010020074864521217 0.0015283601888006718 0.011147751430576489 0.011297003041035932 -0.00085541783401350759 0.0065804257582548088 -0.00048735254629886165 0.017761872515423358 -0.0022995604264408926 0.01967164417222184 -0.0030632990461144289 0.015112819016547633 0.021039428213509185 -0.001926038973942661 -0.012375521695480453 0.024090273438582221 -0.010639802005104983 -0.0086437223592635299 0.00037979248562618228 0.009529454114029003 -0.0025605081917207725 0.0060038089438015961 -0.0049491512564297686 0.0027700412974170571 0.005429343063115411 -0.0038279423209033347 -0.0072834065856841089 -0.019465652538097369 0.022519310031226501 0.00062269364732241768 -0.0039090904452082423 0.02584373821048503
leaf_weight=107287.09129948169 491160.26906570792 153739.49162635207 286996.2399508357 20707.448950737715 21443.77361394465 2842.906894788146 157277.29241381586 167497.32601347566 21712.110129207373 222150.26558769494 66557.118672348559 609372.23447671533 812631.5182576105 1869045.2335208952 131352.84591585398 75639.580820798874 250763.39337253571 500220.05974444747 719882.75651499629 51351.286467641592 60255.688368335366 14606.347809523344 667104.07942772657 39541.664703264832 29618.01774713397 90125.507121771574 47901.928394436836 73540.080801829696 76663.350648239255 92645.869789928198 1352984.4130536169 46953.748584501445 207844.44549173117 107886.81956666708 404948.35669729114 172373.01896420866 117525.1222037971 424364.77193967253 433968.28084357828 121199.75752012432 4204.8469231575727 188608.86932078004 295791.34729454666 4860.9680777192116
leaf_count=386171 2535279 455770 763453 116336 112842 11059 466068 499169 54062 604295 227356 3171561 2563720 4964231 315704 209017 688381 1256562 1949673 120039 154053 37965 2227903 93360 68937 225642 121753 171986 210103 296133 3271549 164155 707686 351898 1547221 582601 322687 1283797 2156640 781212 9976 477219 1171047 12379
internal_value=-0.000118798 0.000872545 -0.00124907 -0.00336939 -0.00672779 -0.00948344 0.00182157 0.00262647 0.00233539 -3.89324e-05 -0.00171699 -0.00212614 -0.00320337 0.00264748 0.00393375 0.00345742 0.00520115 0.00323129 0.00135066 -0.000584595 0.00693087 -0.00192204 -0.000101045 0.000792011 0.00657404 0.00326992 0.00122762 0.0176036 -0.00314632 -0.00124325 -0.000757237 0.00210444 -0.000332592 -0.00074846 -0.00141212 -0.00212389 -0.000532945 -0.00169771 -0.00701568 -0.0170795 -0.00955962 0.00429546 -0.00291627 -0.00349191
internal_weight=1.18151e+07 9.05394e+06 2.79825e+06 2.76121e+06 910560 578718 6.2557e+06 4.36659e+06 4.20932e+06 1.8891e+06 1.85065e+06 1.78409e+06 1.422e+06 4.04182e+06 2.12067e+06 1.98931e+06 1.08843e+06 939254 900880 439034 111607 331841 2.30708e+06 879168 159285 129667 1.92115e+06 149180 327427 1.47834e+06 2.02009e+06 362085 254798 1.3857e+06 1.23196e+06 1.12407e+06 719124 601599 436811 141907 52106.8 410759 317235 429226
internal_count=37918650 26310900 8798184 11607750 4387101 3065247 17512716 11578716 11112648 5934000 7220649 6993293 5735281 10613479 5517519 5201815 2810141 2429138 2391674 1172576 274092 1321854 6262905 2337612 387939 319002 5095960 381003 898484 4852486 5499452 1258012 871841 4556353 4100583 3748685 2201464 1878777 2167699 897548 131729 1081514 1283889 1296176
is_linear=0
shrinkage=0.05


Tree=126
num_leaves=45
num_cat=0
split_feature=2 2 2 1 3 0 4 1 0 4 3 3 0 4 1 3 4 3 0 1 3 3 1 4 0 0 3 3 4 3 0 1 3 0 1 4 2 4 4 4 0 1 4 0
split_gain=22920.7 4671.29 3840.15 2250.91 1512.05 1062.63 1636.83 959.844 913.118 1307.23 1082.22 989.779 906.265 1167.3 749.491 742.368 723.578 675.394 618.308 612.872 777.413 580.966 971.155 895.232 795.999 575.814 571.826 559.498 555.551 726.98 701.775 539.906 530.248 530.087 611.72 632.538 525.562 524.643 521.483 566.645 531.085 520.622 823.158 694.446
threshold=4.5000000000000009 2.5000000000000004 6.5000000000000009 -0.80891915365350464 -2.677525275943029 -0.4298763333408428 -4.7763033860137183 -0.59907629515643335 -0.32012920303568732 -6.7006358774982635 0.58435031030321138 9.5877804135133946 -0.58743244627487456 -5.565288809378564 -0.22264714151432796 -0.48596513595315111 10.613918788794527 -0.69763357047092522 0.48662714534649493 -0.77168259479222712 1.3157216091215107 -4.783464721584493 -0.59907629515643335 2.0643835749059822 -0.2058881604517783 -0.99780533956200557 -1.1264310787250549 -15.289272778559694 7.8385641403886988 13.415603585259364 1.0000000180025095e-35 0.57552211292281397 1.8503317203798775 0.83428993469774138 -0.12053668025532321 -0.11104948705641247 5.5000000000000009 -12.552358598051049 19.938981218868943 -5.1715951788574008 0.37886415816525426 -0.88545602565320969 8.1202913516313036 -0.74317201360641438
decision_type=2 2 2 2 2 2 2 2 2 2 2 2 2 2 2 2 2 2 2 2 2 2 2 2 2 2 2 2 2 2 2 2 2 2 2 2 2 2 2 2 2 2 2 2
left_child=1 5 3 -2 18 6 15 -6 9 10 25 41 13 32 17 -1 26 -7 -4 20 -14 23 -23 24 -10 -3 31 -21 29 33 -30 -8 -5 -16 35 -35 -29 -17 39 -9 -41 42 -11 -43
right_child=2 8 4 12 7 14 16 38 21 11 -12 -13 19 -15 28 37 -18 -19 -20 27 -22 22 -24 -25 -26 -27 -28 36 30 -31 -32 -33 -34 34 -36 -37 -38 -39 -40 40 -42 43 -44 -45
leaf_value=0.0040226479682688365 0.0010697341149996545 -0.0052895765411599491 -0.0055617573757430656 -0.0019022065965126804 -0.0014111726690457392 0.0019845940054695451 0.0047447451384113317 -0.0063547266134861159 -0.0073085916116018019 0.010779652985264662 -0.0039925026384433479 -0.002989562038145167 -0.02279139624662337 0.00091499554138972585 0.0021080368867259737 -0.0044086315085321856 -0.0042015960453972859 0.0049250707026639723 -0.0092440676415675889 -0.0072625901869160792 -0.002438557648462918 0.0021841355072523909 -0.00040677261981231336 -0.0053640722619692537 0.00033825581416531436 0.0014971100708355415 0.008263604385738357 -0.0017268917650563504 0.017564108130204464 -0.0052981656049922391 -0.00018285320014599545 -0.011245740196310576 -0.0064061585691972166 -0.019890919078872193 0.0056866016818145591 0.0032478418622873956 -0.003468947610020195 0.0018223333052714873 -0.011650446409296477 -0.001365654670916854 -0.0047131699245866751 0.0044878376371991239 -0.00092495544610465092 0.00076921291005372283
leaf_weight=470941.6632707417 653705.24218761921 33310.402427941561 396527.35958707333 453775.4408082068 385460.38835039735 313260.0806273967 80733.710069000721 219386.27754157037 37406.067537739873 55828.686884820461 130719.23298270255 59422.16334028542 8695.8349627554417 448480.47562409937 718153.19867201149 45403.868863582611 14071.381763249636 518518.54133227468 159998.8120906502 66322.422917447984 10189.626041024923 551144.82777549326 1052112.1241234988 113441.12349113822 377291.25661366433 506280.98189735413 333668.57854282856 880880.72027709335 5667.8253598660231 28954.2991438061 324206.35640137643 5648.0938673764467 76341.845445439219 4836.836216673255 192332.86804831028 7585.6951411813498 851427.9655829221 131987.89525324851 24610.928487040102 205854.14393577725 279160.57219211012 371255.01544433087 20550.79477109015 189701.36958746612
leaf_count=1618475 1982750 96761 1293898 1414935 1160369 1040839 304283 733228 105990 193644 397822 182069 23543 1383949 2247559 141543 42857 1904411 529547 208849 30357 1737871 3223414 327776 1146099 1550064 1333845 2756593 19845 86466 994486 16923 242616 11980 619799 23865 2778758 445974 84304 671868 932186 1217907 62352 595981
internal_value=-6.65914e-06 0.00191942 -0.00252462 -0.00157169 -0.00449199 0.0033013 0.00457526 -0.00342914 0.000657034 0.00166566 8.93072e-05 0.00318218 -0.00218923 -0.000962474 0.00264883 0.00298425 0.00695134 0.00381764 -0.00662041 -0.00284974 -0.01181 1.0103e-05 0.000483893 -0.00142817 -0.000351497 0.00107815 0.00732495 -0.00275566 0.00189033 0.00250313 0.000122071 0.0036992 -0.00255082 0.00274788 0.00499205 -0.00576146 -0.00258311 0.000227502 -0.00449612 -0.00424616 -0.00329239 0.00375761 0.00763039 0.00323029
internal_weight=1.18153e+07 6.69443e+06 5.12082e+06 3.44982e+06 1.671e+06 3.19597e+06 1.08246e+06 1.11447e+06 3.49846e+06 1.36707e+06 670311 696758 2.79611e+06 978598 2.11352e+06 648333 434122 831779 556526 1.81752e+06 18885.5 2.1314e+06 1.60326e+06 528138 414697 539591 420050 1.79863e+06 1.28174e+06 951863 329874 86381.8 530117 922909 204755 12422.5 1.73231e+06 177392 729012 704401 485015 637336 76379.5 560956
internal_count=37918650 21690900 16227750 10822350 5405400 10853150 3903900 3581955 10837750 4296600 2044647 2251953 8839600 3041500 6949250 2205992 1697908 2945250 1823445 5798100 53900 6541150 4961285 1579865 1252089 1646825 1655051 5744200 4004000 2989669 1014331 321206 1657551 2903203 655644 35845 5535351 587517 2421586 2337282 1604054 2069884 255996 1813888
is_linear=0
shrinkage=0.05


Tree=127
num_leaves=45
num_cat=0
split_feature=3 2 1 3 0 1 1 4 0 1 4 4 0 1 0 0 3 1 1 0 1 4 3 0 4 4 0 1 1 3 4 0 3 0 4 4 1 0 4 1 0 1 1 0
split_gain=6498.66 5061.59 2833.37 3703.76 2682.81 4618.24 3731.95 2346.79 2193.83 6993.4 2976.27 2059.12 1930.4 1888.58 1839.83 2552.86 1919.68 1791.82 3256.48 5889.56 2218.4 2408 2094.64 1933.48 1886.15 1807.97 1723.09 3396.04 2426.06 2118.42 1664.17 1832.43 2086.69 1743.06 1619.8 1602.28 1580.05 2264.53 1567.96 1548.94 2334.65 1524.07 1709.74 1739.68
threshold=-15.289272778559694 3.5000000000000004 -0.73300900260771595 -2.3514819406366949 0.088756899407539988 0.99284498505578556 -0.96367140085128711 6.0297209360751234 0.35460488704253579 0.88755655832397862 -23.157600016522462 23.090718978779361 -0.93085292505862405 1.0000000180025095e-35 -0.86066547284873141 -0.79450537036186197 -24.51843460078786 0.23931566428755774 0.75301099516636072 0.58743244627487468 0.14764656400248086 22.138282614797578 11.662320167659553 -0.56335575626740397 12.025151732854502 -8.3412114006233526 0.48662714534649493 0.82619477567192912 0.36521623457838687 3.9310536533036715 8.3879359718785782 -0.2393156642875576 3.1036261744090834 -0.2058881604517783 -9.8470377105010183 6.9149937721793266 0.14764656400248086 0.93085292505862427 -19.905944047523722 0.47375768738725649 0.96778869966720549 0.74851074817110097 0.66905282987950276 0.67983684365189634
decision_type=2 2 2 2 2 2 2 2 2 2 2 2 2 2 2 2 2 2 2 2 2 2 2 2 2 2 2 2 2 2 2 2 2 2 2 2 2 2 2 2 2 2 2 2
left_child=12 2 -2 7 30 6 -6 -4 -8 10 -10 26 13 -1 38 -16 -17 20 22 23 21 -5 24 -20 41 -22 29 28 -28 -12 -3 32 -32 -33 -7 -11 -9 -38 -14 40 -26 42 -19 -44
right_child=1 4 3 17 5 34 8 36 9 35 11 -13 14 -15 15 16 -18 18 19 -21 25 -23 -24 -25 39 -27 27 -29 -30 -31 31 33 -34 -35 -36 -37 37 -39 -40 -41 -42 -43 43 -45
leaf_value=0.0088984095652634709 0.0009734126332383913 -0.00062666982932477449 -0.00084883425125706368 -0.0018212096028970887 0.0069046923827965111 0.044578486693358947 -0.0020612076241129083 0.0013786903929024945 0.027494640955189845 0.028557754554371029 -0.0045034709499435811 -0.0060382440859345753 0.022658048161932523 -0.011055224932078127 -0.008045938514972267 0.015744330880359873 0.0054614643890714297 -0.0093123348001179721 -0.013898098447694993 0.037664397564493329 0.036731712187250347 -0.015220657433559931 -0.016966844331323169 -0.0024189879578282308 0.010248441742640658 0.0054666127549852271 0.0024607306456417358 0.015608692940074257 -0.00090378218185427914 0.0041006478705783028 -0.0053391816930592577 -0.013319076023707306 0.013269159025374504 0.0025870112910798275 0.015243121425361716 -0.0076994330655261178 0.0027920014095618485 0.026266613575732584 -0.011618827664200615 -0.0087555776671454384 -0.015830370497483755 -0.020281922555472898 -0.0042321573101979874 0.019163823518284582
leaf_weight=18748.455230534077 818958.25464089215 3508409.2895533219 1125976.59902706 649828.12286516279 283224.84073606133 6825.3718463927507 520115.64194134623 47288.746157705784 10729.53913654387 28595.327220395207 244359.59001621604 97483.43344399333 26736.623978316784 32268.861048310995 31416.709416478872 51782.142837315798 367569.54625251889 248174.28202196211 39552.86848346144 8939.0888052135706 5637.2369649633765 35353.209581397474 60229.4376950562 505525.59439265728 42006.316790767014 25723.941088430583 1954978.4630171582 43580.536805123091 738075.8612742722 101151.38804207742 19111.850994132459 20555.483347311616 71157.005845412612 106261.20008693635 15151.634742751718 3410.5473878830671 20116.459280341864 20996.646401062608 3812.0447741448879 34062.456225268543 10785.459891602397 26313.634754821658 32530.356848955154 10513.568649180233
leaf_count=56107 3458871 10135280 4120117 2957161 723725 13769 1363100 145197 23102 67589 668188 286569 60270 116526 95753 113094 885674 1196687 195411 30838 22969 155649 325474 2096026 161040 127959 4726476 98858 1957754 281582 55918 63386 177377 296880 36143 9237 59268 51191 10361 143750 44968 105299 158669 39388
internal_value=0.000124486 -0.000124637 -0.00162845 -0.00235087 0.000604425 0.00149558 0.0013708 -0.000232955 0.000952 0.00143836 0.00120505 0.00111634 0.00552579 -0.00372242 0.00650605 0.0057013 0.00673121 -0.00383311 -0.0051807 -0.00259177 -0.00191738 -0.00251258 -0.00826779 -0.00325195 -0.00697215 0.0110866 0.00134263 0.00176269 0.00153863 -0.00198454 -0.000363802 0.00388451 0.00932937 8.82281e-06 0.0243538 0.0246942 0.00761152 0.0147806 0.0183808 -0.000442984 0.00492049 -0.00875807 -0.00771681 0.00148236
internal_weight=1.2074e+07 1.15417e+07 3.76851e+06 2.94955e+06 7.77318e+06 4.04768e+06 4.02571e+06 1.21438e+06 3.74248e+06 3.22236e+06 3.19036e+06 3.17963e+06 532334 51017.3 481317 450768 419352 1.73518e+06 1.01863e+06 554018 716543 685181 464616 545078 404386 31361.2 3.08215e+06 2.73663e+06 2.69305e+06 345511 3.72549e+06 217086 90268.9 126817 21977 32005.9 88401.9 41113.1 30548.7 86854.2 52791.8 317532 291218 43043.9
internal_count=37918650 36580865 15595932 12137061 20984933 10256092 10206180 4375773 9482455 8119355 8042529 8019427 1337785 172633 1165152 1094521 998768 7761288 4497550 2322275 3263738 3112810 2175275 2291437 1849801 150928 7732858 6783088 6684230 949770 10728841 593561 233295 360266 49912 76826 255656 110459 70631 349758 206008 1500043 1394744 198057
is_linear=0
shrinkage=0.05


Tree=128
num_leaves=45
num_cat=0
split_feature=1 3 3 0 2 0 0 3 2 4 0 4 0 2 3 0 4 4 4 4 1 3 4 1 1 0 4 0 0 0 0 1 0 0 4 1 4 4 1 4 0 1 2 0
split_gain=13963.3 8441.2 6174.03 7081 5994.52 4046.35 3876.05 3389.66 3302.97 3055.49 3227.83 2740.73 2594.55 2549.22 2488.08 2277.44 2267.75 2141.89 2133.3 2395.61 2196.66 1974.12 1710.43 1627.67 10008.4 2468.82 2419.91 2576.79 3669.56 2583.51 6450.72 2648.07 2440.79 2417.77 2728.93 2192 1972.74 1971.35 1916.05 1611.31 1602.08 2717.99 1516.08 1514.75
threshold=-0.2393156642875576 3.6246353151596193 2.7480174956991594 0.48662714534649493 2.5000000000000004 0.94117129826980317 0.5633557562674042 -9.3317940367424583 2.5000000000000004 -11.921314318142581 0.58743244627487468 -0.22621643553699397 0.67983684365189634 3.5000000000000004 7.8408586488272585 -0.93085292505862405 28.833030140098895 24.301560733309959 -9.1725725917366514 12.425314784930018 -0.98846972602282535 -17.129417798973215 -6.1209156803570783 0.57552211292281397 0.62305106867763382 -0.99087453071010889 3.8315857713926396 0.67983684365189634 0.65797238821565851 1.0000000180025095e-35 -0.12053668025532321 0.99284498505578556 0.088756899407539988 -0.97474915486277791 -2.5553691793463105 0.93621795190976798 -1.0215983254637206 -35.165719012718696 0.56806474673115548 -19.483792731268409 0.26568621746226689 0.66905282987950276 6.5000000000000009 -0.94117129826980295
decision_type=2 2 2 2 2 2 2 2 2 2 2 2 2 2 2 2 2 2 2 2 2 2 2 2 2 2 2 2 2 2 2 2 2 2 2 2 2 2 2 2 2 2 2 2
left_child=2 4 5 11 7 8 14 -2 22 10 -3 15 -8 -13 -5 -4 -11 -14 -10 42 -21 -6 -1 25 36 -23 27 28 29 30 37 35 -33 34 -27 -31 -25 -26 -35 -29 -28 -42 -20 -15
right_child=1 9 3 6 21 -7 12 -9 18 16 -12 13 17 43 -16 -17 -18 -19 19 20 -22 23 -24 24 26 33 40 39 -30 31 -32 32 -34 38 -36 -37 -38 -39 -40 -41 41 -43 -44 -45
leaf_value=0.002265312772806546 -0.0094524002932667925 0.012535841332128593 -0.010311014992382289 -0.0013478291856853925 -0.0046631144446717806 -0.019991062795801366 -0.0094562862979907791 -0.0021509951675783064 0.0067221614167890928 0.0027446199397833482 -0.020957321213134577 -0.015598096398081766 -0.0020555856591141283 -0.024453607487930705 0.026247020413257834 0.011098015556735718 0.014530983710359914 0.011161344072497978 -0.0019362620821600004 -0.015018993103347662 0.0076415483366912978 0.0032297655862192085 -0.0064619637266308694 0.013599050031193501 0.022504171913745159 -0.006094977740652709 0.018137587431181573 -0.038249029219263465 0.013246842737298798 -0.0031654858954725585 0.014712010187517811 -0.0046432364151536894 -0.022867214449755452 -0.00024510238287856791 -0.033878052390070683 0.0023983203085344257 0.030300288328798077 0.00093963379886789647 -0.0080879290785309012 -0.0060409396718863681 0.01438717358564991 -0.00096424206640604269 0.0015897476486915281 -0.0076163425227855604
leaf_weight=66865.783292345703 197591.34789577872 127774.29538358748 22272.416030667722 14060.287661477923 166925.25198958814 28483.062055952847 116432.97908359766 813001.22547612339 106621.36155453324 2470512.401314497 7622.6047716364264 172008.15326797962 413454.5068077594 13873.227028571069 19494.156098499894 28087.055304005742 41496.287863090634 33107.785933718085 1261249.4539877996 11672.826149210334 127608.91038059443 411805.17982269824 350063.45126093179 52807.903828941286 10693.174100413918 62194.2267357409 27746.713053748012 4062.9839755445719 60303.137846499681 358257.85714614391 94308.438859723508 73990.044375024736 24442.727743469179 1377993.1887924075 10302.431500285864 349944.08283018321 26581.215978339314 1190419.0097012445 82540.226937100291 87756.807723008096 46330.882849782705 76344.195601388812 402030.94994298369 359598.37665941566
leaf_count=327041 1139960 296709 103490 49463 518876 99060 502344 3445096 283730 6519364 21176 1352810 1409011 61733 67632 118412 97087 88036 4481841 44765 377603 1112684 2196879 139989 28900 179874 65510 9781 148298 898198 221665 197181 61090 3687432 31754 903541 56788 3030739 209360 234556 102691 172901 1134733 1688867
internal_value=-0.000120701 0.00100679 -0.00274435 -0.00567574 -9.20044e-05 -0.00125986 -0.00182495 -0.00357857 -0.0010305 0.00333368 0.0106502 -0.00953112 -0.00280888 -0.0105615 0.014684 0.00162947 0.00293932 -0.00107569 -0.000150033 -0.000556522 0.00574243 0.000674681 -0.00506231 0.000875866 0.00172402 -0.000207418 0.00114734 0.000737599 0.00108595 0.000737085 0.00212029 -0.00148428 -0.0091686 -0.00113072 -0.0100432 -0.00041624 0.019191 0.00113162 -0.00068833 -0.00746613 0.00728761 0.00483355 -0.00108399 -0.00824179
internal_weight=1.18007e+07 8.25375e+06 3.54698e+06 1.19239e+06 5.60634e+06 2.3546e+06 596550 1.01059e+06 2.32611e+06 2.64741e+06 135397 595839 562995 545480 33554.4 50359.5 2.51201e+06 446562 1.90918e+06 1.80256e+06 139282 4.59575e+06 416929 4.42882e+06 2.48399e+06 1.94484e+06 2.4046e+06 2.25418e+06 2.16236e+06 2.10206e+06 1.29542e+06 806635 98432.8 1.53303e+06 72496.7 708202 79389.1 1.20111e+06 1.46053e+06 91819.8 150422 122675 1.66328e+06 373472
internal_count=37918650 23531200 14387450 5441798 16596864 8945652 2116486 4585056 8846592 6934336 317885 3325312 1999391 3103410 117095 221902 6616451 1497047 6322672 6038942 422368 12011808 2523920 11492932 6271828 5221104 6075051 5733949 5489612 5341314 3281304 2060010 258271 4108420 211628 1801739 196777 3059639 3896792 244337 341102 275592 5616574 1750600
is_linear=0
shrinkage=0.05


Tree=129
num_leaves=45
num_cat=0
split_feature=2 2 3 4 0 0 4 4 3 3 3 0 4 1 4 3 0 4 0 0 1 3 0 0 1 0 3 0 1 4 4 3 2 1 3 0 0 4 3 1 0 1 3 0
split_gain=21213.4 6751.69 2398.1 1933.95 1856.68 1774.8 2239.56 1557.78 1339.89 1005.98 1074.83 977.987 1610.67 821.506 870.919 2299.62 1355.64 929.12 1219.57 1367.87 763.468 749.93 872.05 716.029 666.005 655.427 649.561 759.685 1173.11 695.188 633.315 1292.39 581.866 581.826 560.399 550.398 695.214 1094.06 1120.23 1078.38 772.307 1066.6 747.907 617.108
threshold=5.5000000000000009 2.5000000000000004 -2.4330347163365 -5.3041796436846189 -2.8327694488239893e-16 0.48662714534649493 -2.3164270444987696 5.7701267242643555 6.2094194758468335 13.853747309474672 -4.3819396918493245 -0.66312265824079508 -4.1486759917289886 0.66905282987950276 2.3090826435652478 -1.7302547552419723 0.67983684365189634 10.613918788794527 0.5633557562674042 0.58743244627487468 -0.86104361176735533 6.1036584017898656 -0.96778869966720515 0.46472317204376884 -0.88545602565320969 0.99437935835663549 -7.7029350097891003 0.99437935835663549 1.0000000180025095e-35 -4.5164041021446719 12.025151732854502 3.2509951980101808 6.5000000000000009 0.4647231720437684 3.1767276246678411 -0.99780533956200557 -0.79450537036186197 -9.8470377105010183 -2.2715344360623457 0.52542847473095 -0.93085292505862405 -0.22264714151432796 -20.187501122676377 -0.82298386589365657
decision_type=2 2 2 2 2 2 2 2 2 2 2 2 2 2 2 2 2 2 2 2 2 2 2 2 2 2 2 2 2 2 2 2 2 2 2 2 2 2 2 2 2 2 2 2
left_child=1 11 7 -4 24 6 8 32 35 10 -8 12 -1 14 16 25 -7 18 -17 -20 -13 22 -12 -23 -5 -16 27 -18 -29 -30 33 -32 -2 -6 -19 -3 37 38 39 40 41 -37 -38 -39
right_child=2 5 3 4 30 13 9 -9 -10 -11 21 20 -14 -15 15 17 26 34 19 -21 -22 23 -24 -25 -26 -27 -28 28 29 -31 31 -33 -34 -35 -36 36 42 43 -40 -41 -42 -43 -44 -45
leaf_value=0.0030093744847594617 -0.0034364967008977767 -0.0037590470106174246 -0.0054617586612450957 0.0027213240347119297 -0.00099972176078735766 -0.0090231135478389731 -0.0019735821693817944 -0.01068723313724008 -0.0049638347996158088 -0.0048102602499744285 0.0090446948885711601 0.0045122106888408576 0.0077661265233258704 -0.0038194476612926666 -0.0064666118903031495 -0.013285761696156421 -0.00083542897382434282 -0.0046719163549528596 0.015062595333562856 0.0015653537161616664 0.0022241741577054704 0.00049776830611421644 0.0032680051601604553 0.012334308789832627 -0.00066111421794483609 0.002637902252260493 0.0043612459435473216 0.0006766574923836666 0.066596418956331352 0.020029642060719534 -0.0098407890415908809 -0.0029818597069061884 -0.0057777949848523144 -0.004004962374432766 -0.00068038042892438946 -0.0065214261680239778 -0.0082386059865379915 0.0030672777804519697 -0.0057740765006380444 0.0086303638728823084 -0.0039677739784423583 0.004205242864569309 -0.00022942252135605291 0.011077397482604494
leaf_weight=505298.31731259823 543463.07665947825 86383.877636834979 413460.9437142387 210189.28009787202 458612.21226868033 28506.017380043864 119170.5316619873 115786.7317526415 138538.92524222285 47605.996711686254 70307.180804371834 447534.70547778904 274713.54422168434 233566.23760783672 220348.37210486829 12976.448683902621 153421.12016662955 109483.08598525822 19882.480867683887 335891.74251960218 1967182.9024285004 327706.70558636636 923167.43709308654 13295.115922406316 473095.87721882015 21715.552046149969 183472.83860883862 6290.8104208707809 1256.3462174236774 2213.6580222100019 89462.47632933408 295624.60244122148 518593.99238052219 248227.45491921902 446764.19663140178 29014.874293670058 29980.987880051136 289872.45982083678 74406.429765209556 40930.631754681468 84785.500477895141 115132.30718909204 1049305.7294417918 26219.828763008118
leaf_count=1747370 1738616 256248 1363980 640142 1445814 81252 355487 363467 433988 143104 239130 1697850 1105480 716100 643172 34551 471692 323248 68330 1042243 6302450 1009457 2959014 46072 1479130 67814 580619 19125 6062 7932 270411 957966 1710592 844532 1389460 84322 86389 914445 220463 134162 248583 363961 3215512 88913
internal_value=-5.42483e-06 0.00133362 -0.00336101 -0.00238205 -0.00166476 0.000229328 0.000887903 -0.00518013 -0.000223166 0.00234187 0.0025761 0.00314544 0.00468466 -0.00105602 -0.000637503 -0.00131117 0.00145817 -0.00017578 0.00177049 0.00231965 0.00264823 0.00298239 0.00367682 0.000959256 0.000379377 -0.00564985 0.00232006 2.50715e-05 0.0135505 0.0368896 -0.0029439 -0.00457531 -0.00457973 -0.0020551 -0.00146601 0.000136503 0.00032994 0.00160778 -0.000342321 0.00115532 -0.000181139 0.00204611 -0.000451906 0.00373172
internal_weight=1.18029e+07 8.43634e+06 3.36652e+06 2.18867e+06 1.77521e+06 5.24161e+06 3.46582e+06 1.17784e+06 1.96457e+06 1.50125e+06 1.45365e+06 3.19473e+06 780012 1.77579e+06 1.54222e+06 1.16706e+06 375161 924998 368751 355774 2.41472e+06 1.33448e+06 993475 341002 683285 242064 346655 163182 9760.81 3470 1.09193e+06 385087 1.06206e+06 706840 556247 1.82603e+06 1.73965e+06 660362 344270 269863 228933 144147 1.07929e+06 316092
internal_count=37918650 27104000 10814650 7001975 5637995 16250850 10799250 3812675 6046986 4752264 4609160 10853150 2852850 5451600 4735500 3568818 1166682 2857832 1145124 1110573 8000300 4253673 3198144 1055529 2119272 710986 1085430 504811 33119 13994 3518723 1228377 3449208 2290346 1712708 5612998 5356750 2054849 1051491 831028 696866 448283 3301901 1003358
is_linear=0
shrinkage=0.05


Tree=130
num_leaves=45
num_cat=0
split_feature=3 2 0 0 1 0 1 1 0 3 4 3 1 3 4 0 4 0 4 1 0 0 0 1 4 1 0 1 0 3 1 1 4 1 0 4 3 0 1 1 4 0 0 1
split_gain=6012.69 4789.79 3055.42 2488.96 3466.85 7414.87 5167.89 5800.42 3545.78 2374.2 2340.97 2083.79 2055.29 2182.62 2027.53 2432.62 1990.36 1895.37 3439.07 1896.98 3560.9 3514.04 4520.38 2915.32 2282.83 1881.13 1867.44 1817.61 3386.87 1740.81 2381.86 6304.4 4839.46 1697.41 3583.74 3684.16 1695.5 3116.69 1689.43 2839.65 4099.77 2803.34 2207.1 1732.48
threshold=-11.21834516884538 2.5000000000000004 0.20588816045177846 -0.4298763333408428 0.52542847473095 -0.79450537036186197 0.36521623457838687 0.30909602655580187 -0.82298386589365657 0.58435031030321138 23.090718978779361 11.391058577170126 -0.73300900260771595 4.897432038099816 -23.157600016522462 -0.88545602565320969 -20.364660316191792 0.088756899407539988 -16.049700445010753 0.93621795190976798 -0.32012920303568732 -0.2393156642875576 -0.2058881604517783 0.91233666684008119 -24.676355785345596 0.99284498505578556 -0.35460488704253573 0.85743085555170595 -0.46472317204376817 -4.783464721584493 0.91233666684008119 0.88755655832397862 -17.921515655244225 0.97148236575323155 -2.8327694488239893e-16 -7.5692134568637988 5.9072642300350475 -0.88545602565320969 0.36521623457838687 0.30909602655580187 8.5298331830513394 0.65797238821565851 0.58743244627487468 0.23931566428755774
decision_type=2 2 2 2 2 2 2 2 2 2 2 2 2 2 2 2 2 2 2 2 2 2 2 2 2 2 2 2 2 2 2 2 2 2 2 2 2 2 2 2 2 2 2 2
left_child=2 12 17 4 6 8 7 11 9 16 26 -3 -2 25 15 -8 -6 19 -19 23 -21 24 -23 -1 -22 -14 -5 -7 -29 -28 31 32 -31 -32 35 -35 37 -16 39 43 -41 42 -40 -34
right_child=1 3 -4 10 5 27 14 -9 -10 -11 -12 -13 13 -15 36 -17 -18 18 -20 20 21 22 -24 -25 -26 -27 29 28 -30 30 33 -33 38 34 -36 -37 -38 -39 41 40 -42 -43 -44 -45
leaf_value=0.0010254704178322806 0.00051450537752065727 -0.00029351434613004404 0.0063028932904917907 0.0061084182300053707 -0.019993419428068041 -0.0030598177264028552 0.019037882797858643 -0.012922339074929507 -0.023492750774005023 -0.016344826396715719 -0.0058122912293284042 0.015774187364582082 -0.0024909927720788254 -0.0061308202944060364 0.0055416178213307018 -0.019253340161726647 0.0045098004007680268 0.0063166079126727066 -0.01689017547750973 0.025280186707252919 0.0083546565178327873 0.028195988603091738 0.0021965907765103205 -0.03085906429699007 -0.02513672932622062 0.0073544783763814557 0.0026292304183875891 0.0077054656143531733 -0.0054360198493167517 0.036605674227621607 -0.0044149717248361496 0.023618789141380797 0.0012325995920524991 0.0031546896544143149 0.0035114373897945903 -0.010879535329759556 -0.0028805630703502448 0.018683843178743508 0.0015147625211505951 -0.0012309300197556735 0.019393946251959143 -0.0035524744925607976 0.018478965749013278 -0.0045230156326522214
leaf_weight=447081.32038393617 482222.71677681804 1551174.1373509914 533395.93887230754 173623.44993916899 10385.62486512959 507299.80703665316 5793.9362467601895 93204.412063740194 56933.828913912177 43167.764184966683 128868.86083046347 20444.348195172846 1160847.8373136669 458185.07925847173 144025.54202719778 14598.790567666292 41023.810308277607 28069.426581725478 37018.29589112103 22682.205292701721 7637.6086198985577 21293.953609898686 77799.898022994399 7285.9513546824455 15241.650588363409 50632.064754351974 1098236.6746600866 124183.53582833707 81013.329900279641 9402.3016334325075 385530.75814700872 30471.923526600003 2628075.8843103126 78185.068155549467 293549.54617167264 116355.90999429673 30938.443372182548 65687.154186055064 223388.20582393557 45614.18371681124 51071.503922916949 505187.30459629744 20973.396632485092 137590.2837928459
leaf_count=1318346 2250554 4959261 1268952 502888 31886 1524853 14467 321244 230067 178751 401923 55123 5100618 2277418 402372 37366 128995 73044 102793 50408 18357 46983 193552 24728 44404 197518 2663849 348616 220737 19983 1100402 76885 7242353 215942 826725 354308 118510 171906 602912 116435 125445 1520703 52890 383178
internal_value=0.000122221 -0.000248289 0.00348476 0.000273274 -0.000958167 -0.00358964 0.000222401 -0.000803219 -0.0136342 -0.00769958 0.000853007 -8.44982e-05 -0.00236083 -0.00319126 0.00676335 -0.00837412 -0.000440288 0.00122131 -0.00688213 0.0021018 0.00708853 0.0037056 0.00778352 0.00051419 -0.0139566 -0.00207952 0.00100117 -0.00145368 0.0025171 0.000843491 0.000410122 0.000971183 0.000780612 -0.00193514 2.36273e-05 -0.00523925 0.0080461 0.00965808 0.000687354 0.00124072 0.00966358 -0.00142582 0.00297079 0.000946261
internal_weight=1.20654e+07 1.08679e+07 1.19751e+06 8.716e+06 2.78987e+06 864008 1.92587e+06 1.66482e+06 151511 94577.2 5.92613e+06 1.57162e+06 2.15189e+06 1.66966e+06 261044 20392.7 51409.4 664110 65087.7 599023 144655 121973 99093.9 454367 22879.3 1.21148e+06 5.79726e+06 712497 205197 5.62363e+06 4.5254e+06 3.65177e+06 3.6213e+06 873621 488091 194541 240651 209713 3.6119e+06 2.86235e+06 96685.7 749549 244362 2.76567e+06
internal_count=37918650 34777083 3141567 24950975 8744154 2663905 6080249 5335628 569699 339632 16206821 5014384 9826108 7575554 744621 51833 160881 1872615 175837 1696778 353704 303296 240535 1343074 62761 5298136 15804898 2094206 569353 15302010 12638161 10140784 10063899 2497377 1396975 570250 692788 574278 10043916 7867411 241880 2176505 655802 7625531
is_linear=0
shrinkage=0.05


Tree=131
num_leaves=45
num_cat=0
split_feature=1 3 4 0 2 2 3 2 0 4 0 2 0 1 3 1 0 3 4 0 0 1 1 4 0 3 4 0 1 0 4 4 0 0 0 3 4 0 0 0 4 1 1 0
split_gain=12822.9 6294.41 5567.36 5973.6 4587.24 4080.03 3393.9 2886.29 2735.94 2618.71 3508.88 2317.44 2865.03 2263.94 2226.32 2027.69 3325.66 2020.67 1971.6 1955.14 1790.76 1777.85 2592.77 2589.53 2034.5 1722.99 1750.85 1739.96 1704.39 2772.98 2591.08 2156.18 1647.74 1660.47 1881.79 1612.93 1596.28 1551.48 2289.9 1522.64 2373.87 2213.45 2005.42 1493.7
threshold=-0.46472317204376873 -7.4153213027022415 -1.0215983254637206 0.26568621746226689 2.5000000000000004 5.5000000000000009 7.1897771933336623 3.5000000000000004 0.83428993469774138 -9.1725725917366514 -0.32012920303568732 3.5000000000000004 0.46472317204376884 -0.92508092996421654 3.2509951980101808 0.47375768738725649 0.83428993469774138 21.648738632197027 3.8315857713926396 -0.4298763333408428 -0.94117129826980295 -0.4300652022765204 -0.2393156642875576 -10.929287396660539 0.89412692780947678 -4.1883309324519908 18.426290891346699 0.65797238821565851 0.99284498505578556 1.0000000180025095e-35 3.4731580807727558 2.0643835749059822 0.088756899407539988 -0.2393156642875576 -0.2058881604517783 5.9072642300350475 19.938981218868943 0.37886415816525426 0.26568621746226689 0.93085292505862427 -4.2687999025978298 0.97148236575323155 0.12053668025532312 0.58743244627487468
decision_type=2 2 2 2 2 2 2 2 2 2 2 2 2 2 2 2 2 2 2 2 2 2 2 2 2 2 2 2 2 2 2 2 2 2 2 2 2 2 2 2 2 2 2 2
left_child=2 4 13 5 20 14 7 15 11 10 -8 36 35 -1 32 -3 28 -11 -16 -15 -2 24 23 -23 -9 43 27 -27 31 30 -30 37 33 -4 -35 -13 -5 38 -17 40 42 -42 -6 -14
right_child=1 6 3 8 39 -7 9 21 -10 17 -12 12 25 19 18 16 -18 -19 -20 -21 -22 22 -24 -25 -26 26 -28 -29 29 -31 -32 -33 -34 34 -36 -37 -38 -39 -40 -41 41 -43 -44 -45
leaf_value=0.0094840775173367746 0.003109507564825783 -0.0027735775245886405 -0.0086956958452346408 -0.0058673718217284627 0.0052220699838477066 -0.0031656100588336161 0.017252397121917638 0.0042980302024380693 -0.013498851323045666 0.002569301659707032 -0.0043122554218167006 0.0080380546471818404 0.013510762097328467 0.0018538865736062269 -0.0019851491685292928 -9.6428682115217099e-05 0.022655146517467022 0.012103180330328707 -0.015487864339837051 -0.0071510082785178107 -0.0090843213695850755 0.016983946201528658 0.0017447227219763617 -0.0048314504370465024 0.020025966347972879 -0.0074288274527936158 0.0043615994328472267 -0.001045495353404748 0.010175022670964699 -0.01394360079113565 -0.028750507183285198 0.0055997726061891764 -0.013261967914355789 0.010119629793121403 -0.0044004442675976193 -0.0067919740470028791 0.0046802084560801024 -0.0052344372812200904 0.012043917655523064 -0.0048770108641871882 0.0045598183519420157 0.028650526222222979 -0.0016217693076259509 0.00033303546722500562
leaf_weight=78938.3870376423 34059.177193440497 760411.10944321752 189288.17874668539 303535.63777563721 121007.7248776257 444652.78852126747 70102.939679741859 110423.81550771743 47107.151008695364 1463517.0344405025 25808.04501862824 144141.3582771197 33142.96089823544 335294.85496861488 31649.967451326549 588460.49786124378 16838.454479679465 57771.123937427998 185379.29683104903 73489.818822145462 259604.55355028808 14448.973801314831 3576802.13000945 232331.32591954619 25266.155729725957 178584.74540445209 81455.982913263142 265410.06247355044 29192.99643830955 50773.621759787202 5008.6450796574354 191701.87827169895 90383.96244097501 27844.470019601285 112341.53417123854 21006.649278238416 40678.216229125857 133199.30646151304 41586.210437223315 194001.9649355188 101849.0030766502 10519.606269598007 927341.05009740591 61236.343345433474
leaf_count=293945 191472 3228820 1088872 1602309 318210 1630725 159396 314957 167494 3891548 63781 449306 88565 1197473 209331 2104826 49219 136908 1290487 259619 1450620 34499 8635942 721408 60259 606562 239499 826179 94556 183200 15697 559678 478931 154017 610212 82028 181345 459433 142067 599174 261395 24635 2609200 150851
internal_value=-0.00011967 0.000789057 -0.0031124 -0.00415885 -0.00200487 -0.00684098 0.00141195 0.000845137 -0.00169279 0.00343655 0.0114497 -0.00120027 0.000299675 0.00173199 -0.009407 -0.000804618 0.00061218 0.00293135 -0.0135187 0.000235019 -0.00767008 0.00160232 0.00140272 -0.00355416 0.00722665 -0.00125954 -0.00237678 -0.00361302 0.00025526 -0.00653047 0.00447459 0.000859083 -0.0072816 -0.00564102 -0.00151639 0.00615169 -0.00462089 -0.000331619 0.000704894 -0.000776815 -9.151e-05 0.00681512 -0.000831806 0.00496063
internal_weight=1.17876e+07 9.04203e+06 2.74556e+06 2.25784e+06 1.64838e+06 1.08154e+06 7.39364e+06 5.77645e+06 1.1763e+06 1.6172e+06 95911 1.12919e+06 784978 487723 636887 1.81717e+06 1.05676e+06 1.52129e+06 217029 408785 293664 3.95927e+06 3.82358e+06 246780 135690 619830 525451 443995 1.03992e+06 84975.3 34201.6 954948 419858 329474 140186 165148 344214 763246 630047 1.35472e+06 1.16072e+06 112369 1.04835e+06 94379.3
internal_count=37918650 26310900 11607750 9856713 5454706 5462575 20856194 16604561 4394138 4251633 223177 4226644 2442990 1751037 3831850 6837496 3608676 4028456 1499818 1457092 1642092 9767065 9391849 755907 375216 1911656 1672240 1432741 3559457 293453 110253 3266004 2332032 1853101 764229 531334 1783654 2706326 2246893 3812614 3213440 286030 2927410 239416
is_linear=0
shrinkage=0.05


Tree=132
num_leaves=45
num_cat=0
split_feature=2 2 3 4 0 0 4 4 3 3 3 0 4 4 1 3 0 0 3 4 0 1 1 4 0 0 0 3 0 4 0 0 3 1 0 4 3 0 1 4 0 0 1 3
split_gain=19556.1 6047.7 2232.91 1696.16 1745.85 1606.28 2015.08 1283.89 1223.96 926.724 969.13 907.696 1425.31 822.666 757.261 702.635 845.345 669.525 652.227 631.583 812.087 721 628.868 746.601 926.8 554.999 542.55 848.896 1299.85 897.64 819.566 633.338 597.79 824.225 542.477 870.444 780.272 532.532 646.806 912.013 648.741 917.621 531.47 527.381
threshold=5.5000000000000009 2.5000000000000004 -3.0130825307625559 -5.7021707869585816 0.12053668025532308 0.48662714534649493 -2.4372526026592918 3.9486187187886661 8.5531780951887715 13.853747309474672 -4.3819396918493245 -0.4298763333408428 -3.1563950465022788 6.534826170917257 0.25145141517831299 6.1036584017898656 -0.96778869966720515 0.46472317204376884 13.004643051379945 17.206697600294646 0.5633557562674042 0.14764656400248086 -0.73300900260771595 3.0049550736313724 -0.2393156642875576 0.94117129826980317 0.99437935835663549 -2.8467498768627091 0.97474915486277813 5.4126258953436244 0.65797238821565851 0.58743244627487468 -18.943206484268512 1.0000000180025095e-35 -0.2393156642875576 8.951559536320163 4.5576692807499564 -0.99780533956200557 0.93621795190976798 -25.59589182109082 1.0000000180025095e-35 -2.8327694488239893e-16 0.88755655832397862 0.45438871291750443
decision_type=2 2 2 2 2 2 2 2 2 2 2 2 2 2 2 2 2 2 2 2 2 2 2 2 2 2 2 2 2 2 2 2 2 2 2 2 2 2 2 2 2 2 2 2
left_child=1 11 7 -4 -5 6 8 -2 37 10 -8 12 18 -14 19 16 -12 -17 -1 20 -7 -21 23 24 -13 -16 27 29 31 30 -22 -29 33 -28 35 -25 -37 -3 -39 -40 41 -41 -15 -42
right_child=2 5 3 4 -6 14 9 -9 -10 -11 15 22 13 42 25 17 -18 -19 -20 21 26 -23 -24 34 -26 -27 32 28 -30 -31 -32 -33 -34 -35 -36 36 -38 38 39 40 43 -43 -44 -45
leaf_value=0.0030556051661991563 -0.0044545360653550333 -0.0037783388533051731 -0.0051957196795255301 9.2471459848149836e-06 -0.0030708754578523231 -0.0090397627175964734 -0.0018267057408781181 -0.0096438551794836846 -0.0068297916242833299 -0.004632146125637439 0.0086887700094566405 0.0095702158004519269 0.0077572338912140137 0.00018176127859107817 -0.002050224203813122 0.00043940342014580985 0.0030967385865776887 0.011879087989544256 -0.012170955467177214 -0.0017321686956510878 -0.010038736687188826 -0.011273455574093896 0.0019061644505674595 0.0053384243905159317 -0.0014376039232360932 -0.0092620127584323031 -0.013307926531003954 0.0081125069208874186 -0.0037023108613240979 -0.007270398765937932 0.00042089539184793644 0.0018080966873864448 0.0035590148743139048 0.063532920778382046 0.0056014570425066499 0.0038593577926118875 -0.021517681953720762 0.00077718044792905369 -0.010114099337420914 -0.0017046348575022565 0.0026079508455134851 -0.013203526490297688 0.040483479122737483 -0.0034726324719815287
leaf_weight=719732.00398179144 933115.1093216911 87358.31802855432 426179.91124019772 829487.63512587547 1032964.7697933316 22745.968242645264 121541.88515128195 136646.77839886397 67279.609924979508 47697.26260176301 72866.242347359657 23461.408488199115 303559.51172885299 49396.774238854647 611754.58255472779 330148.5703618601 932018.43883131444 13305.717102378607 7102.3129080981016 154733.66819667816 20703.730346985161 22705.194057226181 1603899.5612018853 20083.945868268609 103372.06464192271 27893.995421014726 551.19125181436539 44206.54696059227 107055.46662692726 65132.328606575727 196250.45639285445 403030.38584867865 96202.784930944443 951.26292717456818 349714.24720621109 5034.0007614195347 7605.1806122511625 1333116.6032400355 28171.177385307848 209521.05690099299 157007.0102879405 18916.053978741169 831.80983306467533 46138.350615680218
leaf_count=2477462 3045686 259141 1412743 2580960 3340895 63542 363098 434366 214281 143776 247499 89758 1231039 170236 1905750 1016768 2984963 46072 21785 474300 58871 68996 5051200 79881 348245 80850 1477 143916 317885 188677 603877 1236681 302273 4505 1341905 18309 19952 4122636 80383 637737 491110 52585 3378 139201
internal_value=-4.99514e-06 0.00128003 -0.00323165 -0.0023502 -0.00169907 0.000234569 0.000860989 -0.0051174 -0.000203388 0.0022269 0.00244948 0.00299498 0.00417372 0.00677647 -0.000989051 0.00283494 0.00350223 0.000882587 0.00290682 -0.00021327 0.000294812 -0.00295308 0.0023922 0.00392292 0.000598601 -0.00236472 0.000522119 0.000110255 0.00124662 -0.00212267 -0.000577257 0.00243125 0.00404777 0.035343 0.00502542 -0.00113074 -0.0114104 3.37226e-05 0.000219467 -0.0013977 -0.000828742 -0.00265682 0.000849177 0.00122693
internal_weight=1.17912e+07 8.4328e+06 3.35839e+06 2.28863e+06 1.86245e+06 5.239e+06 3.46509e+06 1.06976e+06 1.94751e+06 1.51758e+06 1.46988e+06 3.19379e+06 1.08062e+06 353788 1.77392e+06 1.34834e+06 1.00488e+06 343454 726834 1.13427e+06 956830 177439 2.11317e+06 509271 126833 639649 934084 836379 554292 282087 216954 447237 97705.2 1502.45 382437 32723.1 12639.2 1.88023e+06 1.79287e+06 459754 431582 228437 50228.6 203145
internal_count=37918650 27104000 10814650 7334598 5921855 16250850 10799250 3480052 5997074 4802176 4658400 10853150 3903900 1404653 5451600 4295302 3232462 1062840 2499247 3465000 2921704 543296 6949250 1898050 438003 1986600 2858162 2549907 1698482 851425 662748 1380597 308255 5982 1460047 118142 38261 5782793 5523652 1401016 1320633 690322 173614 630311
is_linear=0
shrinkage=0.05


Tree=133
num_leaves=45
num_cat=0
split_feature=3 2 1 3 4 0 3 1 1 3 3 0 4 0 0 0 4 1 1 4 0 3 0 0 4 0 0 1 3 0 0 4 0 1 0 1 1 0 4 3 3 1 0 1
split_gain=5596.22 4313.29 3705.15 4772.89 3296.14 2488.19 2402.39 2205.29 3972.06 2190.54 2102.97 1820.49 1804 1605.71 3188.49 1975.39 2879.57 2236.68 1852.52 1562.57 1644.33 1496.64 2699.72 2045.34 2006.67 2345.23 1620.83 1491.81 1833.89 1740.46 1464.72 1676.55 1708.88 1473.71 1462.69 1458.21 2694.46 1534.39 1440.25 1919.31 1413.2 1389.24 1382.03 2023.54
threshold=-16.447419376070052 5.5000000000000009 -0.55094406234797322 2.1877728785448629 10.451521914453734 -0.32012920303568732 10.620897559109869 -0.59907629515643335 -0.66312265824079497 -5.2242228261087069 -3.0130825307625559 -0.99087453071010889 24.301560733309959 -0.88545602565320969 -0.79450537036186197 -0.35460488704253573 4.5622105074387642 0.85743085555170595 -0.22264714151432796 1.1634711335831762 -0.93085292505862405 3.8540119167625204 0.37886415816525426 0.58743244627487468 7.0442677460641265 -0.2393156642875576 -0.58743244627487456 0.99649054800675863 19.255578152819776 1.0000000180025095e-35 0.088756899407539988 -8.6623966678336028 0.67983684365189634 0.99284498505578556 -0.2393156642875576 -0.86104361176735533 -0.73300900260771595 -0.088756899407539683 -0.45260319576361135 -3.7190583759849321 -24.51843460078786 0.99284498505578556 -0.93085292505862405 0.30909602655580187
decision_type=2 2 2 2 2 2 2 2 2 2 2 2 2 2 2 2 2 2 2 2 2 2 2 2 2 2 2 2 2 2 2 2 2 2 2 2 2 2 2 2 2 2 2 2
left_child=11 2 7 4 42 6 13 8 21 -10 -6 -1 27 18 -15 17 -17 -16 19 -5 -21 35 24 -24 -23 26 -26 34 -29 -30 33 32 41 -3 -7 37 -37 -2 -9 -40 -13 -32 43 -4
right_child=1 30 3 5 10 12 -8 38 9 -11 -12 40 -14 14 15 16 -18 -19 -20 20 -22 22 23 -25 25 -27 -28 28 29 -31 31 -33 -34 -35 -36 36 -38 -39 39 -41 -42 -43 -44 -45
leaf_value=-0.0099625342191416322 -0.004360993377626618 0.00053921662738576034 -0.0020948480719094921 -0.0020798414164137388 0.014986334380709843 0.0095198128080266949 -0.014811702903669958 -0.0021753065688911491 0.0093609496916548934 -0.015284982650294005 0.0026275673301400203 0.013280614167141526 -0.011246122479078753 -0.016407286556284741 -0.0071127500251749257 -0.024313343622353309 0.019205494793642214 0.0044676904199436171 -0.004763200319835648 0.0074781464562260818 0.035967016534375625 -0.001444859479545417 -0.0072687899177476117 0.0025522467660653216 0.0012230159747891366 0.0047080001036554891 0.018576208400434037 0.0073433335558402077 0.089001683037942134 -0.028202312730957732 0.004092229956648024 0.0016439350161633012 0.018989940017871503 -0.0052841303315963178 -0.0026888248307016332 0.0046302552612383771 -0.0032277319855447901 0.00022874058905294722 0.023231849782035043 0.0060814518894331251 0.0051967983210340039 0.036682033909765037 -0.00031970292976789613 -0.012503629677999348
leaf_weight=17529.778233408928 288755.08369085193 1949506.0443998948 490384.3632120043 31534.619880758226 50930.462760880589 25101.276601105928 73421.885252214968 43939.405791193247 10686.784421697259 57658.305314227939 106185.35160398483 64454.092010945082 54691.037908814847 75361.587097764015 101719.2778102681 22377.227553337812 4578.9336617812514 70660.380982935429 155101.46048054099 21848.107246331871 6593.5781373083591 81497.982687547803 90202.207040905952 128588.84898532927 17208.207385763526 213931.7535970062 61712.934938549995 66869.239409632981 335.65571101754904 5624.3499868735671 162981.64561198652 2040540.9637416229 24109.467239484191 115056.6082329005 1084328.9477774799 327218.02384801209 163649.92030651867 492988.31515608728 18406.95212264359 143408.43134899437 335396.39612993598 3337.0050513595343 2704971.2690277845 51606.926473386586
leaf_count=57939 1162205 5132185 2012294 154252 121678 98802 370216 166044 27276 240811 310846 145524 233337 381105 442840 84494 18522 273705 787192 98118 23474 331469 367186 424535 52868 743262 171705 224983 623 21497 358484 4781911 47437 285167 3962102 1113063 589183 1789647 44436 455328 836288 6204 8746705 221708
internal_value=0.000119913 -8.40699e-05 -0.000820184 -0.00154033 -0.0004392 -0.00362255 -0.00637744 0.000931236 0.000407699 -0.0114312 0.00663377 0.00580846 -0.00236822 -0.00511306 -0.0076463 -0.00433409 -0.016921 -0.0023658 -0.00187761 0.00558467 0.0140827 0.000841375 0.00291567 -0.00149673 0.00549451 0.00742567 0.0147925 -0.00195753 0.00497461 -0.0216016 0.00117447 0.00206266 0.00654947 0.000214686 -0.0024126 -0.000125417 0.00201049 -0.00146658 0.00585249 0.00803236 0.00649987 0.00474611 -0.000781451 -0.00308594
internal_weight=1.2057e+07 1.16396e+07 7.34408e+06 5.20423e+06 3.40408e+06 1.80015e+06 563197 2.13985e+06 1.9341e+06 68345.1 157116 417380 1.23695e+06 489775 274697 199336 26956.2 172380 215078 59976.3 28441.7 1.86575e+06 593142 218791 374351 292853 78921.1 1.18226e+06 72829.2 5960.01 4.29553e+06 2.23097e+06 190428 2.06456e+06 1.10943e+06 1.27261e+06 490868 781743 205755 161815 399850 166319 3.24696e+06 541991
internal_count=37918650 36878899 26267511 18588493 11413231 7175262 2633918 7679018 7013210 268087 432524 1039751 4541344 2263702 1200666 819561 103016 716545 1063036 275844 121592 6745123 2091025 791721 1299304 967835 224573 4308007 247103 22120 10611388 5194036 412125 5417352 4060904 4654098 1702246 2951852 665808 499764 981812 364688 10980707 2234002
is_linear=0
shrinkage=0.05


Tree=134
num_leaves=45
num_cat=0
split_feature=1 3 4 2 3 1 0 4 0 0 0 0 0 4 1 1 4 0 3 3 0 1 0 0 3 4 0 1 0 4 3 4 3 4 4 0 3 4 1 2 3 0 0 0
split_gain=11874.9 7816.79 5344.22 5014.84 5089.29 5013.89 4020.39 3260.8 3158.53 3049.26 3775.35 2851.27 3603.95 2906.09 2132.16 16361.5 3435.11 2409.51 2538.76 2104.76 1963.83 1957.33 1937.65 1892.53 2190.7 1796.56 1790.71 3192.23 2827.49 4016.2 3630.43 2031.36 2127.65 1734.11 1707.6 1663 1992.44 2557.1 1635.47 1630.34 2003.35 1474.5 2363.49 1667.74
threshold=-0.73300900260771595 2.8906104447304846 23.090718978779361 3.5000000000000004 -2.8467498768627091 0.47375768738725649 -0.12053668025532321 -1.6010117619410733 0.83428993469774138 -0.32012920303568732 -0.2058881604517783 0.26568621746226689 0.48662714534649493 11.119822744278741 0.57552211292281397 0.62305106867763382 -1.9649533070803604 -0.99087453071010889 -20.187501122676377 -9.5232133104396386 0.58743244627487468 0.97148236575323155 -0.2393156642875576 -0.94117129826980295 -17.129417798973215 3.1197391685492737 0.67983684365189634 0.66905282987950276 0.65797238821565851 4.804289402312123 1.7845166241521719 4.0738507106311213 2.3984898063610278 3.1197391685492737 1.1634711335831762 -0.97474915486277791 5.4329906566908273 -2.4372526026592918 0.56806474673115548 5.5000000000000009 -2.3514819406366949 0.088756899407539988 0.12053668025532308 -0.12053668025532321
decision_type=2 2 2 2 2 2 2 2 2 2 2 2 2 2 2 2 2 2 2 2 2 2 2 2 2 2 2 2 2 2 2 2 2 2 2 2 2 2 2 2 2 2 2 2
left_child=1 7 3 4 23 -6 33 20 21 -9 22 34 -13 -14 17 16 -16 -5 -19 -15 -1 -7 -11 -2 -25 -8 28 31 -17 30 -30 -28 -33 -3 -12 36 37 -20 -37 -29 -41 43 -43 -36
right_child=2 6 -4 14 5 8 25 9 -10 10 11 12 13 19 15 26 -18 18 35 -21 -22 -23 -24 24 -26 -27 27 39 29 -31 -32 32 -34 -35 41 38 -38 -39 -40 40 -42 42 -44 -45
leaf_value=0.0054129474652170441 0.0016343764246854698 -0.0032298991282025073 0.0088751874939927995 0.0038446486757785763 -0.0024823433536493343 0.0031046727039135487 0.019398830409789791 -0.0081114499414088725 0.025802448682685095 -0.0031291617094352793 0.0024122777885132291 0.0045407145117181292 -0.0074596656551016759 0.048561604396089475 0.012541932470393966 0.0013380172499309882 0.029018053302010568 -0.016120910727070125 -0.0055994842036838849 0.0033570023901228819 -0.018270135776577611 -0.002001762200343721 0.015827031515631845 -0.013052156877188376 -0.0041414191664031381 -0.0067629468762269848 -0.0058010120776606916 -0.0048374575624678378 0.009945820503620308 0.00016107157359801741 0.035206850724051192 0.016143846561820909 -0.0016131359426048656 -0.018739787364634105 -0.01882177868072249 0.0004280586721841389 0.019959672388773098 -0.031942920934685447 -0.0054152560281513504 0.0066400234279263247 -0.030509897354252219 -0.01931198124919567 -0.0057429037968596735 -0.0022624915198541031
leaf_weight=185817.42300346494 127334.5433049053 21434.532503120601 189835.8366586417 435438.6905759275 974881.75183450431 932306.29173886776 6667.1172744780779 211585.06927997619 14198.432981163263 19162.513939395547 53668.658902831376 236382.11349161714 174112.56120740622 2700.7124223038554 74120.797899708152 2567884.355459474 55191.229664251208 24618.13773227483 56953.150781437755 55317.782992236316 9185.9175651818514 234950.44285236299 45464.91129283607 75117.180505700409 843636.53359556198 416801.6041239053 65710.706689953804 21645.700637035072 50304.204144582152 70033.841501653194 19829.940845832229 31154.718546107411 36790.546893030405 113191.89570959657 17027.800686046481 2862267.4242374003 6104.8776272684336 10989.171568661928 124975.54490339756 4441.8136151283979 19829.922855176032 53396.76585816592 80431.751195929945 142037.22544086725
leaf_count=662529 589172 124557 470616 1116500 4153710 2869258 29967 1004607 36271 89903 219855 878277 609041 7094 188009 6148430 119652 75779 153408 181698 29835 747508 207108 403800 3741310 2106989 169546 53900 120006 158475 40118 66018 86986 755303 87920 7783023 14540 31142 307823 9451 44449 249415 339644 636008
internal_value=-0.000117784 -0.00380217 0.000566513 0.000404586 -0.00121646 0.000171844 -0.00874384 -0.00165808 0.00236196 -0.00272226 -0.00142606 -0.0023484 0.000195032 -0.00423023 0.00119857 0.00217405 0.019574 0.000362816 -0.000128489 0.00546124 0.00429732 0.00207683 0.0102064 -0.00407822 -0.00486996 -0.00635105 0.00139485 -0.0034404 0.00171548 0.00863069 0.0170882 0.000467022 0.00652891 -0.0162704 -0.00578683 1.17817e-07 -0.00740181 -0.00986034 0.000183595 -0.0148141 -0.0237113 -0.0072892 -0.0111569 -0.00403515
internal_weight=1.17749e+07 1.84439e+06 9.93055e+06 9.74071e+06 3.20243e+06 2.15634e+06 558095 1.28629e+06 1.18146e+06 1.09129e+06 879703 815075 468513 232131 6.53828e+06 3.01694e+06 129312 3.52135e+06 3.08591e+06 58018.5 195003 1.16726e+06 64627.4 1.04609e+06 918754 423469 2.88763e+06 179573 2.70805e+06 140168 70134.1 133656 67945.3 134626 346562 3.06129e+06 74047.2 67942.3 2.98724e+06 45917.4 24271.7 292894 133829 159065
internal_count=37918650 8219750 29698900 29228284 12541029 7806747 3016816 5202934 3653037 4510570 3505963 3208952 1676110 797833 16687255 7205040 307661 9482215 8365715 188792 692364 3616766 297011 4734282 4145110 2136956 6897379 430350 6467029 318599 160124 322550 153004 879860 1532842 8289936 199090 184550 8090846 107800 53900 1312987 589059 723928
is_linear=0
shrinkage=0.05


Tree=135
num_leaves=45
num_cat=0
split_feature=2 2 2 1 3 3 0 4 1 0 4 0 4 3 4 4 4 3 0 0 4 3 3 3 1 3 3 0 0 0 4 0 4 0 0 1 4 4 0 3 3 0 1 4
split_gain=18013.6 3356.63 3245.9 1808.79 1253.13 1212.21 827.444 1132.41 822.063 817.173 1083.09 873.327 815.141 784.454 910.84 769.531 759.187 745.716 729.673 720.91 1053.55 949.267 809.296 707.134 683.379 985.795 673.953 839.571 626.782 983.271 658.646 636.136 620.428 616.27 544.806 524.516 513.592 507.714 570.471 504.643 500.178 482.886 477.283 740.044
threshold=4.5000000000000009 2.5000000000000004 6.5000000000000009 -0.33743737045268668 -3.81294381829106 -0.98011244915086582 -0.79450537036186197 -7.4232901021776732 -0.80891915365350464 0.48662714534649493 -4.1486759917289886 0.96778869966720549 15.279807031454601 0.58435031030321138 6.6670945776380934 9.9729883624521403 2.7730993688227916 1.8503317203798775 0.26568621746226689 -0.32012920303568732 -6.7006358774982635 0.39436251380437432 9.7717786928039008 0.97915403661263778 -0.59907629515643335 -5.8910964392918279 13.415603585259364 -0.82298386589365657 -0.82298386589365657 -0.79450537036186197 -1.4861760645474715 -0.99780533956200557 -19.483792731268409 -0.99780533956200557 -0.2393156642875576 0.52542847473095 -0.45260319576361135 3.4731580807727558 -0.46472317204376817 -8.4664736771347453 1.9150080877777429 -0.99780533956200557 -0.88545602565320969 8.1202913516313036
decision_type=2 2 2 2 2 2 2 2 2 2 2 2 2 2 2 2 2 2 2 2 2 2 2 2 2 2 2 2 2 2 2 2 2 2 2 2 2 2 2 2 2 2 2 2
left_child=1 6 3 5 -4 16 7 23 37 10 17 13 -13 14 -11 -7 39 18 -5 20 21 41 42 33 25 -8 -9 35 31 30 -30 40 -20 -1 -17 36 -28 -6 -39 -2 -12 -3 43 -22
right_child=2 19 4 9 8 15 24 26 -10 11 28 12 -14 -15 -16 34 -18 -19 32 -21 22 -23 -24 -25 -26 -27 27 -29 29 -31 -32 -33 -34 -35 -36 -37 -38 38 -40 -41 -42 -43 -44 -45
leaf_value=-0.0044236471188708491 -0.0045959940477492819 -0.0048087251297156252 -0.006301851212601981 -0.0021043373593960849 0.003365736903671309 0.0025041344912514868 -0.000625824137431606 0.007059458264757866 -0.0039533934253885008 -0.0055448444935212631 0.0026654466686643445 -0.00021905603885209539 -0.0064580203794756116 -0.0028199797403167127 -0.013634688010859037 -0.0080171644552080208 -0.0046514726221556623 -0.0051462210979494353 0.016794276435422313 5.6590415937516097e-05 0.010089940972206737 -0.0036267315221084049 -0.0028818059661864723 -0.0034641483930824509 0.0019564633555571886 0.0044919620398118565 -0.020360430394582574 -0.025201498967328102 -0.00042661307143851711 -0.00026190908079556962 -0.029010251567451264 0.0045034863518225079 0.0016712516780032938 0.0041172609625086502 -4.5861550627510899e-05 0.036965660606894706 0.0075975533861894293 -0.012420220752084961 -0.0013426068046204732 0.00080981576982918019 -0.013806974877372927 0.0014449848329272845 0.0028900855426610651 -0.00097569977752359955
leaf_weight=23251.629788354039 54745.716274179518 32893.043814226985 453397.46727470309 797915.82437357306 56284.338101550937 494988.46567825973 110163.3150267154 305613.67542101443 913871.6545457691 180315.25116036087 9384.4693145900965 241980.78673445433 66808.000360332429 204468.90260921419 43112.897136978805 22986.728412464261 167668.10196721554 198531.73029438406 8141.1392375528812 2127992.4433326125 55861.389509558678 135427.09228311479 55870.337190121412 45038.471020057797 1820784.8783157468 645067.54161755741 2369.21012622118 3594.2392344027758 3343.9607006683946 236085.47336854786 5072.6013295650482 129291.05372082442 40621.431352362037 230425.80105762184 317524.39739434421 1032.6304131746292 5356.5199387669563 12266.50645467639 221199.27976976335 204211.72360295057 9054.9892093092203 501398.88067305088 564221.16626103967 20711.267299190164
leaf_count=77173 169443 95912 1507880 2523731 174850 1519310 349655 1215903 3025147 574449 29495 780095 217055 677379 130322 63325 506572 638370 30819 6541150 193684 413661 171733 145570 5759600 2464695 6300 9799 11918 772083 15155 411589 135285 802022 962295 4216 18217 32108 665415 629055 24605 1535074 1823671 62865
internal_value=-3.5247e-06 0.00170284 -0.00224385 -0.00136733 -0.00406153 0.00013828 0.00287479 0.00451993 -0.00321762 -0.00224137 -0.00154742 -0.00359543 -0.00156889 -0.00505787 -0.00710587 0.00124556 -0.00203021 -0.00238819 -0.00174148 0.000632066 0.00152831 0.00011226 0.00288958 0.00230937 0.00248095 0.00374545 0.00659666 -0.00485323 0.000693046 -0.000860594 -0.0176538 0.00326441 0.00419611 0.00333442 -0.000583977 0.00349725 -0.000976179 -0.000896973 -0.00192463 -0.000333017 -0.0054236 0.00105998 0.00339279 0.00709692
internal_weight=1.17803e+07 6.68707e+06 5.09327e+06 3.43625e+06 1.65702e+06 1.26213e+06 3.1927e+06 616682 1.20362e+06 2.17413e+06 1.43744e+06 736686 308789 427897 223428 835500 426626 1.04521e+06 846678 3.49438e+06 1.36638e+06 669719 696664 298716 2.57602e+06 755231 317966 12352.6 392233 244502 8416.56 147731 48762.6 253677 340511 8758.36 7725.73 289750 233466 258957 18439.5 534292 640794 76572.7
internal_count=37918650 21690900 16227750 10822350 5405400 3850000 10853150 2279200 3897520 6972350 4593050 2379300 997150 1382150 704771 2544930 1305070 3328205 2689835 10837750 4296600 2044647 2251953 1024765 8573950 2814350 1254435 38532 1264845 799156 27073 465689 166104 879195 1025620 28733 24517 872373 697523 798498 54100 1630986 2080220 256549
is_linear=0
shrinkage=0.05


Tree=136
num_leaves=45
num_cat=0
split_feature=3 2 0 0 1 1 4 1 1 1 3 1 4 3 4 1 0 1 0 1 3 4 0 0 0 1 0 3 1 1 0 0 0 4 0 4 0 0 0 4 0 0 1 1
split_gain=5154.03 3904.11 3699.39 5726.24 2862.67 1947.78 3573.11 2557.14 6541.46 2275.15 1791.54 1931.9 1715.45 2230.18 1675.42 1967.87 2525.56 2326.13 1659.21 2137.57 1563.88 2474.31 1894.88 2554.35 1562.97 1562.64 2750.96 1889.22 3372.55 4029.79 3358.34 2916.11 2380.29 2040.82 2115.4 2611.34 1664.45 4579.86 4732.02 1957.6 2369.12 1556.55 1515.44 1506.91
threshold=-8.6337015575177549 3.5000000000000004 0.58743244627487468 0.65797238821565851 -0.73300900260771595 0.88755655832397862 -4.5164041021446719 0.98236589408923247 0.97148236575323155 0.75301099516636072 4.897432038099816 0.99284498505578556 -10.378705173561888 -14.798907145310212 10.955943442589943 0.14764656400248086 0.88059548392442355 0.75301099516636072 -0.96778869966720515 1.0000000180025095e-35 -15.289272778559694 -16.915473305419578 -0.32012920303568732 0.20588816045177846 -0.35460488704253573 1.0000000180025095e-35 -0.99087453071010889 5.4329906566908273 0.62305106867763382 0.57552211292281397 0.67983684365189634 -0.96778869966720515 0.65797238821565851 10.451521914453734 -0.97474915486277791 -12.783744499351728 -0.93085292505862405 -0.86066547284873141 -0.79450537036186197 -21.910108960132053 -0.88545602565320969 -0.82298386589365657 0.66905282987950276 0.23931566428755774
decision_type=2 2 2 2 2 2 2 2 2 2 2 2 2 2 2 2 2 2 2 2 2 2 2 2 2 2 2 2 2 2 2 2 2 2 2 2 2 2 2 2 2 2 2 2
left_child=2 4 5 -4 -2 9 7 8 20 18 11 14 -9 -14 -6 -16 17 -17 19 -1 -7 -22 24 -24 -23 -3 -27 33 29 31 32 -29 -30 34 35 -28 -36 39 41 -38 -41 -39 -32 -12
right_child=1 25 3 -5 10 6 -8 12 -10 -11 43 -13 13 -15 15 16 -18 -19 -20 -21 21 22 23 -25 -26 26 27 28 30 -31 42 -33 -34 -35 36 -37 37 38 -40 40 -42 -43 -44 -45
leaf_value=0.0019409423208725921 0.00091289751225603433 0.0010811440858509802 0.023757400981441263 0.0044115433271111398 -0.0025496089037183654 0.01045330864422709 -0.022384109490545701 0.001567533190902757 0.026147710861436801 -0.0053584464219430588 -0.0019065948021213253 0.0062838652399797822 -0.040244320546737461 -0.004145215631041763 -0.0022396762878399939 -0.011982290608472198 0.016228742289015122 0.036226554635506024 0.0022886548292431375 -0.010402416970669889 -0.0042701471239202432 0.0071523685753792469 -0.023174049567041666 0.0072217465836813101 0.029638405703674625 -0.0091245854768439768 -0.016509827740982815 0.024530802368359854 6.5117488628968986e-05 -0.025988717000060464 0.0035453673288908098 -0.0056977968418694645 -0.014491149950503346 0.0056374635502421788 -0.0054132762082305915 0.026017267869604756 -0.009451403478990178 -0.0071089969991424556 0.00011428149181405274 0.005505653823162775 0.018651314541959393 -0.021245688524916657 0.022888915910394513 -0.0065485767047406846
leaf_weight=74680.73060554266 763221.81427448988 3502346.9551631436 41004.842097088695 569372.30821225047 1534212.8759216964 69571.43049749732 12907.062877833843 160978.67725412548 39622.394486218691 184935.07462465763 292978.31661008298 72228.834611609578 5668.9047691076994 17443.511828571558 77904.019489742815 17397.90659378469 44458.562023505569 2922.5090844929218 499570.34840367734 66136.542271181941 86951.565783113241 16677.363504886627 8492.6300210356712 37133.140740588307 14401.138585522771 88475.951087132096 4699.6970141679049 8225.297023743391 371943.60921391845 24416.856797985733 18692.181799501181 265629.60242775083 30378.475301861763 176572.89415612817 137306.70644248277 15563.948736280203 14538.269991025329 60531.543108820915 1977168.9285555035 106771.56432926655 50477.05226637423 28706.052381567657 22092.32261121273 433544.37524920329
leaf_count=236453 3277914 9561722 80823 1380948 6481536 166953 37774 415017 86921 520047 1307840 267297 13593 51899 274046 64023 135817 9305 1458405 230658 240666 45813 27341 95232 31846 299304 13411 25510 1070428 106683 57299 851527 95944 427305 427555 47187 34635 198371 5134071 280776 124074 106418 53602 2064661
internal_value=0.000116152 -0.000332063 0.00250204 0.00571119 -0.00176428 0.000989666 0.00355953 0.00429235 0.00736471 -0.000473329 -0.00258964 -0.00172277 -0.000261332 -0.0129994 -0.00206764 0.00311482 0.00955421 -0.00504883 0.000937425 -0.00385627 0.00417371 0.0015042 0.00804997 0.00156397 0.0175719 0.00033978 -0.000423408 -0.000191087 -0.0024149 -0.00652523 0.000351927 -0.00478987 -0.00103399 0.000449841 6.75025e-05 0.0161541 -6.97201e-05 0.000258092 -0.000394039 0.0081025 0.00972543 -0.0116565 0.0140235 -0.00467665
internal_weight=1.2049e+07 1.01434e+07 1.90555e+06 610377 3.23887e+06 1.29517e+06 469848 456941 272850 825323 2.47565e+06 1.74912e+06 184091 23112.4 1.6769e+06 142683 64779 20320.4 640388 140817 233227 163656 76704.3 45625.8 31078.5 6.90454e+06 3.40219e+06 3.31372e+06 741378 298272 443107 273855 402322 2.57234e+06 2.39576e+06 20263.6 2.3755e+06 2.23819e+06 2.06641e+06 171787 157249 89237.6 40784.5 726523
internal_count=37918650 32798261 5120389 1461771 13882439 3658618 1213055 1175281 694772 2445563 10604525 7232024 480509 65492 6964727 483191 209145 73328 1925516 467111 607851 440898 200232 122573 77659 18915822 9354100 9054796 2260993 983720 1277273 877037 1166372 6793803 6366498 60598 6305900 5878345 5438860 439485 404850 304789 110901 3372501
is_linear=0
shrinkage=0.05


Tree=137
num_leaves=45
num_cat=0
split_feature=1 3 4 2 3 1 0 4 0 0 0 0 0 4 4 1 1 4 0 3 4 1 3 0 1 0 0 3 0 1 0 4 3 4 3 4 1 1 4 4 2 3 0 3
split_gain=10909.4 7327.92 4902.16 4533.33 4719.79 4698.87 3851.25 3040.99 2906.91 2850.57 3566.93 2656.07 3375.17 2738.62 2286.58 1984.05 15312.9 3277.66 2224.98 2363.67 2706.44 2515.44 1921.67 1786.3 1781.66 1772.34 1668.07 2113.84 1664.36 2971.43 2634.53 3778.23 3576.62 1892.11 1989.29 1657.74 1710.48 3012.7 1656.34 1653.56 1508.77 1903.6 1477.67 1925.46
threshold=-0.73300900260771595 2.8906104447304846 23.090718978779361 3.5000000000000004 -2.4330347163365 0.47375768738725649 -0.2393156642875576 -1.7227232922204718 0.83428993469774138 -0.32012920303568732 -0.2058881604517783 0.26568621746226689 0.48662714534649493 11.119822744278741 3.2380587573242363 0.57552211292281397 0.62305106867763382 -1.9649533070803604 -0.99087453071010889 -13.593287481757395 -23.897402398588302 0.47375768738725649 -9.5232133104396386 0.58743244627487468 0.97148236575323155 -0.2393156642875576 -0.94117129826980295 -15.849766964683171 0.67983684365189634 0.66905282987950276 0.65797238821565851 4.1951159777199445 1.1147507171781934 3.9486187187886661 2.3984898063610278 16.158017337472774 -0.59907629515643335 -0.55094406234797322 1.044532298354593 1.1634711335831762 5.5000000000000009 -2.3514819406366949 -0.97474915486277791 5.4329906566908273
decision_type=2 2 2 2 2 2 2 2 2 2 2 2 2 2 2 2 2 2 2 2 2 2 2 2 2 2 2 2 2 2 2 2 2 2 2 2 2 2 2 2 2 2 2 2
left_child=1 7 3 4 26 -6 14 23 24 -9 25 39 -13 -14 -3 18 17 -17 -5 21 -21 -20 -15 -1 -7 -11 -2 -28 30 33 -18 32 -32 -30 -35 36 -22 38 -38 -12 -31 -42 43 -39
right_child=2 6 -4 15 5 8 -8 9 -10 10 11 12 13 22 -16 16 28 -19 19 20 35 -23 -24 -25 -26 -27 27 -29 29 40 31 -33 -34 34 -36 -37 37 42 -40 -41 41 -43 -44 -45
leaf_value=0.0053518244077073902 0.0013877079370116195 -0.0016237738458384412 0.008500943123571688 0.0036777251362935305 -0.0023789896753042689 0.0030932230358465119 -0.0064651046085036738 -0.0077706614756460797 0.025230251022400341 -0.0028058749878754671 0.0023783086344943555 0.0044127668987242004 -0.0072083238049852217 0.046128620522967442 -0.020735378147327364 0.012088439746737824 0.0012727433954987171 0.028224917098285503 -0.0033817176495702576 0.014325308013005678 0.0035449988522649441 -0.021168383290188483 0.0033031361754501535 -0.017706670047812186 -0.0018401265848810575 0.015226353152512829 -0.011596816687151453 -0.0037643075931364997 -0.0057105850892558603 -0.0047404912317940053 0.0093711465177494738 0.00053707939036628334 0.03470940647891186 0.015348404186434303 -0.0016932524859516738 0.003617116989810717 -0.015591376600941799 -0.010195970953228224 -0.0041689375892469283 -0.007056245256631271 0.0066561971788101056 -0.029586786171163372 -0.00012785861088792188 0.019177957118968234
leaf_weight=180201.61491917819 135282.8166051358 19236.661147378385 189671.97083225101 435732.16920651495 945911.19686897099 909412.22417263687 450963.23158051819 213744.27542619407 13748.006134033203 19344.120315052569 55243.000837109983 237114.160136953 173961.37357970327 2749.616989761591 83956.142076805234 73984.477353811264 2568263.847990863 54762.531580284238 104786.73907155544 33294.513270124793 248632.30586789548 24531.150238506496 55342.792256072164 8809.6890047714114 229121.12133379281 46103.326054558158 95624.156537257135 868601.615659751 64668.423648573458 21632.298206813633 46390.700651347637 73896.759781569242 19901.854596689343 31894.259059563279 36978.467893257737 284203.16189722717 46032.338456630707 62561.326856762171 102200.55506684631 291539.20394151658 4439.2334080338478 19704.067004434764 2173244.3557578996 6125.1487286686897
leaf_count=638930 626371 115390 470616 1116500 4030596 2783998 2334157 1018020 34716 90755 225808 879670 611062 7094 567269 188009 6148430 119652 292483 83913 823691 76458 181698 28952 726530 207958 517385 3821433 167423 53900 110882 167286 40431 67678 87449 692704 141669 170152 325697 1312987 9451 44449 5744408 14540
internal_value=-0.00011544 -0.00365348 0.000539859 0.000384758 -0.001158 0.00023256 -0.00845903 -0.00157971 0.00237639 -0.00259054 -0.00133433 -0.00223517 0.000217407 -0.00406944 -0.0171727 0.00113933 0.00208042 0.0189521 0.000333157 -0.000139143 0.00015029 -0.00675579 0.00533014 0.00427708 0.00210042 0.00989662 -0.0038116 -0.00454107 0.00132822 -0.0033369 0.00163708 0.00831165 0.016978 0.000431459 0.00619857 -1.11706e-05 -0.000401944 -0.000812517 -0.00771607 -0.0055533 -0.0143303 -0.0229228 -0.000356065 -0.00757654
internal_weight=1.17635e+07 1.83831e+06 9.92523e+06 9.73556e+06 3.1977e+06 2.09819e+06 554156 1.28415e+06 1.15228e+06 1.09514e+06 881398 815950 469168 232054 103193 6.53786e+06 3.01652e+06 128747 3.52134e+06 3.08561e+06 2.95629e+06 129318 58092.4 189011 1.13853e+06 65447.4 1.09951e+06 964226 2.88777e+06 179317 2.70845e+06 140189 66292.6 133541 68872.7 2.923e+06 2.6388e+06 2.39016e+06 148233 346782 45775.6 24143.3 2.24193e+06 68686.5
internal_count=37918650 8219750 29698900 29228284 12541029 7575840 3016816 5202934 3545244 4535052 3517032 3218319 1679524 799854 682659 16687255 7205040 307661 9482215 8365715 7996774 368941 188792 667882 3510528 298713 4965189 4338818 6897379 430350 6467029 318599 151313 322550 155127 7912861 7220157 6396466 467366 1538795 107800 53900 5929100 184692
is_linear=0
shrinkage=0.05


Tree=138
num_leaves=45
num_cat=0
split_feature=2 2 3 4 0 4 0 4 3 3 3 0 4 4 1 4 3 0 4 0 0 3 1 3 0 0 4 3 1 0 1 4 0 3 0 1 4 0 0 0 0 0 0 4
split_gain=16768.9 5039.68 1962.43 1614.9 1524.16 1391.67 1385.1 1767.58 1139.47 839.31 894.579 756.927 1274.16 776.956 687.014 809.257 1993.36 1242.36 801.319 1153.72 1145.52 621.365 617.203 602.201 788.12 628.124 581.98 1293.57 557.306 551.052 549.602 546.291 819.985 545.241 639.606 1068.13 575.659 526.771 520.475 531.98 1036.94 596.166 520.227 795.128
threshold=5.5000000000000009 2.5000000000000004 -2.4330347163365 -5.1715951788574008 -2.8327694488239893e-16 5.7701267242643555 0.48662714534649493 -2.3164270444987696 6.2094194758468335 13.853747309474672 -4.3819396918493245 -0.4298763333408428 -2.9171523481265704 6.534826170917257 0.66905282987950276 2.0643835749059822 -1.7302547552419723 0.67983684365189634 10.613918788794527 0.5633557562674042 0.58743244627487468 13.004643051379945 0.25145141517831299 5.8128286418865907 -0.96778869966720515 0.46472317204376884 10.783411346104289 2.1196444671600898 -0.77168259479222712 0.93085292505862427 -0.88545602565320969 2.7730993688227916 -0.2393156642875576 -7.4153213027022415 0.99437935835663549 1.0000000180025095e-35 -4.0237079780476384 -0.96778869966720515 -0.99780533956200557 -0.82298386589365657 -0.79450537036186197 -0.88545602565320969 -0.2393156642875576 8.951559536320163
decision_type=2 2 2 2 2 2 2 2 2 2 2 2 2 2 2 2 2 2 2 2 2 2 2 2 2 2 2 2 2 2 2 2 2 2 2 2 2 2 2 2 2 2 2 2
left_child=1 11 5 -4 30 -2 7 8 -3 10 -9 12 21 -14 15 17 22 -8 19 -18 -21 -1 -17 24 -12 38 -6 -28 31 -24 -5 32 -13 34 -19 -36 -37 -32 -25 41 -41 -40 43 -33
right_child=2 6 3 4 26 -7 14 9 -10 -11 23 28 13 -15 -16 16 18 33 -20 20 -22 -23 29 25 -26 -27 27 -29 -30 -31 37 42 -34 -35 35 36 -38 -39 39 40 -42 -43 -44 -45
leaf_value=0.0028077302630827123 -0.0040846062111287058 0.00015711578619179655 -0.0049077654332403582 0.0025348103707208665 -0.0016202464896489821 -0.0099049490924448397 -0.0088414904144963526 -0.0018361658828016552 -0.0045614521546044435 -0.0044447461577930636 0.0085402373687358691 0.0092634491898821968 0.0073476621776112101 0.00061106166962693158 -0.0034399922775369554 -0.003633546639496393 -0.012922705356032167 -0.00044224031773012546 -0.0012993706418821429 0.013776500838663658 0.0015357704788198402 -0.011820841898460546 -0.0054925111267137804 -0.014197937887156835 0.0029509810399748525 0.011227636522245022 -0.0096033451599172488 -0.0027121532477741299 0.001773550032431574 -0.014780538812007396 0.0027835940647912318 0.0047980391797116887 -0.0013730693917754745 0.0043802986503744656 0.00065808619733371643 0.059011404013359185 0.017822448151621793 -0.001392811337710932 0.0024483695999225133 -0.012311798069686667 0.00062449648101074859 0.014401591804573411 0.0053509650616202159 -0.011106058474573102
leaf_weight=730278.01610856503 1052123.0026922897 1824414.8255568743 417235.4971280694 210469.08620344102 626356.97895302624 113811.30956472456 26652.784352719784 118953.10214181244 137594.39096823335 47362.918598182499 67819.194873094559 22596.34293833375 291107.25566495955 50178.786096453667 232165.89622235298 182367.59491006285 13029.006978139281 156221.74171409756 554713.49497532099 20247.975437819958 340966.96148958802 7331.9885113090277 39258.141644611955 5885.1807141751051 900684.22014521062 14324.011389404535 83247.583930708468 374231.59184140712 1650426.2076629624 26919.5377048105 94773.454048827291 20808.438526749611 91456.64958897233 168417.95135138184 6544.5184740424156 1448.6108129322529 2046.9720664024353 371297.51860380173 49698.652863308787 16443.603354543447 267333.80507105589 13202.298539757729 314841.32110743225 12628.21799005568
leaf_count=2520106 3449208 5612998 1389752 639966 2045512 363467 76446 355487 433988 143104 230627 86503 1187585 173614 716100 542422 34789 482454 1712708 69083 1058164 22595 120291 16167 2885387 49526 254548 1213258 5205200 72439 302402 83136 309579 532960 19898 6645 7201 1156537 158222 47591 820160 45993 1226571 38261
internal_value=-1.22643e-06 0.0011876 -0.0029973 -0.00211094 -0.00144805 -0.00465275 0.000232803 0.000814373 -0.000173794 0.00210543 0.00231875 0.0027536 0.00383111 0.00635719 -0.000904629 -0.000522116 -0.00115729 0.00154776 -9.31746e-05 0.00169468 0.00222193 0.00266232 -0.00513449 0.00268886 0.00334237 0.000963731 -0.00261043 -0.00396614 0.00220335 -0.00927066 0.000414111 0.00373767 0.000734253 0.00237513 0.000343951 0.0125769 0.0348916 -0.000543558 0.000546727 0.000797031 -0.000125103 0.00495723 0.00472121 -0.00120855
internal_weight=1.17699e+07 8.42637e+06 3.34355e+06 2.17761e+06 1.76038e+06 1.16593e+06 5.23472e+06 3.46372e+06 1.96201e+06 1.50171e+06 1.45434e+06 3.19165e+06 1.0789e+06 341286 1.771e+06 1.53884e+06 1.1775e+06 361333 928957 374244 361215 737610 248545 1.33539e+06 968503 366888 1.08384e+06 457479 2.11276e+06 66177.7 676540 462331 114053 334680 166262 10040.1 3495.58 466071 352564 346678 283777 62901 348278 33436.7
internal_count=37918650 27104000 10814650 7001975 5612223 3812675 16250850 10799250 6046986 4752264 4609160 10853150 3903900 1361199 5451600 4735500 3609896 1125604 2874744 1162036 1127247 2542701 735152 4253673 3116014 1137659 3513318 1467806 6949250 192730 2098905 1744050 396082 1049158 516198 33744 13846 1458939 1088133 1071966 867751 204215 1347968 121397
is_linear=0
shrinkage=0.05


Tree=139
num_leaves=45
num_cat=0
split_feature=3 2 1 3 4 1 1 1 3 3 0 1 0 0 0 0 3 1 0 3 0 0 0 1 4 0 0 0 0 0 0 0 0 1 3 4 3 3 4 0 0 1 1 0
split_gain=4814.94 3501.61 3285.79 4138.95 3882.31 2063.73 3668.57 2037.65 2033.25 1749.9 2187.24 2072.74 2248.56 1832.36 3181.46 2230.4 1719.07 1718.78 1833.14 1685.53 1619.21 1789.34 2592.85 1668.4 1562.76 1462.67 4175 4036.89 4471.87 1954.32 1966.35 6320.81 2090.06 1930.89 1402.27 1379.63 1608 1436.85 1521.63 1373.5 3245.03 1348.63 2436.69 2005.56
threshold=-16.447419376070052 5.5000000000000009 -0.55094406234797322 1.0000000180025095e-35 9.2365952017657573 -0.59907629515643335 -0.66312265824079497 0.99649054800675863 -5.2242228261087069 9.0454771870147699 -0.32012920303568732 -0.22264714151432796 -0.88545602565320969 0.5633557562674042 0.37886415816525426 0.99087453071010911 16.544307882493953 0.14764656400248086 0.93085292505862427 21.648738632197027 -0.93085292505862405 -0.86066547284873141 -0.79450537036186197 -0.044397947661467471 10.613918788794527 0.99087453071010911 0.93085292505862427 0.83428993469774138 0.81773537194966905 0.76251730544457197 0.48662714534649493 0.65797238821565851 0.20588816045177846 0.36521623457838687 -24.51843460078786 2.0643835749059822 -0.69763357047092522 -6.6132934035867406 -3.399854346944934 0.96778869966720549 0.97474915486277813 0.99284498505578556 0.98236589408923247 -0.2393156642875576
decision_type=2 2 2 2 2 2 2 2 2 2 2 2 2 2 2 2 2 2 2 2 2 2 2 2 2 2 2 2 2 2 2 2 2 2 2 2 2 2 2 2 2 2 2 2
left_child=20 2 5 4 25 6 -2 9 -8 -5 11 12 -11 14 41 16 -15 -6 -19 -9 23 -22 -23 -1 -16 26 27 28 29 30 32 -32 -4 -29 -24 37 -37 38 -7 -28 -41 42 43 -12
right_child=1 -3 3 7 17 35 8 19 -10 10 13 -13 -14 15 24 -17 -18 18 -20 -21 21 22 34 -25 -26 -27 39 33 -30 -31 31 -33 -34 -35 -36 36 -38 -39 -40 40 -42 -43 -44 -45
leaf_value=0.010779833951945069 0.00081741425746834117 0.0010569484957380945 -0.00054672804997802553 -0.0025027036046787647 0.0019951483696215248 -0.0002907409062932182 0.0089854709722161381 0.0060558889623600447 -0.014755181723727931 0.022512899767334463 0.017798135126751317 -0.014343332518223111 -0.016699160489478844 -0.0061383222045779317 0.020959165134584422 0.0016243644098898891 -0.016643349494820835 0.0045048776293298391 0.02058498825862129 -0.028159133175688161 0.019377831681251931 -0.0095756260415093795 0.01429211045177093 -0.011381928781113843 -0.0053822126259111249 -0.0050476558920034467 0.0089618171644516558 -0.0038756708602639602 0.014177985767334061 -0.024354756143756994 0.012061769843374405 -0.0040456864505834739 -0.005571089584772624 -0.015320236124237933 0.0052878950382718587 0.018907183586943974 0.005696861103523093 -0.0061148243916012302 0.028472554470747535 -0.0042432250523176517 0.013602879298083124 -0.023132837228137443 0.013941244312288718 -0.012955046432198903
leaf_weight=12481.467898562551 1864325.2053312957 4295146.0353846997 1597706.7845651731 1730027.1360554621 60080.533269703388 12427.893678173423 10706.471775859594 82480.697021879256 57212.533075690269 8481.2097987011075 6248.8414862602949 102568.53214780986 6426.0746879801154 183089.60041344166 24447.374923273921 73401.241681560874 49465.465481825173 31839.561178319156 39977.835173502564 3763.7523018792272 24798.582048982382 26443.267390698195 51301.188250616193 26572.085990861058 7315.4969918578863 169373.97027592361 145964.35175266862 84535.474089458585 51503.196902379394 8721.5753605812788 115625.54926331341 128697.20042575896 237790.18648900092 65342.963640764356 275154.217356354 28677.053408578038 117095.82455119491 40350.758974641562 7298.1666109859943 77043.300177767873 38054.315119698644 8337.824590973556 17578.270470902324 34968.249209523201
leaf_count=36909 6745123 10611388 5651495 6774685 166072 42089 27276 275867 240811 30996 26693 528838 27254 752871 74120 269288 217334 88566 88150 15432 55596 80323 113094 94908 24293 519742 392404 261226 137955 27450 307845 385256 770804 199974 658921 74107 366791 165455 17366 233311 102068 32610 70096 135798
internal_value=0.000112678 -7.66416e-05 -0.000740984 -0.00142044 -0.000142006 0.000908601 0.000401578 -0.00297968 -0.0110128 -0.00326848 -0.00580486 -0.0118114 0.00560978 -0.00406196 0.00185458 -0.00597439 -0.00837279 0.00823551 0.013456 0.00456273 0.00539322 0.00639539 0.0054831 -0.00429906 0.0148923 -0.000548193 -0.000249449 -0.000932426 -0.000376853 -0.000735773 -0.000636729 0.00357715 -0.00119764 -0.00886519 0.00670287 0.00566786 0.00829565 -0.000708321 0.010351 0.00574133 0.00165717 -0.00431399 -0.00164528 -0.00829262
internal_weight=1.20408e+07 1.16241e+07 7.32895e+06 5.19086e+06 2.85226e+06 2.13809e+06 1.93224e+06 2.3386e+06 67919 2.25236e+06 522328 117476 14907.3 404852 98896.1 305956 232555 131898 71817.4 86244.4 416751 377697 352899 39053.6 31762.9 2.72036e+06 2.55098e+06 2.28992e+06 2.14004e+06 2.08854e+06 2.07982e+06 244323 1.8355e+06 149878 326455 205850 145773 60076.8 19726.1 261062 115098 67133.2 58795.4 41217.1
internal_count=37918650 36878899 26267511 18588493 9332318 7679018 7013210 9256175 268087 8964876 2190191 587088 58250 1603103 363610 1239493 970205 342788 176716 291299 1039751 907934 852338 131817 98413 8989530 8469788 7742005 7280805 7142850 7115400 693101 6422299 461200 772015 665808 440898 224910 59455 727783 335379 265197 232587 162491
is_linear=0
shrinkage=0.05


Tree=140
num_leaves=45
num_cat=0
split_feature=1 3 3 2 0 4 1 4 3 0 1 0 0 2 4 2 0 4 4 1 1 0 4 0 1 0 0 0 0 0 4 1 0 4 0 0 0 0 4 4 0 1 1 4
split_gain=9992.33 5019.83 4840.18 4610.2 3488.9 3721.59 3247.14 3201.15 2873.06 2838.79 2764.62 3541.52 2602.12 2479.14 2279.51 2054.53 1969.97 1918.48 1571.36 2288.27 3076.81 2996.54 1532.3 1416.48 1679.68 1398.46 1350.94 2328.2 2972.32 2382.41 1558.66 1338.77 1679.81 1289.63 1265.98 3574.95 3456.12 5105.58 1736.35 1609.84 1599.9 1429.54 1413.1 1437.24
threshold=-0.55094406234797322 3.3218039775813186 1.1815098353317028 4.5000000000000009 0.26568621746226689 3.1197391685492737 -0.59907629515643335 -11.921314318142581 -12.596979556513535 0.58743244627487468 -0.2393156642875576 -0.94117129826980295 -0.088756899407539683 4.5000000000000009 28.833030140098895 5.5000000000000009 -0.94117129826980295 28.833030140098895 1.2800021765159004 0.47375768738725649 0.30909602655580187 0.93085292505862427 8.8045601121818837 -0.93085292505862405 0.47375768738725649 -0.79450537036186197 0.48662714534649493 0.65797238821565851 0.67983684365189634 0.58743244627487468 -35.165719012718696 -0.98846972602282535 0.088756899407539988 9.6746708834979085 0.93085292505862427 0.88059548392442355 0.81773537194966905 0.76251730544457197 3.8315857713926396 15.279807031454601 0.26568621746226689 0.66905282987950276 -0.12053668025532321 6.2736701870177578
decision_type=2 2 2 2 2 2 2 2 2 2 2 2 2 2 2 2 2 2 2 2 2 2 2 2 2 2 2 2 2 2 2 2 2 2 2 2 2 2 2 2 2 2 2 2
left_child=2 3 6 8 5 12 15 9 16 23 11 -9 -4 -7 -6 -1 -2 -12 26 20 -20 22 -22 -3 -25 -26 30 29 -29 -28 -10 32 -17 -33 35 36 37 38 -5 -38 -40 -42 43 -36
right_child=1 7 4 34 14 13 -8 10 18 -11 17 -13 -14 -15 -16 31 -18 -19 19 -21 21 -23 -24 24 25 -27 27 28 -30 -31 -32 33 -34 -35 42 -37 39 -39 40 -41 41 -43 -44 -45
leaf_value=-0.0017593163643011185 0.0054617719212194209 0.029580555304492336 -0.0022758195297477085 0.00096765898642878635 -0.0031797143872503569 -0.014840850609260929 -0.0087747999400362413 -0.018419957424478099 0.024168259140877873 -0.020073489267845853 0.0022864054219674367 -0.00074848661101797962 0.027461165444578491 -0.0070696786909014604 0.01847178218956318 0.00033508404124505959 -0.0076979358188572064 0.013144851993669077 0.0011471842110372483 0.0054802939226836342 0.0088228910646617042 -0.02010337746504838 -0.010330915226909113 -0.015284266539495767 0.019845966252588006 0.0078196198472262717 -0.0068662538375054375 0.014430191655267899 -0.0043502972407228578 -0.027180220184550682 -0.0013344213277268393 0.0022559036565144835 -0.017134938095064778 0.0097249959661566774 -0.010069058462595412 0.0088520990640582869 -0.0091683629934479274 0.029625614809152656 0.019735339137841548 0.022177899425508945 0.013001021522246223 -0.0010879782048432553 0.00032195911616193594 0.00057642288940734502
leaf_weight=785155.85305383056 31803.043055392802 9738.9150465130806 103048.08269092441 2560971.5170555562 596256.17070159316 181839.61053009331 120236.36140567064 31944.581768214703 6014.5617433637381 7660.7399851754308 2570205.8272892386 252105.71732556075 7922.0838930606842 235597.26955036074 12409.400400340557 61745.744624644518 268817.41027487814 41332.455281898379 309332.65837661922 199450.12902310491 21092.047554753721 37696.302716784179 20678.98142708838 6343.0576698035002 33267.445833846927 88418.223919332027 47993.209666408598 23310.886504761875 218958.34361576289 20640.75608035177 1548594.7861018255 336505.65733624995 17705.442157894373 69775.522941753268 77798.419713385403 154501.57994773984 100144.56022819877 15910.485218673944 21694.267643854022 4270.5880134701729 29290.996881008148 46724.179567024112 363056.41912008822 53515.511677473783
leaf_count=3446674 138744 22167 515978 6125010 2449459 1457376 426211 167762 23254 21798 6802598 895855 38086 1111204 36466 188305 1246645 97424 1157525 573709 68588 123398 63191 15972 78483 206570 159556 77267 863014 66050 5939817 957349 52445 173597 212965 355643 249397 33529 50883 8589 61550 100519 924753 133275
internal_value=-0.000114224 0.000649119 -0.00289903 -0.000168983 -0.00531885 -0.00829137 -0.000921117 0.00231229 -0.00169218 0.00955094 0.00194873 -0.00273584 -0.000152917 -0.0104549 -0.00273829 -0.000178094 -0.00630575 0.00245826 -0.00112695 0.0011263 -0.00110726 -0.00988284 -0.000659308 0.0111982 0.00979993 0.0111075 -0.00183747 -0.00484623 -0.00254326 -0.0129754 -0.00123576 0.00237785 -0.00355805 0.00353866 0.00105494 0.0014494 0.00103784 0.00138624 0.00121725 -0.0078863 0.00775894 0.00434095 -0.00128572 -0.00573061
internal_weight=1.17515e+07 9.22328e+06 2.5282e+06 6.18226e+06 1.13707e+06 528407 1.39112e+06 3.04102e+06 2.75438e+06 145428 2.89559e+06 284050 110970 417437 608666 1.27089e+06 300620 2.61154e+06 2.45376e+06 588250 388800 79467.3 41771 137768 128029 121686 1.86551e+06 310903 242269 68634 1.55461e+06 485732 79451.2 406281 3.42788e+06 2.93351e+06 2.77901e+06 2.67459e+06 2.65868e+06 104415 97709.4 76015.2 494370 131314
internal_count=37918650 27065500 10853150 18756871 5608569 3122644 5244581 8308629 10500758 344990 7963639 1063617 554064 2568580 2485925 4818370 1385389 6900022 9115369 1986411 1412702 255177 131779 323192 301025 285053 7128958 1165887 940281 225606 5963071 1371696 240750 1130946 8256113 6985120 6629477 6371491 6337962 257986 212952 162069 1270993 346240
is_linear=0
shrinkage=0.05


Tree=141
num_leaves=45
num_cat=0
split_feature=2 2 3 4 0 0 4 4 3 3 3 0 4 3 1 4 3 0 4 0 0 1 3 0 0 1 3 3 0 0 3 0 1 4 1 0 0 0 0 0 0 1 4 0
split_gain=15344.6 4705.29 1841.7 1403.47 1387.05 1253.18 1634.74 1139.53 1076.54 775.894 828.282 706.18 1008.21 633.926 624.54 740.584 1956.02 1149.01 788.357 1273.14 1049.42 721.374 616.346 786.32 572.646 569.7 922.828 558.767 733.052 586.983 524.505 651.003 949.048 537.129 493.597 486.75 492.058 964.997 545.529 484.135 474.855 586.904 812.572 618.536
threshold=5.5000000000000009 2.5000000000000004 -3.0130825307625559 -5.9806671733647141 0.12053668025532308 0.48662714534649493 -2.3164270444987696 3.9486187187886661 9.4015872141977166 13.853747309474672 -4.3819396918493245 -0.79450537036186197 -7.4232901021776732 0.97915403661263778 0.66905282987950276 2.7730993688227916 -0.067988576927621822 0.67983684365189634 10.613918788794527 0.5633557562674042 0.58743244627487468 0.25145141517831299 13.415603585259364 -0.82298386589365657 -0.99780533956200557 -0.46472317204376873 -1.2007271307681469 5.8128286418865907 -0.96778869966720515 0.46472317204376884 -7.7029350097891003 0.99437935835663549 1.0000000180025095e-35 -4.0237079780476384 0.52542847473095 -0.99780533956200557 -0.82298386589365657 -0.79450537036186197 -0.88545602565320969 0.93085292505862427 -0.99780533956200557 0.93621795190976798 -25.59589182109082 1.0000000180025095e-35
decision_type=2 2 2 2 2 2 2 2 2 2 2 2 2 2 2 2 2 2 2 2 2 2 2 2 2 2 2 2 2 2 2 2 2 2 2 2 2 2 2 2 2 2 2 2
left_child=1 11 7 -4 -5 6 8 -2 40 10 -8 12 13 24 15 17 21 -7 19 -18 -21 -17 -14 34 -1 26 -13 28 -12 35 31 -19 -33 -34 -24 -29 38 -38 -37 -23 -3 -42 -43 -44
right_child=2 5 3 4 -6 14 9 -9 -10 -11 27 25 22 -15 -16 16 18 30 -20 20 -22 39 23 -25 -26 -27 -28 29 -30 -31 -32 32 33 -35 -36 36 37 -39 -40 -41 41 42 43 -45
leaf_value=-0.0044215601446862254 -0.003967273178086532 -0.0035750603916186634 -0.0047375750375524377 1.2141776838728982e-05 -0.0027235706760333502 -0.0078217474019329509 -0.0017857022315526457 -0.0088938455090109125 -0.0072842336477746024 -0.0042957272382524196 0.008209353040951382 0.001127387574231326 0.0065788140323591654 -0.003385404732839767 -0.0032887807167244171 -0.0031016303386034207 -0.014299045260607638 -0.00075121331652335422 -0.0010371588974952212 0.015793652610433039 0.0021270061029063465 -0.0054662039386492774 -0.0011478535192058965 -0.024664871371795034 0.003811788669199314 0.0017780081411063208 0.0046261018115846134 -0.013771569361799942 0.0028210719478519415 0.010826852080619107 0.0038288440246746743 0.00067736251242328169 0.055751399563395747 0.017028438800370763 0.03548366440173676 0.0023430823651426408 -0.011929019747149681 0.00058003181817495905 0.013764029459314651 -0.01336760303658116 0.00070975864962555322 -0.0096146914077345491 -0.0025917768632357304 0.0011699353033297567
leaf_weight=23251.579872116446 924547.51873985678 88111.30017785728 405001.93524178118 843059.57199519873 1028672.0485020354 31524.291669070721 118899.51035732031 134443.02523364872 51962.040700316429 47271.007568687201 67875.86686436832 293475.29937976599 304658.48517236114 44961.0303228423 231634.6456367895 231109.66422325373 11266.640468478203 156756.21410422027 528115.25657212734 14817.150221869349 270020.75676674396 49187.24309848249 7718.7879078239202 3554.6039891690016 230261.51629823446 1754750.9563465863 526753.15851843357 5871.5125858038664 901066.53344027698 14331.5285577178 203121.89388529956 6476.6331777125597 1477.5888768434525 2273.3708686083555 1043.9875840395689 49718.338365957141 16360.994736894965 267386.22268019617 13240.08497723937 31997.983802303672 1355295.0029620975 27935.239902034402 231978.69806689024 206602.64948321879
leaf_count=77173 3045686 262008 1357583 2628462 3348553 91106 355487 434366 167058 143104 230627 994064 1215903 145570 716100 688705 29652 483121 1635597 51564 842221 151438 24517 9799 802022 5544000 2035886 16167 2885387 49526 640073 19697 6629 7945 4216 158222 47591 820160 45993 87752 4194092 80410 702334 641084
internal_value=1.33132e-07 0.00113666 -0.00287008 -0.00206882 -0.00149136 0.000214044 0.000767076 -0.00459272 -0.000183338 0.00200847 0.00221332 0.00265015 0.00417173 0.00208624 -0.000868379 -0.000503882 -0.00115609 0.0013417 0.000120734 0.00218589 0.00283794 -0.00452592 0.00613549 -0.00482971 0.00305665 0.00228648 0.00337427 0.00256926 0.00319853 0.000907469 0.00212221 4.62277e-05 0.0122684 0.0322823 0.00321639 0.000504267 0.00074603 -0.000141246 0.00474489 -0.00858043 9.85125e-06 0.000183234 -0.00134639 -0.000819746
internal_weight=1.17598e+07 8.42412e+06 3.33572e+06 2.27673e+06 1.87173e+06 5.23369e+06 3.46391e+06 1.05899e+06 1.96188e+06 1.50202e+06 1.45475e+06 3.19043e+06 615450 298474 1.76978e+06 1.53814e+06 1.13651e+06 401630 824220 296105 284838 312295 316976 12317.4 253513 2.57498e+06 820228 1.33585e+06 968942 366909 370106 166984 10227.6 3750.96 8762.78 352577 346706 283747 62958.4 81185.2 1.90992e+06 1.82181e+06 466517 438581
internal_count=37918650 27104000 10814650 7334598 5977015 16250850 10799250 3480052 6046986 4752264 4609160 10853150 2279200 1024765 5451600 4735500 3486929 1248571 2559034 923437 893785 927895 1254435 38532 879195 8573950 3029950 4253673 3116014 1137659 1157465 517392 34271 14574 28733 1088133 1071966 867751 204215 239190 5879928 5617920 1423828 1343418
is_linear=0
shrinkage=0.05


Tree=142
num_leaves=45
num_cat=0
split_feature=3 2 1 3 0 1 1 4 4 1 1 0 3 4 3 1 1 0 1 4 3 0 4 4 1 1 0 2 3 1 4 4 1 1 0 4 4 0 1 1 1 1 1 1
split_gain=4446.05 3218.43 2259.54 2366.95 1865.74 4010.16 3061.6 1826.58 1820.3 1818.57 2670 6116.41 1910.67 2634.27 1713.87 1559.54 2869.8 5266.95 2058.98 2133.38 1830.86 1735.37 1725.55 1635.55 1471.53 1572.54 1553.37 1444.09 1546.58 2018.53 1421.73 1281.17 1280.29 1257.27 4770.62 1450.6 1257.05 2439.22 2155.74 2812.59 1501.18 1717.43 2893.43 5055.16
threshold=-13.969481366817602 3.5000000000000004 -0.73300900260771595 -2.3514819406366949 0.088756899407539988 0.99284498505578556 -0.96367140085128711 5.2952858187097194 -3.6523558457140619 -0.86104361176735533 -0.77168259479222712 0.58743244627487468 -1.7302547552419723 7.9781922279500543 -24.51843460078786 0.23931566428755774 0.75301099516636072 0.58743244627487468 0.14764656400248086 21.255645475364993 11.662320167659553 -0.56335575626740397 12.642818781967543 -8.3412114006233526 0.74851074817110097 0.66905282987950276 0.67983684365189634 6.5000000000000009 -2.5919211796688226 0.93621795190976798 -9.8470377105010183 -7.2800844019949276 0.23931566428755774 0.99284498505578556 0.088756899407539988 -12.11721159855103 -14.1647135174918 0.58743244627487468 0.97148236575323155 0.98236589408923247 0.95418073928008662 0.75301099516636072 0.57552211292281397 0.52542847473095
decision_type=2 2 2 2 2 2 2 2 2 2 2 2 2 2 2 2 2 2 2 2 2 2 2 2 2 2 2 2 2 2 2 2 2 2 2 2 2 2 2 2 2 2 2 2
left_child=8 2 -2 7 -3 6 -6 33 14 -8 11 -11 -13 -14 -1 18 20 21 19 -5 22 -18 24 -20 25 -17 31 28 29 -12 -7 -27 -10 36 -35 -36 37 38 -4 -40 41 42 43 -38
right_child=1 4 3 15 5 30 9 -9 32 10 27 12 13 -15 -16 16 17 -19 23 -21 -22 -23 -24 -25 -26 26 -28 -29 -30 -31 -32 -33 -34 34 35 -37 40 -39 39 -41 -42 -43 -44 -45
leaf_value=0.010828462010016773 0.00098269119060952919 -0.00035967648352186194 -0.00098503660011222435 -0.0012617250842341227 0.0061018400529199305 0.041459378167292144 -0.0028169574737950016 0.0062042445565834194 0.0062790075856272998 0.0010617846330208806 0.002920529268817407 0.036769588696067827 -0.011463093680335164 0.022722966422217529 0.0021413234579361531 -0.008295332044447188 -0.012883068598459663 0.035731668351119496 0.035324843010927517 -0.013097643613602085 -0.015714616835014773 -0.0018652365806823502 0.00049053923533666011 0.0057445562058763017 -0.019073003639846202 0.0053713801907506117 0.018718016202855549 0.0024172524712443577 -0.00087510537162931569 -0.0043357624277961656 0.013980978422048455 -0.014822008523579714 0.019148464764188723 -0.0020851868728505095 0.053786670629693438 0.018598556082518224 -0.0027679303150698396 0.022903479916576468 0.029179638843448732 -0.00047080004693457868 -0.0092820368733274594 0.0038315132405808924 -0.012332649712676686 0.019783546462163376
leaf_weight=63340.096295714378 812236.10553725064 3666910.198488079 270660.22438536584 637931.95287076384 282398.80280256271 6807.7445635795593 334234.85175998509 100040.58620370179 53949.400344178081 118172.43167603016 663509.82514503598 15256.744013026357 7162.9099173545837 26419.498096257448 547841.50488518178 250332.5219251141 38487.451392568648 9087.9631502628326 5718.796477869153 40488.146799445152 57648.193661160767 500419.01260962337 77943.12360175699 25554.871827580035 26573.944165170193 18101.358045078814 10570.959882639349 905680.53240110725 1508421.3366012201 112020.24998053908 15257.239543631673 13875.651002719998 30111.981653884053 35305.062862575054 5379.0078798681498 6429.8695919811726 403477.29138032347 12626.773104697466 14354.74567706883 18061.214528203011 71789.894149243832 116267.38748605549 70120.825063273311 26480.864015802741
leaf_count=145928 3443747 10599959 1053042 2930011 721534 13615 942353 293347 128096 302698 1563054 27310 18000 58622 1442007 1224086 195411 30838 22969 182799 325474 2096026 318519 127959 109052 87152 39447 2034045 4140282 293575 36143 71545 62451 125860 12560 21509 1540560 32505 38573 60369 265978 403693 255374 80573
internal_value=0.000109244 -0.000128746 -0.00134497 -0.00200516 0.000454735 0.0012022 0.00108415 -0.000251652 0.00399044 0.000700237 0.00105046 0.00721314 0.0220971 0.0154313 0.00304162 -0.00318355 -0.00445266 -0.00201555 -0.00138986 -0.00196809 -0.00738759 -0.0026521 -0.00617963 0.0111537 -0.00780707 -0.00678488 0.0021019 0.000727776 5.78292e-05 0.00187241 0.0224589 -0.00339105 0.010889 -0.000866191 0.00711653 0.0346269 -0.00124085 0.00137138 0.000474313 0.0126593 -0.00243929 -0.00164227 -0.00291491 -0.001379
internal_weight=1.20335e+07 1.13382e+07 3.67596e+06 2.86373e+06 7.66225e+06 3.99534e+06 3.97328e+06 1.15099e+06 695243 3.69088e+06 3.35664e+06 167012 48839.2 33582.4 611182 1.71273e+06 1.00304e+06 547994 709694 678420 455046 538906 397398 31273.7 319454 292880 42548 3.18963e+06 2.28395e+06 775530 22065 31977 84061.4 1.05095e+06 47113.9 11808.9 1.00384e+06 315703 303076 32416 688136 616346 500079 429958
internal_count=37918650 36140168 15388978 11945231 20751190 10151231 10101473 4183943 1778482 9379939 8437586 406630 103932 76622 1587935 7761288 4497550 2322275 3263738 3112810 2175275 2291437 1849801 150928 1531282 1422230 198144 8030956 5996911 1856629 49758 158697 190547 3890596 159929 34069 3730667 1184489 1151984 98942 2546178 2280200 1876507 1621133
is_linear=0
shrinkage=0.05


Tree=143
num_leaves=45
num_cat=0
split_feature=1 3 4 1 1 4 0 2 4 3 2 0 0 0 0 4 0 3 4 0 1 1 4 0 1 3 4 0 0 1 1 1 3 4 0 4 0 4 0 4 0 4 3 4
split_gain=9330.84 6597.15 4367.68 4092.39 19265.4 4060.24 3645.56 3145.85 2951.34 2936.3 3251.21 2681.45 3024.78 2679.43 3013.95 2616.96 2196.52 2135.69 2040.86 1854.57 1842.27 5449.52 2990.84 2537.4 1792.21 2196.92 1880.05 2053.37 4679.19 3546.82 2028.16 2881.15 1757.89 1718.79 1707.06 1706.7 2587.52 4712.07 2885.87 2287.76 1840.16 1699.43 1640.67 3145.53
threshold=-0.73300900260771595 3.1036261744090834 18.890002469392382 0.57552211292281397 0.62305106867763382 -1.7227232922204718 -0.2393156642875576 3.5000000000000004 -1.0215983254637206 -2.2715344360623457 2.5000000000000004 -0.32012920303568732 -0.2058881604517783 0.26568621746226689 0.48662714534649493 11.119822744278741 -0.99087453071010889 -20.187501122676377 3.2380587573242363 0.58743244627487468 0.74851074817110097 0.82619477567192912 -8.6623966678336028 0.48662714534649493 0.85743085555170595 3.3218039775813186 -0.22621643553699397 0.20588816045177846 0.088756899407539988 0.97148236575323155 0.93621795190976798 0.98236589408923247 -9.5232133104396386 -4.1486759917289886 -0.2393156642875576 -7.8766203409222824 0.65797238821565851 3.3589265570132132 0.58743244627487468 2.8874374994353933 -0.58743244627487456 28.833030140098895 2.3984898063610278 5.0440236147195394
decision_type=2 2 2 2 2 2 2 2 2 2 2 2 2 2 2 2 2 2 2 2 2 2 2 2 2 2 2 2 2 2 2 2 2 2 2 2 2 2 2 2 2 2 2 2
left_child=1 8 3 7 5 -5 18 -2 19 10 33 -10 34 -14 -15 -16 -9 -18 -3 -1 22 35 -11 24 25 -23 27 28 -26 -29 -28 -32 -17 -6 -13 -22 38 -38 39 40 -37 -4 43 -24
right_child=2 6 41 4 9 -7 -8 16 11 20 -12 12 13 14 15 32 17 -19 -20 -21 21 23 42 -25 26 -27 30 29 -30 -31 31 -33 -34 -35 -36 36 37 -39 -40 -41 -42 -43 -44 -45
leaf_value=0.0046757347370638171 -0.0025670339374834214 -0.0012514267448089386 0.0042225072677012686 0.010162059197946853 -0.0072416876202806403 0.024548294575794452 -0.0061721389245119294 0.0034492323057560381 -0.0078322381926746489 -0.0088360134314475185 5.7351541564356044e-05 -0.0037775668805555399 -0.0055850448903226905 0.0041589062913416379 -0.0069706460207811672 0.043863453416414282 -0.015179136488710729 -0.00023088561650432026 -0.020407517480813649 -0.016964172422848447 0.012507192988568184 0.0011617290571613959 0.00071577837837440259 -0.0104230957340882 0.0021910283060302491 0.016931362481996514 -0.0063010774951491842 0.0080511351143638162 -0.0098795218280717523 -0.0087458291534873774 0.005638452863020625 -0.0038003590133270796 0.0032530311972591855 0.0035093572513513155 0.014246884727749924 0.012361745096989309 0.025137174053166789 0.0051161501665801055 -0.015771815504412905 0.010375164536837785 -0.0043442706852919394 0.013672545097907893 -0.001886530604962948 0.019145733464373066
leaf_weight=216741.49774745852 1577100.9245274737 16914.615017361939 376323.91367449611 109748.16845402122 254135.38503812253 88671.685970030725 428038.01706433296 436059.29589036107 198567.82631792128 100636.85917079449 1481468.5773245096 18443.800529710948 342935.455984734 239497.14535878599 172228.81003464013 2794.3741397708654 24091.670583337545 2918843.3468235806 78116.076035115868 10374.744668379426 111476.58200087398 49367.790218397975 84558.28565941751 47244.933754473925 705066.37350334227 39964.577494338155 158071.27399659157 238040.0297870189 90606.991327702999 36208.641396433115 151590.63386614621 173246.82414680719 57446.570928677917 43546.053673751652 45646.037769146264 20521.327048093081 39693.316209405661 113204.24925848842 21185.725708916783 75393.878150954843 83774.581004410982 54459.342738807201 176250.35134257376 31880.72565215826
leaf_count=785127 6882448 103285 967816 322238 1306653 209124 2234816 1116500 971660 272507 3895237 88774 1547226 894754 610802 7094 75778 7958066 541686 34563 279572 137688 232579 119521 1828005 102765 431617 614170 245783 96471 399696 471351 190086 185305 209877 59823 94311 277329 50672 179475 220330 129617 463731 72722
internal_value=-0.000112106 -0.00339476 0.00049318 0.000269466 0.00135652 0.0165911 -0.00813896 -0.000723152 -0.00149273 0.000657939 -0.000900759 -0.0025845 -0.00139901 -0.00222157 0.00022236 -0.00383319 0.000137455 -0.000353256 -0.0169979 0.00368722 0.00174631 0.00232074 -0.00140043 0.00100116 0.00132984 0.00821658 0.000933651 0.00210248 0.000816499 0.00583346 -0.00165597 0.000604415 0.00513681 -0.00566898 0.0090598 0.00711238 0.00541244 0.0103138 0.00168177 0.00373958 -0.00105718 0.00541717 0.00115619 0.00576186
internal_weight=1.17402e+07 1.82774e+06 9.91243e+06 9.48165e+06 4.52555e+06 198420 523069 4.9561e+06 1.30468e+06 4.32713e+06 1.77915e+06 1.07756e+06 878992 814902 471967 232470 3.37899e+06 2.94294e+06 95030.7 227116 2.54798e+06 2.15466e+06 393326 1.68941e+06 1.64216e+06 89332.4 1.55283e+06 1.06992e+06 795673 274249 482909 324837 60240.9 297681 64089.8 465250 353773 152898 200876 179690 104296 430783 292689 116439
internal_count=37918650 8219750 29698900 28601467 12568675 531362 2879787 16032792 5339963 12037313 5387195 4520273 3548613 3249962 1702736 807982 9150344 8033844 644971 819690 6650118 5608579 1041539 4447067 4327546 240453 4087093 2784429 2073788 710641 1302664 871047 197180 1491958 298651 1161512 881940 371640 510300 459628 280153 1097433 769032 305301
is_linear=0
shrinkage=0.05


Tree=144
num_leaves=45
num_cat=0
split_feature=2 2 3 4 0 0 4 3 4 3 3 0 4 1 1 4 0 4 3 0 3 0 0 1 4 3 0 4 0 0 0 4 4 1 1 3 1 3 1 1 0 0 3 0
split_gain=14164.9 4282.88 1717.37 1260.41 1263.72 1145.34 1526.63 1278.73 999.034 957.046 665.027 694.925 1122.09 661.182 937.886 694.655 638.702 810.465 768.269 743.358 693.319 592.161 566.041 565.398 701.471 1710.77 1093.27 697.033 1013.27 925.426 581.884 565.025 535.698 523.49 517.494 509.733 503.547 494.921 490.355 613.066 488.349 472.443 461.852 462.56
threshold=5.5000000000000009 2.5000000000000004 -3.3587638980914956 -6.268506612969019 0.12053668025532308 0.48662714534649493 -8.3412114006233526 -0.13562436995527702 4.0738507106311213 13.853747309474672 11.391058577170126 -0.79450537036186197 -6.4105978126149834 1.0000000180025095e-35 0.93621795190976798 -25.59589182109082 -0.74317201360641438 -0.79644129409563635 -1.4243037205819673 -0.99780533956200557 3.5462197448867561 -0.58743244627487456 -0.82298386589365657 0.66905282987950276 2.0643835749059822 -1.5002822295041935 0.67983684365189634 10.294858253895521 0.5633557562674042 0.58743244627487468 0.99437935835663549 -2.4372526026592918 6.2736701870177578 0.12053668025532312 -0.86104361176735533 -7.2765424173769899 0.91233666684008119 3.1767276246678411 -0.88545602565320969 -0.86104361176735533 1.0000000180025095e-35 0.67983684365189634 -10.739650303569732 0.99437935835663549
decision_type=2 2 2 2 2 2 2 2 2 2 2 2 2 2 2 2 2 2 2 2 2 2 2 2 2 2 2 2 2 2 2 2 2 2 2 2 2 2 2 2 2 2 2 2
left_child=1 10 8 -4 -5 6 7 13 -2 16 11 12 22 -3 36 -16 19 21 -19 20 -8 -18 -1 24 26 30 -7 28 -27 -30 32 -12 35 -14 -13 -26 -15 -29 40 -40 -33 -39 43 -28
right_child=2 5 3 4 -6 23 9 -9 -10 -11 31 34 33 14 15 -17 17 18 -20 -21 -22 -23 -24 -25 25 27 42 37 29 -31 -32 38 -34 -35 -36 -37 -38 41 39 -41 -42 -43 -44 -45
leaf_value=0.0017666856379948894 -0.0039166988092524261 -0.003044652191326339 -0.0045430021001149987 -7.8572852507768947e-05 -0.0026523774371013534 -0.0083371627183943635 0.00085682691435418198 -0.0040349978858430858 -0.0088151019143623138 -0.005039444013621038 -0.0073510822700242661 0.0039305815646511607 0.0050561379988572032 0.0012826337139383698 -0.0093882551239183685 -0.0009775668654164963 -0.0049134054697582349 -0.00078669017280069394 0.0025934507483184009 0.0034332353441670913 -0.011073028143990929 0.0001120359677355125 0.010176484224721288 -0.0031295329667962351 -0.0080554622623835621 -0.012400055410958675 -0.0014126416829266322 -0.0041054003129337461 0.013038658248699915 0.0015857917081449698 0.0029096206089551549 -0.023375583336641657 -0.0078144646796964364 0.0097249659452040595 0.0020101184846390463 -0.00091502631314110744 0.0063846661922927405 0.0038573416193605791 0.019419459645774788 0.00096639864950004743 -0.002014373332777054 -0.0010095828231934622 0.0034629541577920922 0.012460041468664711
leaf_weight=304564.0543025732 879620.61191410571 142906.77750258148 407614.40121105313 874517.55242238194 1048950.353204906 26449.947294965386 46733.005977243185 231336.94444457442 118061.4833939597 54431.453574866056 23666.687135487795 428297.53561480343 169238.67418187857 525498.20008032769 27485.369354583323 229848.26728315651 68334.552219145 212401.84235167503 806085.021167472 636367.7886409834 16471.184497088194 412251.76009459794 21415.494776636362 231059.80228824914 35633.793450675905 12279.836900904775 97124.439637437463 112436.0556999743 18677.214150011539 317049.64840918034 23128.761425241828 3954.1735047549009 116398.27037994564 93048.712309256196 1938084.227135703 83706.072090923786 53262.4742122069 56977.374907046556 4607.828833386302 194168.92950374633 8274.5479183793068 399352.70901366323 231559.27801432461 6405.0566136837006
leaf_count=1049091 2906297 425969 1371896 2728954 3422954 76446 145144 710324 384549 165340 72322 1637188 705924 1622613 79465 700785 201466 643956 2561790 2049688 46692 1273765 76160 716100 103060 32913 299929 334246 63583 984271 72473 11144 339694 361931 6271362 255173 172253 178391 19653 618510 29865 1246092 727746 21483
internal_value=8.53526e-07 0.00109235 -0.00276038 -0.0020174 -0.00148218 0.00021194 0.000740552 -0.000691701 -0.00449636 0.00150995 0.00253655 0.00274003 0.00427798 9.83162e-05 0.000635518 -0.0018759 0.00167209 0.00108993 0.00188853 0.00291958 -0.00225213 -0.000602531 0.00231917 -0.000823441 -0.000476803 -0.00106912 0.00144927 -5.55902e-05 0.00170695 0.00222294 -0.00465851 -2.53493e-05 -0.00540104 0.00671244 0.00235771 -0.0030471 0.00175217 -0.00113402 0.000796316 0.00139416 -0.00892155 -0.000401899 0.00222175 -0.000554381
internal_weight=1.17497e+07 8.42097e+06 3.32876e+06 2.33108e+06 1.92347e+06 5.23165e+06 3.46341e+06 1.21034e+06 997682 2.25308e+06 3.18932e+06 2.95465e+06 588267 979001 836094 257334 2.19865e+06 1.49907e+06 1.01849e+06 699572 63204.2 480586 325980 1.76824e+06 1.53718e+06 1.17564e+06 361539 916773 348007 335727 258867 234672 235738 262287 2.36638e+06 119340 578761 568766 211005 198777 12228.7 456330 335089 103529
internal_count=37918650 27104000 10814650 7523804 6151908 16250850 10799250 3711409 3290846 7087841 10853150 10101656 2193106 3001085 2575116 780250 6922501 4680977 3205746 2241524 191836 1475231 1125251 5451600 4735500 3609896 1125604 2839496 1080767 1047854 770400 751494 697927 1067855 7908550 358233 1794866 1758729 679172 638163 41009 1424483 1049158 321412
is_linear=0
shrinkage=0.05


Tree=145
num_leaves=45
num_cat=0
split_feature=3 2 1 3 4 0 1 1 1 1 0 3 4 0 0 0 1 4 1 3 4 2 1 0 2 0 0 0 0 1 0 1 4 1 1 1 0 1 4 3 4 0 1 1
split_gain=4139.93 2889.48 2077.27 2476.78 1883.45 1810.51 3825.78 2701.48 1737.97 2659.72 6246.77 2063.96 2469.64 1519.6 1667.64 2549.66 1527.73 1453.54 1472.2 1821.03 1735.33 1523.21 1457.9 1797.09 1494 1449.2 1671.19 2555.86 3775.99 1623.45 2876.49 2351.24 1420.72 1412.44 1387.46 2665.3 5277.73 1987.3 1949.92 1844.03 1629.59 1571.94 1384.18 1384.09
threshold=-17.129417798973215 3.5000000000000004 -0.73300900260771595 -3.1845268707625105 6.0297209360751234 0.088756899407539988 0.99284498505578556 -0.96367140085128711 -0.86104361176735533 -0.77168259479222712 0.58743244627487468 -1.7302547552419723 7.9781922279500543 -0.93085292505862405 -0.86066547284873141 -0.79450537036186197 -0.044397947661467471 -31.741205063647985 0.93621795190976798 -2.1121527708916079 -17.232689310946746 6.5000000000000009 0.88755655832397862 0.93085292505862427 6.5000000000000009 0.99087453071010911 0.93085292505862427 0.83428993469774138 0.81773537194966905 0.36521623457838687 -0.86066547284873141 0.75301099516636072 -9.8470377105010183 0.47375768738725649 0.23931566428755774 0.75301099516636072 0.58743244627487468 0.14764656400248086 21.255645475364993 11.662320167659553 12.025151732854502 -0.56335575626740397 0.74851074817110097 0.66905282987950276
decision_type=2 2 2 2 2 2 2 2 2 2 2 2 2 2 2 2 2 2 2 2 2 2 2 2 2 2 2 2 2 2 2 2 2 2 2 2 2 2 2 2 2 2 2 2
left_child=13 2 -2 4 25 -3 7 -7 -9 10 -10 -12 -13 16 -15 -16 -1 -11 19 22 -21 -22 23 -19 -24 26 27 28 29 -4 -31 -32 -8 -29 37 39 41 38 -5 40 42 -37 43 -36
right_child=1 5 3 34 -6 6 32 8 9 17 11 12 -14 14 15 -17 -18 18 -20 20 21 -23 24 -25 -26 -27 -28 33 -30 30 31 -33 -34 -35 35 36 -38 -39 -40 -41 -42 -43 -44 -45
leaf_value=0.010911376496476777 0.0010359170059680263 -0.00030087947083342888 -0.0044267867713716534 -0.0012389920974207186 0.0077027798485184706 0.0058066995249649702 0.040467277493849256 -0.0026835626952593332 0.0009483143980130468 0.026028962881449139 0.036325239781139086 -0.011215548265024158 0.021888700007579108 0.019735668914266008 -0.010313401432039194 0.0067840780369585671 -0.012128320408257695 0.00042697009236072078 -0.0022041312719649816 0.020483102634784651 -0.00086550537897190055 0.0023197885265096346 0.0050777849182334529 0.0047372033719230329 0.021545451916012759 -0.0079329451598123008 0.0060929352681432748 -0.008215217852164329 0.015577114356938879 0.011021374158890224 -0.0062839490352965101 0.0012910271746109222 0.013312139231852647 -0.0321687218034079 -0.0077564773108445527 -0.011934223317904849 0.033136000416814096 0.010432329205916399 -0.012558247544864724 -0.015319606792002512 0.00035545900646786381 -0.0017636844963785907 -0.018077639437788517 0.0015949075579895498
leaf_weight=10544.281676232815 822547.42648077011 3768321.8161941506 223807.30962183326 680513.97537328303 74348.228783667088 284159.37671235204 7026.0517547279596 335518.72928519547 118771.44404260814 5686.049229323864 16721.502673968673 7162.5514003932476 26396.991177305579 21928.293159410357 23634.646489694715 281683.70242388546 22651.861832365394 559697.14159876108 378841.52793759853 10448.258646562696 1308369.5880392417 526290.64042850584 46397.310422793031 425808.30956560373 19587.490611985326 62208.829384624958 99237.741145789623 44955.120741158724 36823.072042658925 59234.404323771596 135873.23002232611 416336.58199268579 15317.208079889417 7130.2921633422375 264200.69536924362 40904.98308840394 10588.490347333252 34382.381801940501 40300.230848498642 56872.783972501755 87330.793917000294 533416.75672186166 27406.972829796374 46538.827139824629
leaf_count=30752 3473719 10854946 963561 3114253 210261 725554 13893 945747 303826 11771 29751 18000 58622 48467 71797 664358 80778 1282854 984432 24103 3598783 1224239 120983 942048 41376 211882 297527 151639 98952 211868 506594 1433525 36143 23430 1284288 208159 34543 163103 183485 325474 353794 2227070 112853 215447
internal_value=0.000105466 -5.76036e-05 -0.00118865 -0.00180218 3.9013e-06 0.000489889 0.00121807 0.0011048 0.000751865 0.00108595 0.00720196 0.021974 0.0148233 0.00538311 0.00641712 0.00546056 -0.00481009 0.000770836 0.000726989 0.00111035 0.000163944 4.8228e-05 0.00277105 0.0022893 0.00996619 -0.00052336 -7.29565e-05 -0.00073506 -9.24509e-05 -0.000783263 0.000550379 -0.000572823 0.0218513 -0.0114944 -0.00295171 -0.00411222 -0.00184317 -0.00131166 -0.00187184 -0.00686373 -0.00573345 -0.00248806 -0.00730599 -0.00635594
internal_weight=1.20259e+07 1.16655e+07 3.80496e+06 2.98241e+06 1.15995e+06 7.86052e+06 4.0922e+06 4.06986e+06 3.7857e+06 3.45018e+06 169052 50281 33559.5 360443 327247 305318 33196.1 3.28113e+06 3.27544e+06 2.8966e+06 1.84511e+06 1.83466e+06 1.05149e+06 985505 65984.8 1.08561e+06 1.0234e+06 924160 872075 835252 611444 552210 22343.3 52085.4 1.82246e+06 1.06726e+06 584910 755197 720814 482350 425477 574322 338146 310740
internal_count=37918650 37022498 15805427 12331708 4109239 21217071 10362125 10312089 9586535 8640788 410199 106373 76622 896152 784622 736155 111530 8230589 8218818 7234386 4847125 4823022 2387261 2224902 162359 3898978 3687096 3389569 3214500 3115548 2151987 1940119 50036 175069 8222469 4761628 2469772 3460841 3297738 2291856 1966382 2435229 1612588 1499735
is_linear=0
shrinkage=0.05


Tree=146
num_leaves=45
num_cat=0
split_feature=1 3 4 2 3 1 0 4 0 0 0 0 4 4 3 4 3 0 0 3 0 1 3 1 1 4 1 0 3 4 1 0 1 0 4 3 4 3 4 0 2 3 4 0
split_gain=8583.82 6191.47 4074.94 3540.76 3874.46 3659.81 3502.37 2746.26 2526.75 2818.83 2477.54 2756.74 2463.04 1967.89 1951.21 1860.93 1789.23 1732.14 1662.63 1764.15 1578.7 1567.45 1508.73 1500.2 12918 2916.11 1823.36 1648 1626.22 2592.76 1783.99 1563.65 2606.72 2122.37 3549 3094.11 1627.77 1712.74 1471.55 1551.53 1390.71 1760.49 1390.03 1526.11
threshold=-0.73300900260771595 3.1036261744090834 24.301560733309959 3.5000000000000004 -3.2732567938551465 -0.22264714151432796 -0.2393156642875576 -1.0215983254637206 -0.32012920303568732 -0.2058881604517783 0.26568621746226689 0.48662714534649493 10.613918788794527 3.2380587573242363 13.004643051379945 13.513500347739738 -9.8891503216907211 0.58743244627487468 -0.94117129826980295 -17.932038940727381 -0.2393156642875576 -0.99547630293118761 -6.0055225317009215 0.57552211292281397 0.62305106867763382 -1.9649533070803604 0.56806474673115548 -0.99780533956200557 -13.593287481757395 -23.897402398588302 0.47375768738725649 0.67983684365189634 0.66905282987950276 0.65797238821565851 4.9227692739331141 2.0541674548187179 4.3200642626370618 2.6707506859047574 1.3981704685690206 0.48662714534649493 5.5000000000000009 -1.5002822295041935 16.495969642842109 0.99087453071010911
decision_type=2 2 2 2 2 2 2 2 2 2 2 2 2 2 2 2 2 2 2 2 2 2 2 2 2 2 2 2 2 2 2 2 2 2 2 2 2 2 2 2 2 2 2 2
left_child=1 7 3 4 18 15 13 17 22 20 21 -12 -13 -3 -7 -6 -14 -1 -2 -20 -10 -11 -9 26 25 -25 27 -5 30 -30 -29 33 36 -26 35 -35 -33 -38 -16 -40 -34 -42 -31 -44
right_child=2 6 -4 23 5 14 -8 8 9 10 11 12 16 -15 38 -17 -18 -19 19 -21 -22 -23 -24 24 31 -27 -28 28 29 42 -32 32 40 34 -36 -37 37 -39 39 -41 41 -43 43 -45
leaf_value=0.0045190408857606508 0.0018958273272336021 -0.0011712120310650954 0.0087227781309120109 0.0052499339328361721 -0.0061971331002452683 0.00055364632633917159 -0.0059512403518371714 0.011894863790676544 -0.00363249095717935 -0.00081452227407917204 0.0039805502123303341 -0.0069451074645205287 0.042925374672078583 -0.02002187568831592 0.014021142596834152 0.0016650056335926686 0.002694090750316193 -0.01650507015720469 -0.012558681872943634 -0.0037760302432934979 0.013700948946107348 -0.0078875812780439675 -0.008565533327604841 0.010954587888739074 0.0011167446510531207 0.026277440680276282 -0.0055442218178603552 -0.0029761335234302429 0.014198564187235264 2.8153706770591132e-05 -0.020712373748427177 -0.0053340355584909358 -0.0044972112008102522 0.0089455813535036319 -0.000611746640344393 0.032467888425377657 0.01427168902040901 -0.0018372280165355071 -0.0035329598407466932 0.0077133321142212738 0.0044470258630982798 -0.028930673907551364 0.0058559822107357587 -0.0029564041261637237
leaf_weight=217126.0219316557 119203.67326324433 16886.617268167436 147390.98374454677 175716.00956653059 297277.89055609703 1651458.1389583424 425958.17879071832 9463.1243179291487 18394.100474670529 121673.4367768839 239932.17591375113 164987.55011028796 2888.4602222591639 76859.411505237222 44009.781710878015 100779.41857752204 63941.755978100002 10259.817633777857 61591.480121351779 797830.13712541759 45955.940878286958 219876.62262739986 188142.45771963894 73597.513015285134 2568258.4094199911 53710.064100727439 128010.54121124744 120054.05446656048 34225.25933085382 2796005.3613047451 16076.348678916693 67294.638188116252 21583.700202688575 51787.945233009756 69335.267722696066 19149.81303319335 31031.007813870907 35238.327909708023 49421.499794021249 80818.475271061063 4987.6220214962959 19000.229258365929 207731.74594382942 64347.242039114237
leaf_count=785127 552327 103285 363690 431200 1643249 5590424 2234816 36358 88774 540238 894754 587898 7346 541686 112681 386905 212738 34563 344449 3607057 209877 1006988 935302 188009 6148448 119859 319147 335773 85732 7657611 50328 173649 53900 122892 157165 39000 65973 83417 142430 212394 10759 43141 512596 144695
internal_value=-0.000108989 -0.00326275 0.000471135 0.000346517 -0.00101626 0.000137467 -0.00787684 -0.00142191 -0.00247764 -0.00132754 -0.00212461 0.000223548 -0.00366496 -0.0166263 0.0010846 -0.00420661 0.00443292 0.00357042 -0.00363791 -0.00440545 0.00874628 -0.00536788 -0.00758571 0.00101207 0.00183182 0.0174192 0.000314329 0.00053399 0.000278106 0.000512813 -0.0050707 0.00114463 -0.00337959 0.00144385 0.00743273 0.0152955 0.000143542 0.00570587 0.00611675 0.00344576 -0.0137054 -0.0219907 0.000360145 0.00377183
internal_weight=1.17293e+07 1.82235e+06 9.90692e+06 9.75953e+06 3.20239e+06 2.22377e+06 519704 1.30264e+06 1.07526e+06 877650 813300 471750 231818 93746 1.82571e+06 398057 66830.2 227386 978625 859422 64350 341550 197606 6.55714e+06 3.01497e+06 127308 3.54217e+06 3.41416e+06 3.23844e+06 3.10231e+06 136130 2.88767e+06 179136 2.70853e+06 140273 70937.8 133564 66269.3 174250 130240 45571.6 23987.9 3.06808e+06 272079
internal_count=37918650 8219750 29698900 29335210 12591916 8088083 2879787 5339963 4520273 3548613 3249962 1702736 807982 644971 6057929 2030154 220084 819690 4503833 3951506 298651 1547226 971660 16743294 7206212 307868 9537082 9217935 8786735 8400634 386101 6898344 430839 6467505 319057 161892 323039 149390 467505 354824 107800 53900 8314902 657291
is_linear=0
shrinkage=0.05


Tree=147
num_leaves=45
num_cat=0
split_feature=2 2 2 1 3 1 1 4 0 0 3 4 3 0 0 0 0 4 3 4 0 0 1 4 1 1 3 0 3 4 3 4 1 3 0 3 0 3 1 0 0 4 4 0
split_gain=13117.2 2649.29 2308.88 1375.33 999.767 605.204 604.501 641.321 823.631 1165.18 1035.41 758.538 739.782 633.552 600.477 655.57 538.125 982.27 844.373 1864.14 710.379 678.892 667.188 690.839 805.05 598.13 578.551 515.487 857.059 957.401 578.351 506.572 492.589 648.822 597.101 489.294 567.051 484.088 474.122 466.921 621.684 575.155 465.84 445.524
threshold=4.5000000000000009 6.5000000000000009 2.5000000000000004 -0.80891915365350464 -3.81294381829106 -0.86104361176735533 0.47375768738725649 9.6746708834979085 1.0000000180025095e-35 0.67983684365189634 6.0023226145337825 -17.921515655244225 2.3984898063610278 0.99437935835663549 0.35460488704253579 -0.99780533956200557 0.37886415816525426 -4.1486759917289886 0.58435031030321138 6.0297209360751234 0.26568621746226689 0.99087453071010911 0.57552211292281397 12.025151732854502 0.56806474673115548 -0.77168259479222712 13.853747309474672 -0.32012920303568732 9.973880514858033 -6.7006358774982635 -1.5752794968868604 -19.483792731268409 0.52542847473095 4.5576692807499564 -0.79450537036186197 4.7263034975343894 -0.32012920303568732 -15.849766964683171 0.12053668025532312 -0.93085292505862405 -0.86066547284873141 -16.915473305419578 -12.334377387985716 0.76251730544457197
decision_type=2 2 2 2 2 2 2 2 2 2 2 2 2 2 2 2 2 2 2 2 2 2 2 2 2 2 2 2 2 2 2 2 2 2 2 2 2 2 2 2 2 2 2 2
left_child=2 3 6 -2 -3 -6 7 11 10 -10 -9 -1 13 -11 15 -13 17 20 19 21 35 25 23 -20 -25 -18 -19 28 29 30 38 -22 33 -8 37 -5 -37 -34 -4 -40 -41 -42 -32 -24
right_child=1 4 27 16 5 -7 32 8 9 12 -12 14 -14 -15 -16 -17 18 26 22 -21 31 -23 43 24 -26 -27 -28 -29 -30 -31 42 -33 34 -35 -36 36 -38 -39 39 40 41 -43 -44 -45
leaf_value=-0.0018870944499869439 0.00093766697271986579 -0.0055874994287440222 -0.0014421456257137566 -0.0018191485674600627 -0.0006344404922694856 -0.0033958573900347553 -2.0511124291537197e-05 0.0034116614844036165 0.0058598447439602019 -0.0057197719600054903 -0.01010862716908505 -0.00075201043487581288 0.0017993100909948535 0.0084501184618570903 0.0025052462752012438 0.0050745965320357113 -0.022730601262818697 0.00094074636681265892 0.0017007708511035729 -0.0087312598109676991 0.016495971458576657 0.0028199890424295856 -0.0036480687362371368 -0.0027384254574068781 0.010746615487921959 -0.0027528689562532648 -0.0083288562655785998 8.0973299705617066e-05 -0.0044258424787167409 0.0029694010761229452 -0.0052663218393628666 0.001923184555730002 0.018569064911546595 -0.013055068412135171 0.0015070631518487329 -0.0078825960766545355 0.0012783349222758018 0.0047855740593844062 0.0058954011667624352 -0.0033695552112370133 0.0047033143882156056 -0.00043079863753444671 -0.00013840916881707952 -0.015499075857459469
leaf_weight=60905.020141988993 653289.66567737609 446738.4562754184 125223.04007080197 959687.48960831016 251287.10511347651 943050.85271612555 39518.877161741257 25370.724089637399 149393.23479340971 63015.522322401404 32048.349127724767 51663.940277129412 252213.89667294919 9017.1898968070745 521566.82508029044 736084.42465539277 3792.47563123703 545997.31609523296 222423.41279993206 145743.68647666276 7593.7650939375162 59766.031168967485 113541.85160944611 241225.18723291904 11599.948530882597 310060.36628905684 17368.392285317183 2124812.630769819 61833.723805993795 644409.5829051882 71381.639197677374 27776.286035105586 6993.1714541316032 12588.251379571855 1156522.6417642832 69170.437442556024 22350.187668651342 71496.103894762695 67029.629291981459 57798.164710372686 124467.86765356362 97109.745443746448 116688.8360074982 8526.0057621002197
leaf_count=204153 1982750 1507880 375690 3048066 757831 3139689 125405 97158 575428 185038 99982 188851 804400 29430 1711348 2868662 10843 1721766 715372 449760 28813 197227 374429 768826 42711 1002714 53986 6541150 194098 2091239 211296 93437 25508 36295 3657500 225869 75613 243992 215260 167593 390312 292014 359098 30168
internal_value=1.77203e-06 -0.00191821 0.00145659 -0.00112575 -0.00356963 -0.00281486 0.00242931 0.00299576 0.00152071 0.00220631 -0.00413466 0.00356746 0.000522975 -0.00394596 0.00382118 0.00469246 -0.00161299 -0.00103932 -0.00246062 -0.00393511 -0.00191776 -0.00206419 -0.00117857 -0.00033167 -0.00211971 -0.00299427 0.000654967 0.000568137 0.00132595 0.00159867 0.000259709 0.00505189 0.00159256 -0.00316945 0.00179347 -0.00215227 -0.00564541 0.00601364 0.00119458 0.00214774 0.00124858 0.00245321 -0.00208469 -0.00447582
internal_weight=1.17401e+07 5.06099e+06 6.67915e+06 3.41991e+06 1.64108e+06 1.19434e+06 3.1884e+06 1.90128e+06 531059 473640 57419.1 1.37022e+06 324247 72032.7 1.30932e+06 787748 2.76662e+06 1.64994e+06 1.11668e+06 519363 1.08658e+06 373619 597316 475249 252825 313853 563366 3.49075e+06 1.36594e+06 1.30411e+06 659699 35370.1 1.28712e+06 52107.1 1.23501e+06 1.05121e+06 91520.6 78489.3 471628 346405 279376 221578 188070 122068
internal_count=37918650 16227750 21690900 10822350 5405400 3897520 10853150 6764450 1791436 1594296 197140 4973014 1018868 214468 4768861 3057513 8839600 5247550 3592050 1660544 3471798 1210784 1931506 1526909 811537 1013557 1775752 10837750 4296600 4102502 2011263 122250 4088700 161700 3927000 3349548 301482 269500 1440869 1065179 849919 682326 570394 404597
is_linear=0
shrinkage=0.05


Tree=148
num_leaves=45
num_cat=0
split_feature=3 0 0 2 1 3 0 1 0 1 1 0 0 3 3 4 0 4 4 1 0 0 4 4 4 3 4 4 0 3 4 0 0 0 1 1 4 3 4 1 1 1 0 1
split_gain=3813.69 2638.54 4450.55 2610.23 1669.53 1600.18 1493.07 2818.18 6343.15 4582.12 5426.1 2826.57 2196.47 1987.08 1843.56 1708.04 2458.75 1563.79 1563.16 1443.95 3640.65 1556.23 1606.11 1599.54 1398.31 2041.07 1396.61 1519.18 1361.4 3477.71 1353.89 1809.88 1702.23 1945.38 1833.03 1445.95 1360.64 1360.58 1295.51 3680.4 1969.4 1894.82 2238.85 1341.41
threshold=-10.096529937029212 0.58743244627487468 0.65797238821565851 2.5000000000000004 -0.55094406234797322 15.665097213080172 -0.4298763333408428 0.52542847473095 -0.79450537036186197 0.36521623457838687 0.30909602655580187 -0.82298386589365657 -0.35460488704253573 1.5159379753898181 11.112010374266022 -23.157600016522462 -0.88545602565320969 -19.905944047523722 24.301560733309959 0.85743085555170595 -0.46472317204376817 -0.58743244627487456 -5.4324104112298235 -31.741205063647985 -8.8385258504790496 -3.4437601434616805 -5.039442712515334 -24.676355785345596 -0.88545602565320969 4.4751029713201484 -0.79644129409563635 0.81773537194966905 0.83428993469774138 0.93085292505862427 0.74851074817110097 -0.12053668025532321 9.821778554410491 -20.187501122676377 -9.507863682132415 0.98236589408923247 0.88755655832397862 0.66905282987950276 -0.93085292505862405 0.98236589408923247
decision_type=2 2 2 2 2 2 2 2 2 2 2 2 2 2 2 2 2 2 2 2 2 2 2 2 2 2 2 2 2 2 2 2 2 2 2 2 2 2 2 2 2 2 2 2
left_child=1 38 -3 4 -2 -6 7 9 11 10 14 13 -8 17 -5 16 -11 -9 -14 21 26 22 23 -10 -22 -26 27 -21 -17 -30 32 36 34 37 -4 -35 -32 -34 40 -40 41 42 -1 -42
right_child=3 2 30 6 5 -7 12 8 19 15 -12 -13 18 -15 -16 28 -18 -19 -20 20 24 -23 -24 -25 25 -27 -28 -29 29 -31 31 -33 33 35 -36 -37 -38 -39 39 -41 43 -43 -44 -45
leaf_value=-0.0027174727174070945 0.00032073095875425115 0.023625575944023737 0.0097279759815104127 -0.00023626089457113466 -0.002469899730566483 -0.012142855217634214 0.0061942130875995384 -0.019595570997788157 -0.023922265313203718 0.021306049258550203 -0.012754673135678253 -0.022149870862866156 0.00054904066071806846 -0.016494691915233634 0.014015829813293322 0.0050556184932869204 -0.020162590595191154 0.0026388710980492368 -0.0059574749552149808 0.026509795356374662 -0.011036601191828595 -0.006305746094790979 -0.0071200912886404582 0.0022416686010970359 0.030854024268073321 -0.0037752453612324359 0.020942219587935098 0.0038216110040479689 0.018150280089600661 -0.01045930795415005 0.0014653375832078808 0.010600374116562889 0.010842834328582851 0.0098028700107935119 -0.0088648655629858675 -0.0011403804201077349 -0.029175673559827277 -0.015102514213168525 -0.00027031627882774062 -0.024927752246693524 0.0072516920616194375 -0.0043294129650013969 0.0054350621703570523 0.00089359389963225241
leaf_weight=146351.83500529826 629844.10862857103 31802.962888389826 97240.650245293975 1514332.4378966168 1390540.7985819504 44111.77387784794 170904.22348827124 9647.1589228734374 5999.2761702761054 4980.2301441431046 88500.306872673333 51981.539915073663 5520684.5137118548 36544.127342090011 23035.508574403822 158632.39878430218 12663.647302284837 43865.04304728657 93879.47404191643 8009.4467784017324 50109.270877897739 185753.06929125637 69654.597152210772 222231.67273013294 5317.9986119270325 21290.134477242827 17394.271681889892 93615.586374714971 61903.200687848032 12822.300471648574 16658.238696947694 122046.04881241918 6039.7550310045481 42072.237692549825 15348.577119275928 106840.36626592278 4630.0988271832466 30927.162694782019 108499.92643730342 17586.445135429502 203436.01047340035 182296.29414349794 198341.5682682991 140075.47231146693
leaf_count=491783 2938316 61882 229569 4860095 6428207 229978 495160 30112 16837 12255 311073 224799 15100713 158763 63106 467007 32955 141622 301042 19115 135447 565689 239487 644697 11421 63625 57699 257057 159179 46823 40380 279134 12947 99364 38728 272561 10129 80410 306140 49919 512298 516460 545141 359526
internal_value=0.000101747 0.00248748 0.00556013 -0.000230772 -0.0018252 -0.00276732 0.000157229 -0.000814045 -0.00325661 0.000254947 -0.000715746 -0.012866 0.000610221 -0.00750721 -2.27114e-05 0.00654262 -0.00845749 -0.00136955 0.000440247 -0.00124757 0.00237582 -0.00271402 -0.000474322 0.00155392 -0.00611765 0.00314589 0.00785054 0.00560975 0.00767676 0.0132411 0.0042597 0.00825383 0.00234159 -0.00059716 0.00719333 0.00195141 -0.00519892 -0.0108635 0.00102727 -0.00370952 0.00171336 -0.000206729 0.00197361 0.00465902
internal_weight=1.20184e+07 1.47019e+06 473606 1.05482e+07 2.0645e+06 1.43465e+06 8.48375e+06 2.69828e+06 821413 1.87687e+06 1.62587e+06 142038 5.78547e+06 90056.3 1.53737e+06 251002 17643.9 53512.2 5.61456e+06 679375 195737 483639 297886 228231 76717.4 26608.1 119019 101625 233358 74725.5 441803 143334 298469 185880 112589 148913 21288.3 36966.9 996588 126086 870501 526990 344693 343511
internal_count=37918650 3906371 1125104 34012279 9596501 6658185 24415778 8518863 2566370 5952493 5234274 555296 15896915 330497 4923201 718219 45210 171734 15401755 2011074 544364 1466710 901021 661534 210493 75046 333871 276172 673009 206002 1063222 329643 733579 465282 268297 371925 50509 93357 2781267 356059 2425208 1553384 1036924 871824
is_linear=0
shrinkage=0.05


Tree=149
num_leaves=45
num_cat=0
split_feature=1 3 4 0 2 3 1 0 4 0 0 4 4 0 1 0 3 0 0 0 0 0 3 3 1 1 4 1 0 3 4 1 0 1 0 4 3 4 3 2 3 4 0 1
split_gain=7905.93 5800.95 3757.51 3346.19 3245.65 3555.15 3412.76 3041.03 2625.08 2516.65 2443.27 2374.48 1814.24 1664.06 1537.8 1527.78 1643.49 1514.02 2556.63 3499.69 1834.05 1807.36 1527.43 1483.64 1379.07 12122.7 2791.57 1706.9 1509.46 1509 2660.75 1908.44 1455.65 2439.74 1968.86 3342.41 3334.94 1518.54 1640.47 1306.15 1664.03 1305.99 1288.58 1541.43
threshold=-0.73300900260771595 3.2509951980101808 24.301560733309959 -0.2393156642875576 3.5000000000000004 -3.2732567938551465 0.47375768738725649 0.83428993469774138 -0.45260319576361135 0.26568621746226689 0.48662714534649493 11.119822744278741 3.1197391685492737 0.58743244627487468 0.97148236575323155 -0.94117129826980295 -17.932038940727381 0.088756899407539988 -0.2393156642875576 -0.2058881604517783 -0.12053668025532321 0.12053668025532308 -5.5439543941670939 -9.154468994268905 0.57552211292281397 0.62305106867763382 -1.8398173844038366 0.56806474673115548 -0.99780533956200557 -12.897606905282311 -23.897402398588302 0.47375768738725649 0.67983684365189634 0.66905282987950276 0.65797238821565851 3.5863808503381454 -0.55864259457566579 4.6853031717221265 3.1036261744090834 5.5000000000000009 -2.3514819406366949 -29.514157209511922 0.58743244627487468 0.82619477567192912
decision_type=2 2 2 2 2 2 2 2 2 2 2 2 2 2 2 2 2 2 2 2 2 2 2 2 2 2 2 2 2 2 2 2 2 2 2 2 2 2 2 2 2 2 2 2
left_child=1 8 4 12 5 15 -7 14 13 17 -11 -12 -3 -1 -8 -2 -17 18 22 -20 -21 -19 -10 -13 27 26 -26 28 -6 31 -31 -30 34 37 42 36 -36 -34 -39 -35 -41 -33 43 -27
right_child=2 3 -4 -5 24 6 7 -9 9 10 11 23 -14 -15 -16 16 -18 21 19 20 -22 -23 -24 -25 25 32 -28 -29 29 30 -32 41 33 39 35 -37 -38 38 -40 40 -42 -43 -44 -45
leaf_value=0.0039464116660197198 0.0018088205519955403 -0.0005380587907662653 0.0083774928528457127 -0.005824131226641765 0.005022528721117428 -0.0020167350485995831 0.0025331549353701812 0.02407212547457753 0.011655758085300783 0.0037275767815747179 -0.0065353463722687384 0.038443233260201388 -0.019733765761983404 -0.015240218926578637 -0.0019431676267976945 -0.012149808990008081 -0.0036238780800581546 -0.015830323660649067 0.01283142184694468 -0.01636249736758635 -0.00087510764471144869 -0.0045675330349822076 -0.0083339962555334466 0.0031274053158579147 0.010615762316426851 0.0033553462538117051 0.025664105342451473 -0.0053720398461268512 -0.0025222431617967795 0.014825603142324879 0.00036106499150949351 -0.0017680050827422336 -0.0049637817099728474 -0.0043648092900006588 0.006919195562999185 0.00023386402981008124 0.030863734003573534 0.013972096203698853 -0.0020916418493007421 0.0062193510420913214 -0.027663155168742837 -0.029837533410296005 -0.0071639746433920853 0.0005010967367312972
leaf_weight=250364.64645929635 119348.44679989666 14770.649424493313 147260.45484726131 411410.85909041762 175852.18322147429 1010230.1196920425 956553.57827854156 15295.168014705181 10057.651069156826 240914.06985744089 169098.90352804214 3132.7624075040221 73861.388393674046 11835.095734886825 240005.66776716709 60845.2268371135 795652.2832063958 59301.666642434895 45261.494322292507 21603.80512906611 165990.1442348659 89195.39459849149 191683.6135365963 58655.348971188068 73977.051705643535 630814.4426356554 52825.117675408721 127914.10174104571 141921.21965830028 32128.570260763168 3045935.7906758711 6453.8258215859532 69815.987867042422 21559.101722694933 39362.833223044872 77834.921647399664 23061.098227888346 30921.368874162436 32702.006012111902 4454.8180623054504 19422.757453121245 11577.954594880342 46734.584862969816 1890990.8121887073
leaf_count=921052 552327 90263 363690 2167234 431200 4321017 2959723 39192 38500 901818 606806 7858 529316 40101 768151 344449 3607057 285860 209184 114581 753902 386024 972051 195200 189154 1516898 118714 319147 395455 79703 8255635 20039 179561 53900 94343 176561 48153 65934 77544 9451 44449 35903 107800 4523750
internal_value=-0.000106125 -0.00313767 0.000450231 -0.00772258 0.000330552 -0.000975374 0.000129405 0.00191848 -0.00139698 -0.00250985 0.000205125 -0.0034703 -0.0165348 0.00308037 0.00163529 -0.00349105 -0.00422956 -0.00470664 -0.00321733 0.000352227 -0.00265868 -0.00906528 -0.00733742 0.00491798 0.00096754 0.00175357 0.0168848 0.000298534 0.000511004 0.000265989 0.000512045 -0.00446899 0.00108914 -0.0032794 0.00137761 0.00714617 0.015765 0.000128029 0.00571544 -0.0132864 -0.0213417 -0.0197911 0.00106261 0.00121507
internal_weight=1.17186e+07 1.81714e+06 9.90145e+06 500043 9.75419e+06 3.19793e+06 2.22208e+06 1.21185e+06 1.31709e+06 1.05489e+06 471801 230887 88632 262200 1.19656e+06 975846 856498 583094 434597 232855 187594 148497 201741 61788.1 6.55626e+06 3.01448e+06 126802 3.54178e+06 3.41387e+06 3.23802e+06 3.07806e+06 159953 2.88767e+06 178876 2.7088e+06 140259 62423.9 133439 63623.4 45436.7 23877.6 18031.8 2.56854e+06 2.52181e+06
internal_count=37918650 8219750 29698900 2786813 29335210 12591916 8088083 3767066 5432937 4471784 1711682 809864 619579 961153 3727874 4503833 3951506 2760102 2088218 1077667 868483 671884 1010551 203058 16743294 7206212 307868 9537082 9217935 8786735 8335338 451397 6898344 430839 6467505 319057 142496 323039 143478 107800 53900 55942 6148448 6040648
is_linear=0
shrinkage=0.05


Tree=150
num_leaves=45
num_cat=0
split_feature=2 2 3 4 4 4 3 0 4 3 3 0 3 3 1 1 4 1 1 0 3 0 0 3 3 0 4 0 4 1 1 4 3 0 4 0 0 1 3 1 1 0 1 1
split_gain=12202.7 3494.7 1497.16 1296.8 1237.43 1207.73 988.666 983.374 1326.79 1153.22 852.071 739.376 720.545 719.464 608.607 850.807 640.862 575.27 789.12 1376.74 1291.49 630.202 619.062 570.761 567.781 592.264 1013.52 503.883 502.726 499.084 498.993 654.746 1491.81 995.98 620.373 912.067 877.227 540.649 511.418 484.29 532.47 481.08 474.527 465.567
threshold=5.5000000000000009 2.5000000000000004 -2.3514819406366949 -5.1715951788574008 10.294858253895521 5.7701267242643555 2.1196444671600898 0.48662714534649493 -8.3412114006233526 -0.27742446360318235 7.1897771933336623 0.46472317204376884 6.9488885271336267 -5.8910964392918279 1.0000000180025095e-35 0.93621795190976798 -25.59589182109082 0.82619477567192912 0.12053668025532312 -0.94117129826980295 2.8906104447304846 -0.97474915486277791 -0.58743244627487456 -0.90510686734943835 11.391058577170126 -0.79450537036186197 -6.4105978126149834 -0.82298386589365657 -2.4372526026592918 0.12053668025532312 0.66905282987950276 1.3981704685690206 -2.1944148255439688 0.67983684365189634 10.294858253895521 0.5633557562674042 0.58743244627487468 0.25145141517831299 3.1767276246678411 0.71174687484465571 0.91233666684008119 -0.99087453071010889 0.91233666684008119 -0.88545602565320969
decision_type=2 2 2 2 2 2 2 2 2 2 2 2 2 2 2 2 2 2 2 2 2 2 2 2 2 2 2 2 2 2 2 2 2 2 2 2 2 2 2 2 2 2 2 2
left_child=1 24 5 -4 12 -2 -6 8 9 14 13 -12 39 -10 -3 42 -17 18 23 20 21 41 -21 -15 25 26 27 -1 -26 -28 31 33 37 -9 35 -34 -37 -33 -36 -5 -41 -20 -16 -30
right_child=2 7 3 4 6 -7 -8 30 10 -11 11 -13 -14 17 15 16 -18 -19 19 22 -22 -23 -24 -25 28 -27 29 -29 43 -31 -32 32 34 -35 38 36 -38 -39 -40 40 -42 -43 -44 -45
leaf_value=0.0015469560876409634 -0.0034783340591496288 -0.0028877675400231957 -0.0043251535479424076 0.00067453720409258334 -0.007686983071915939 -0.0088957363235576854 -0.0021640028296979687 -0.0086270673313110224 -0.0011664976805581485 -0.0037498982718534735 -0.0011584849872237621 0.011732002217726523 -0.0032550184010375171 0.00046880763537034522 0.0012648780805639415 -0.0089885802078749476 -0.00088042855729396981 0.00038909952292988728 0.015839747681056959 0.0021756488458429366 0.001396184691744436 0.024798462238088837 0.015398025872535737 0.0028830085750931682 -0.0069793030327673575 0.0021554504533379173 0.0046272018209802188 0.0094817443753593723 -0.0087433532945456055 0.0091921638425679457 -0.002911326838629635 -0.0030205490544168213 -0.011561354415091723 0.0023214594716870459 -0.0039885278938028663 0.011813714574307996 0.0013402944983806073 -0.0083346620180845925 -0.0003369737690603471 -0.0056141301159091505 0.00013260117607829275 -0.00040162702410072038 0.0062391116178896096 0.0013079858410590837
leaf_weight=304349.09978553653 1052838.9362473637 142014.9828138575 406752.47309691459 866411.04096131772 99602.099665790796 114020.67276477814 434547.3173232004 22296.34035846591 177949.30709975213 237528.20228563249 360397.20027036965 11478.438777476549 176622.04407054931 360103.6565335542 521333.42392514646 27287.828502207994 227937.87975267321 356618.40265604854 19328.614284902811 151448.7290661931 20097.274358049035 15553.165203660727 9401.8179264217615 764729.03522080183 23533.759699068964 2365689.9355774671 168614.60074687004 21415.64464636147 12229.452047124505 92841.756247296929 230240.21243684739 179476.57509285957 12954.15750439465 303840.93212880194 121436.87228375673 21193.33421292901 352954.13044200838 65267.74750097096 455746.95768565685 69410.514599256217 96137.010500498116 5967.0011099278927 52801.642973937094 198749.50155121833
leaf_count=1049091 3489142 424024 1371251 2721880 308187 371894 1404943 64685 534851 731322 1109453 40073 578696 1108796 1610159 79440 695942 1104537 68469 477464 64024 58612 32693 2470487 72322 7908550 705924 76160 41009 361931 716100 538610 34999 952785 361955 71472 1093886 192625 1424483 235384 333273 18382 170522 638163
internal_value=2.93131e-06 0.00101529 -0.00256581 -0.00178307 -0.00118975 -0.0040077 -0.00319387 0.000219627 0.000709347 -0.000626945 0.00142635 -0.000760603 -0.000304004 0.00185866 0.000136703 0.000654597 -0.00174732 0.00217472 0.00264759 0.00537333 0.011773 0.0168783 0.00294851 0.00211013 0.00232019 0.00250825 0.00392953 0.00206859 -4.78188e-05 0.0062482 -0.000740717 -0.000415175 -0.000951478 0.00157296 -6.66423e-05 0.00148195 0.00193355 -0.0044377 -0.00110524 0.000201069 -0.00227688 0.0120086 0.00172234 0.000725357
internal_weight=1.17311e+07 8.41481e+06 3.31634e+06 2.14948e+06 1.74273e+06 1.16686e+06 534149 5.22738e+06 3.46198e+06 1.2089e+06 2.25307e+06 371876 1.20858e+06 1.8812e+06 971376 829361 255226 1.70325e+06 1.34663e+06 221797 60946.1 40848.8 160851 1.12483e+06 3.18742e+06 2.95291e+06 587221 325765 234513 261456 1.76541e+06 1.53517e+06 1.20903e+06 326137 964285 387102 374147 244744 577184 1.03196e+06 165548 25295.6 574135 210979
internal_count=37918650 27104000 10814650 6953614 5582363 3861036 1713130 16250850 10799250 3711409 7087841 1149526 3869233 5938315 2980087 2556063 775382 5403464 4298927 719644 209487 145463 510157 3579283 10853150 10101656 2193106 1125251 751494 1067855 5451600 4735500 3718030 1017470 2986795 1200357 1165358 731235 1786438 3290537 568657 86851 1780681 679172
is_linear=0
shrinkage=0.05


Tree=151
num_leaves=45
num_cat=0
split_feature=3 2 1 3 4 0 1 1 1 1 0 3 4 0 1 1 0 1 4 3 0 4 0 1 1 1 0 4 4 4 1 1 0 2 4 1 4 3 3 4 1 0 0 3
split_gain=3569.53 2355.54 1948.43 2079.99 1681.73 1528.96 3558.64 2396.03 1588.49 2305.36 5668.34 1825.16 2327.53 1383.82 1308.77 2504.77 4646.77 1840.06 1809.63 1668.6 1505.05 1462.62 1424.5 2789.53 1391.46 1499.84 1387.04 1377.24 1305.6 1292.86 1322.57 1576.19 4578.45 1736.53 1538.63 1477.69 1645.06 1623.65 1555.13 1467.53 1203.09 1823.53 1190.12 1168.43
threshold=-16.447419376070052 3.5000000000000004 -0.73300900260771595 -2.7600588162966058 5.0440236147195394 0.088756899407539988 0.99284498505578556 -0.96367140085128711 -0.86104361176735533 -0.77168259479222712 0.58743244627487468 -1.7302547552419723 7.7023350478439037 -0.99087453071010889 0.23931566428755774 0.75301099516636072 0.58743244627487468 0.14764656400248086 19.938981218868943 13.415603585259364 -0.56335575626740397 12.025151732854502 0.96778869966720549 0.36521623457838687 0.74851074817110097 0.66905282987950276 0.67983684365189634 -8.3412114006233526 -9.507863682132415 -31.741205063647985 0.93621795190976798 0.88755655832397862 0.37886415816525426 5.5000000000000009 -22.525683794610739 0.97148236575323155 -7.8766203409222824 -2.3514819406366949 10.398170024728001 6.9149937721793266 0.14764656400248086 0.93085292505862427 0.93085292505862427 13.853747309474672
decision_type=2 2 2 2 2 2 2 2 2 2 2 2 2 2 2 2 2 2 2 2 2 2 2 2 2 2 2 2 2 2 2 2 2 2 2 2 2 2 2 2 2 2 2 2
left_child=13 2 -2 4 -4 -3 7 -7 -9 10 43 -12 -13 -1 17 19 20 18 -5 21 -17 24 23 -23 25 -16 -27 -19 -8 -11 31 34 33 -33 -31 -32 37 -37 -38 -34 -6 -42 -36 -10
right_child=1 5 3 14 40 6 28 8 9 29 11 12 -14 -15 15 16 -18 27 -20 -21 -22 22 -24 -25 -26 26 -28 -29 -30 30 35 32 39 -35 42 36 38 -39 -40 -41 41 -43 -44 -45
leaf_value=-0.0091723914343089276 0.0010649832319812964 -0.00029865420759240543 -0.00064243961731381277 -0.00099231285332136623 0.0010689156241591006 0.0054194348617465577 0.037576622038245563 -0.0026291150407725412 0.0015667340852724997 0.025379671215531741 0.034515432872868311 -0.012387306807649549 0.020685151904055489 0.0052540315236903621 -0.0078492397401756769 -0.01177620341597465 0.032050417635444244 0.031046551112506367 -0.01074093325229691 -0.016714929052012408 -0.0015889716459494847 0.018079218578859954 -0.016010603559134008 -0.0031849801100708262 -0.018188749639244533 -0.0031074445559478754 0.016906174213011774 0.0053239895319892342 0.012197682013563043 0.020137888341976929 -0.0052201580529172738 -0.0060512522525023316 0.026293272620026245 0.0065996637995956418 -0.00021918561898750358 0.001813081119848116 -0.0047280218385792536 0.017659972576112817 0.016820085829379008 -0.0082904805764262863 0.0021751155731763038 0.022231128912738266 0.0018972494146985654 -0.028921372907665388
leaf_weight=17346.945532113314 820149.96165893972 3748929.0475951098 1097201.6397760957 645465.86022651941 53019.84482999146 283994.58422976732 7746.8817050307989 335076.356186077 115523.58830566704 5290.6972388327122 16356.925557881594 6631.9796700775623 26889.099479585886 398169.25113973022 257381.40025427938 39002.885144390166 10019.614264644682 6477.454683214426 51394.411183223128 37868.822228327394 514774.58254211396 20471.043378449976 12557.504715546966 62546.584369271994 27125.024298630655 34007.803472749889 11613.607557058334 26465.372214339674 14652.54182331264 10183.302728027105 191657.41996969283 46718.775435104966 29015.593469873071 64678.936862885952 1587647.4195598364 52366.146395429969 98956.91622543335 23380.760091036558 9147.1083228886127 3430.1135996729136 22758.5358787328 22576.038536533713 1142029.6453987807 3230.4156318902969
leaf_count=57939 3469024 10814377 3991291 2971790 162223 724971 15375 945299 294082 10956 29341 16717 59905 981812 1285158 201761 32614 25647 233317 220607 2161264 71060 54872 273377 115228 169543 43565 131255 34624 22168 487041 137409 67699 153334 4060621 133614 271278 59466 26059 9237 67490 55731 2758874 9635
internal_value=9.83461e-05 -6.48092e-05 -0.00109098 -0.00168982 -8.09822e-05 0.000430057 0.00110052 0.000990664 0.000656886 0.000977602 0.00667836 0.0208232 0.0141419 0.00465176 -0.00278445 -0.00393454 -0.00169589 -0.00116542 -0.00171129 -0.0066572 -0.00230646 -0.00576251 -0.000315588 0.00205849 -0.00733944 -0.0063682 0.00198732 0.0103817 0.020975 0.000683121 0.000643031 0.00100649 0.00610824 0.00129403 0.000738649 -0.00214815 0.00105429 0.00670453 -0.00290475 0.0226371 0.00618241 0.0121628 0.000666279 0.000737379
internal_weight=1.20119e+07 1.15964e+07 3.77288e+06 2.95273e+06 1.19556e+06 7.82353e+06 4.07461e+06 4.05221e+06 3.76821e+06 3.43313e+06 168632 49878 33521.1 415516 1.75717e+06 1.02737e+06 563797 729803 696860 463572 553777 425703 95575.1 83017.6 330128 303003 45621.4 32942.8 22399.4 3.2645e+06 3.25921e+06 2.8837e+06 143843 111398 2.73986e+06 375508 183851 75746.9 108104 32445.7 98354.4 45334.6 2.72968e+06 118754
internal_count=37918650 36878899 15736817 12267793 4276735 21142082 10327705 10277706 9552735 8607436 409680 105963 76622 1039751 7991058 4629049 2395639 3362009 3205107 2233410 2363025 2012803 399309 344437 1613494 1498266 213108 156902 49999 8197756 8186800 7209342 367679 290743 6841663 977458 490417 193080 297337 76936 285444 123221 6819495 303717
is_linear=0
shrinkage=0.05


Tree=152
num_leaves=45
num_cat=0
split_feature=1 3 4 1 1 4 0 0 3 3 2 4 0 0 0 0 4 2 1 1 4 0 1 4 1 1 0 0 1 3 4 4 0 4 0 4 0 4 1 0 0 1 4 1
split_gain=7270.42 5476.04 3555.21 3468.2 16120 3723.47 3278.9 2535.18 2843.73 2453.75 2603.99 2381.9 2265.85 2799.65 1905.63 2504.41 2096.03 1853.74 1778.27 4658.7 2798.78 2453.5 1831.07 1840.31 1942.39 4262.63 1924.72 4150.5 3077.3 1836.56 1662.83 1637.4 2279.73 4017.25 2388.89 2270.49 1933.16 1629.07 2342.66 1789.03 6055.4 2044.01 1942.36 1800.02
threshold=-0.73300900260771595 2.8906104447304846 17.976242361418649 0.57552211292281397 0.62305106867763382 -1.4861760645474715 -0.12053668025532321 -0.99087453071010889 -21.804925576132185 -1.8819319506537473 2.5000000000000004 -1.7227232922204718 -0.32012920303568732 -0.2058881604517783 0.26568621746226689 0.48662714534649493 10.294858253895521 3.5000000000000004 0.74851074817110097 0.82619477567192912 -8.6623966678336028 0.48662714534649493 0.85743085555170595 0.68479773376498809 0.95418073928008662 0.98236589408923247 0.20588816045177846 0.088756899407539988 0.97148236575323155 3.3218039775813186 -4.1486759917289886 -7.5692134568637988 0.65797238821565851 3.1197391685492737 0.58743244627487468 2.1841901042079397 -0.58743244627487456 -0.45260319576361135 0.97148236575323155 1.0000000180025095e-35 -2.8327694488239893e-16 0.99284498505578556 -20.858821381245885 0.93621795190976798
decision_type=2 2 2 2 2 2 2 2 2 2 2 2 2 2 2 2 2 2 2 2 2 2 2 2 2 2 2 2 2 2 2 2 2 2 2 2 2 2 2 2 2 2 2 2
left_child=1 11 3 7 5 -5 -3 -2 -9 10 30 -1 -13 -14 -15 -16 -17 -10 20 31 -11 22 29 26 -25 -26 27 -24 -28 -21 -6 -20 34 -34 35 36 -33 39 -39 40 -12 43 -42 -41
right_child=2 6 -4 4 9 -7 -8 8 17 18 37 12 13 14 15 16 -18 -19 19 21 -22 -23 23 24 25 -27 28 -29 -30 -31 -32 32 33 -35 -36 -37 -38 38 -40 41 42 -43 -44 -45
leaf_value=0.0039425609965452919 0.0023172269145884262 -0.014308642163186339 0.0045133927954152187 0.0092353616652044359 -0.0065579196901515762 0.02317938938087705 -0.0050881787168335808 -0.01701161263931987 -0.0025576275400296315 -0.0090233903130563422 0.00030310687982817086 -0.0068027182885192399 0.0088655324824517164 -0.0046675212723343981 0.0038368259834861834 -0.0066084822610821495 0.003814558919854659 -0.00031999962081338514 0.012006105737226842 0.001577513391331335 0.00093659422890531507 -0.010444463845027315 0.0019698514006105559 -0.0059053393053244427 0.0098589176752124572 -0.0041255101078005816 0.0074957291286323049 -0.0093912106670118872 -0.0077003622396973753 0.016203202968703985 0.0035480122477401263 0.012054090893212355 0.024203511989060903 0.0049614235180238464 -0.014928986833172767 0.0094915905937803888 -0.0057371760518936023 0.0030312652628935984 0.024462866370730568 -0.0040318031079095082 0.064907010219506983 -0.011175546501056371 0.020007083494855495 0.0018691278391137864
leaf_weight=189487.3809517771 604083.05262840539 125876.28379469737 505643.55403328687 110639.82141621411 261355.59840041399 84393.52650000155 412014.87376285344 28048.042769923806 1363257.8168119565 94056.76488211751 824689.72368302941 209597.22068421543 66266.868911452591 340944.11916181445 238378.95414353907 160687.89891710132 68921.803066693246 2882937.0428341553 109637.92244262993 46330.995669722557 282015.50352180004 45977.279740124941 710881.658217296 178600.68424449861 86175.794282257557 148207.42363469303 248394.94505257905 90640.067801058292 38475.939389482141 39991.170224025846 48212.510333552957 19289.626416176558 35907.265906691551 110897.48352396488 20076.785500019789 79539.234692871571 73241.692122325301 93403.61627189815 14766.752554580569 303667.1555596292 2677.7135229334235 61158.712222471833 23973.855138704181 224979.7519332543
leaf_count=667882 1909583 879860 1300129 326094 1348692 201824 2136956 123954 5935321 254540 2154855 1018020 298713 1538795 879670 574228 225626 7878243 274352 128781 741893 116407 1840749 483582 229194 403698 637047 246551 103341 102765 202732 56015 84922 272293 48228 190569 193712 223303 33905 816906 6132 165900 56053 606635
internal_value=-0.000103833 -0.00301546 0.000429338 0.000209429 0.00120854 0.0152691 -0.00724593 -0.00071471 -0.00114322 0.000573345 -0.000797465 -0.00122972 -0.00213319 -0.00101491 -0.00182431 0.000247061 -0.0034798 -0.0010384 0.00160989 0.00218139 -0.00155443 0.00094209 0.00127183 0.000864677 -0.00197714 0.00101615 0.00194299 0.000685086 0.00545759 0.00835328 -0.00498401 0.00669467 0.00497663 0.00966788 0.0013924 0.00329674 -0.0020283 3.90458e-05 0.00595698 -0.000405145 0.00106117 -0.00252167 0.0245182 -0.0015205
internal_weight=1.17084e+07 1.81218e+06 9.89623e+06 9.39058e+06 4.51226e+06 195033 537891 4.87833e+06 4.27424e+06 4.31722e+06 1.85889e+06 1.27428e+06 1.0848e+06 875200 808933 467989 229610 4.24619e+06 2.45834e+06 2.08227e+06 376072 1.63368e+06 1.5877e+06 1.50138e+06 412984 234383 1.08839e+06 801522 286871 86322.2 309568 448590 338952 146805 192147 172071 92531.3 1.54932e+06 108170 1.44115e+06 851341 589806 26651.6 528647
internal_count=37918650 8219750 29698900 28398771 12551670 527918 3016816 15847101 13937518 12023752 5615113 5202934 4535052 3517032 3218319 1679524 799854 13813564 6408639 5412206 996433 4292115 4175708 3944162 1116474 632892 2827688 2087300 740388 231546 1551424 1120091 845739 357215 488524 440296 249727 4063689 257208 3806481 2217040 1589441 62185 1423541
is_linear=0
shrinkage=0.05


Tree=153
num_leaves=45
num_cat=0
split_feature=2 2 3 4 4 3 0 4 3 3 1 4 1 1 4 0 4 3 0 3 0 1 4 0 0 3 4 3 0 0 0 0 1 3 3 0 1 0 3 2 0 0 3 4
split_gain=11288.4 3178.55 1412.79 1024.32 1082.5 1203.07 900.538 1216.99 1073.86 838.142 819.052 800.452 592.477 806.468 584.846 578.822 658.78 658.385 652.566 642.156 557.106 531.24 572.857 779.332 1099.9 966.059 698.23 687.794 583.764 536.435 600.353 506.015 482.555 528.328 471.631 696.09 608.786 587.448 537.991 458.236 453.149 566.35 461.322 452.108
threshold=5.5000000000000009 2.5000000000000004 -3.81294381829106 -6.9894516850182482 10.294858253895521 1.6508925019344363 0.48662714534649493 -8.5027094594762698 -0.27742446360318235 13.853747309474672 0.56806474673115548 3.5863808503381454 1.0000000180025095e-35 0.93621795190976798 -25.59589182109082 -0.74317201360641438 -0.79644129409563635 -1.4243037205819673 -0.99780533956200557 3.4726968072262605 -0.58743244627487456 0.47375768738725649 9.6746708834979085 1.0000000180025095e-35 0.67983684365189634 6.0023226145337825 -18.294771863470103 2.4640361104050972 0.99437935835663549 0.35460488704253579 -0.99780533956200557 -0.12053668025532321 0.95418073928008662 0.516937748073378 -1.1264310787250549 -0.2058881604517783 -0.96367140085128711 -0.2058881604517783 -10.096529937029212 4.5000000000000009 -0.86066547284873141 -0.79450537036186197 -15.849766964683171 -14.954000173884884
decision_type=2 2 2 2 2 2 2 2 2 2 2 2 2 2 2 2 2 2 2 2 2 2 2 2 2 2 2 2 2 2 2 2 2 2 2 2 2 2 2 2 2 2 2 2
left_child=1 21 11 32 10 31 7 8 12 15 -5 -2 -3 -14 -15 18 20 -18 19 -9 -17 22 26 25 -25 -24 -1 28 -26 30 -28 -6 33 -4 36 -36 37 -22 -38 -8 -23 42 -42 -35
right_child=2 6 3 4 5 -7 39 9 -10 -11 -12 -13 13 14 -16 16 17 -19 -20 -21 34 40 23 24 27 -27 29 -29 -30 -31 -32 -33 -34 43 35 -37 38 -39 -40 -41 41 -43 -44 -45
leaf_value=-0.0021089864428148323 -0.003588239251839757 -0.0029074675890248024 -0.003212829606603078 5.7306742506413826e-05 0.0088406638409063154 -0.0021663821955231082 -0.00013727887841482982 0.00086723963542792513 -0.0036760195823718565 -0.0047718356612126457 -0.0026158833279698672 -0.0081095499814137183 0.0016761709681335686 -0.0086538607571227198 -0.00088324642944366928 -0.0046914318134599906 -0.00079029287564957222 0.0023389929138199002 0.0031754428840334854 -0.010500319931920941 -0.023292240579767039 -0.0042232629897281486 0.0031545933061239602 0.0055800748657148123 -0.0055722115979680515 -0.0099090805246311205 -0.00084397835774591774 0.0016325263088205395 0.0079513281649757819 0.002286455732051748 0.0047183003019357385 -0.0089907279968876493 -0.00065385758388650044 -0.012908694747856084 0.0014009913491806014 -0.0040339309935480119 -0.0059805025749906345 -0.0019478460395098486 0.0041455165851724757 -0.0018529975331841152 0.01795567716970321 0.0013184957593324513 0.0045061807826657337 -0.0058909491645397953
leaf_weight=57288.433536037803 806263.48349189758 137768.82245518267 171679.35676439106 1064752.5191068351 4152.0661280453205 448845.97841275483 1184484.6604197249 47486.867846280336 230072.27108797431 54292.793707862496 392052.90036530793 111419.76427868009 570479.23386260122 27134.591862283647 224987.81086321175 69495.470929376781 212326.38471397758 806689.18217651546 643670.07250061631 16825.464816838503 3747.6751457899809 34404.807512745261 25333.589899137616 149141.99909713864 63839.852057397366 32062.713427975774 51926.435756787658 251384.51799720526 9119.856816381216 521887.28489844501 737563.79301702976 95245.141776248813 77482.876305110753 29056.095586076379 116780.19934561849 118894.92383761704 14439.01452691108 23052.340654149652 143273.62132749707 579597.33460646123 7000.3855498582125 1174414.034430109 71456.182325348258 109213.89712563157
leaf_count=191876 2686243 411372 575368 3327122 13475 1451863 3634400 147557 709631 165704 1353605 368651 1768567 79440 687124 205374 643956 2561790 2071906 47919 9224 107800 97158 575428 187761 99982 189877 801401 29706 1712068 2879193 296643 271895 97940 368004 356992 42242 68985 453463 1817200 25508 3711400 243992 371845
internal_value=4.16476e-06 0.000977456 -0.00246932 -0.00182958 -0.0013748 -0.0032686 0.000218457 0.000687043 -0.000607863 0.00136583 -0.000662097 -0.00413719 0.000127163 0.000635401 -0.00171956 0.00151616 0.000962682 0.00168696 0.00269561 -0.00210675 -0.000544521 0.002222 0.00275343 0.00135926 0.00202625 -0.00414303 0.00329421 0.000392107 -0.00388179 0.00353025 0.00435246 -0.00824587 -0.00418316 -0.00506543 0.000141343 -0.00134085 0.00203453 -0.00493262 0.00321845 -0.000700986 0.0014378 0.00159326 0.00570623 -0.00736566
internal_weight=1.17225e+07 8.41232e+06 3.31016e+06 2.39248e+06 2.00505e+06 548243 5.2255e+06 3.46142e+06 1.19044e+06 2.27097e+06 1.45681e+06 917683 960370 822602 252122 2.21668e+06 1.5087e+06 1.01902e+06 707982 64312.3 489683 3.18682e+06 1.89955e+06 530883 473486 57396.3 1.36867e+06 324344 72959.7 1.31138e+06 789490 99397.2 387432 309949 420188 235675 184513 26800 157713 1.76408e+06 1.28728e+06 1.25287e+06 78456.6 138270
internal_count=37918650 27104000 10814650 7759756 6442708 1761981 16250850 10799250 3656134 7143116 4680727 3054894 2946503 2535131 766564 6977412 4710030 3205746 2267382 195476 1504284 10853150 6764450 1791436 1594296 197140 4973014 1018868 217467 4781138 3069070 310118 1317048 1045153 1298910 724996 573914 78209 495705 5451600 4088700 3980900 269500 469785
is_linear=0
shrinkage=0.05


Tree=154
num_leaves=45
num_cat=0
split_feature=3 0 0 1 1 0 1 0 0 0 0 0 1 4 0 2 3 0 0 0 0 4 0 0 4 0 1 0 2 4 3 4 4 4 3 0 1 0 1 0 0 1 0 4
split_gain=3370.56 2925.51 9066.83 3347.22 7863.16 2848.45 2771.57 6320.97 4875.54 8369.62 2933.74 2239.07 2142.54 2125.39 2174.15 2437.13 2075.41 2011.71 5694.34 1927.91 5200 4820.79 3360.27 8375.84 4266.25 2559.77 7486.1 3001.56 2190.07 2135.33 2100.36 2095 1868.02 1780.32 1972.49 4294.88 2129.26 2633.07 1968.49 1964.45 2081.04 1917.96 2665.61 1800.13
threshold=-6.6132934035867406 -0.2393156642875576 -0.2058881604517783 0.95418073928008662 0.93621795190976798 -0.35460488704253573 0.23931566428755774 -0.93085292505862405 -0.86066547284873141 -0.79450537036186197 -0.82298386589365657 -0.99087453071010889 0.12053668025532312 -4.2687999025978298 -0.97474915486277791 5.5000000000000009 1.1815098353317028 0.58743244627487468 0.65797238821565851 0.94117129826980317 0.93085292505862427 4.9227692739331141 0.65797238821565851 0.58743244627487468 -14.954000173884884 0.37886415816525426 0.88755655832397862 0.20588816045177846 3.5000000000000004 -7.2800844019949276 12.274346522968793 0.92932852859705062 -1.4861760645474715 28.833030140098895 5.6196416414781885 0.37886415816525426 -1.7225464241988328e-16 0.99437935835663549 -0.98846972602282535 -0.58743244627487456 -0.88545602565320969 1.0000000180025095e-35 0.99437935835663549 15.557166199379305
decision_type=2 2 2 2 2 2 2 2 2 2 2 2 2 2 2 2 2 2 2 2 2 2 2 2 2 2 2 2 2 2 2 2 2 2 2 2 2 2 2 2 2 2 2 2
left_child=1 3 -3 4 5 -1 11 -8 -9 10 16 32 13 -13 15 -15 -10 -4 -19 20 22 -22 23 25 -24 27 -27 29 -26 -11 -23 -21 -2 34 -16 38 37 -37 -36 40 -40 43 -43 -38
right_child=6 2 17 -5 -6 -7 7 8 9 19 -12 12 -14 14 33 -17 -18 18 -20 31 21 30 24 -25 28 26 -28 -29 -30 -31 -32 -33 -34 -35 35 36 41 -39 39 -41 -42 42 -44 -45
leaf_value=-0.00022114891783387537 -0.0014476060551432898 0.022700121870480029 0.00023104634908384109 -0.012735497413715564 0.022432418094355405 -0.024070343983342242 -0.012244937356155651 0.0057098368545837157 -0.00015429688203474898 0.0012958513066975898 -0.021884422336743301 -0.0037273969969382746 0.0063061485489449747 -0.00039444177434516041 0.00014082447050783707 0.038633593924339744 -0.014849769385139752 0.019567681726479966 0.0028583204948545169 0.0079519694075868546 -0.0043673977621494896 0.017057406139829284 0.028616463251026254 0.02150746416135179 -0.0084181664359210661 0.00064885466880354665 0.022925667857153664 -0.0052277654978530918 -0.0025520298838336707 -0.0022815513065489817 -0.01676082176740885 -0.0076715910037291838 -0.0098872922381456323 -0.011509953252178262 0.00049606526843308735 -0.00037974014818295906 0.0074110666147415363 -0.018974703334198668 0.013413954791555084 0.011288497086966448 -0.00056775902211593683 0.0055839352618457863 -0.020531163632229302 0.027264342228826333
leaf_weight=1011209.2479239926 314848.16178844124 56721.542927160859 644473.36915418506 51471.564498081803 38738.598540887237 12676.842907935381 128525.64114921913 254941.60098077357 47673.070095770061 909230.79764576256 56914.506602380425 279592.10258708894 164480.04301246256 7981.5638532564044 3217578.8967741206 8018.716511875391 48435.9338831231 54546.064986810088 781539.78204400837 24486.68004475534 46646.580034516752 88760.237290732563 9847.1716253533959 43673.533959887922 239466.84813284874 313682.06978804618 42866.581667125225 387375.77986341715 474141.71154905856 770706.80538309366 4841.7088339477777 173407.7502810061 82809.022526733577 29652.221210420132 106969.95595704019 603241.72536498308 40210.017861589789 19657.983464822173 37356.06853595376 208208.75285039842 92544.169198848307 47032.95432369411 12333.69805431366 15945.528886049986
leaf_count=3090216 1141784 126627 1714524 149826 88260 46708 535334 864930 171873 2830264 289926 981447 564353 35712 10363756 17202 238307 112455 1927483 72921 127432 234339 24405 111483 1014647 936365 122210 1209536 1370295 2665809 20344 545186 392678 104403 331622 1866379 118896 62950 144197 611344 306204 145435 41159 47424
internal_value=9.4371e-05 0.00166798 0.00308188 -0.000282991 0.000320185 -0.000516428 -0.000351662 -0.00133326 -0.00097705 -0.00144003 -0.012888 0.000402964 0.000696326 0.000501099 0.000766969 0.0191649 -0.00756036 0.00233029 0.00394844 -0.000943648 -0.000658813 0.00876404 -0.00107296 -0.000194406 -0.0040695 -0.000585433 0.00332712 -0.00126023 -0.00452054 -0.000345358 0.0153081 -0.00573839 -0.00320511 0.000700531 0.000782799 0.00252813 0.000189685 -0.000966575 0.0064078 0.00827814 0.00345303 0.00642428 0.000158402 0.0130485
internal_weight=1.20055e+07 2.65138e+06 1.53728e+06 1.1141e+06 1.06262e+06 1.02389e+06 9.35409e+06 4.06563e+06 3.9371e+06 3.68216e+06 153024 5.28846e+06 4.8908e+06 4.72632e+06 4.44673e+06 16000.3 96109 1.48056e+06 836086 3.52913e+06 3.33124e+06 140249 3.19099e+06 2.46754e+06 723456 2.42386e+06 356549 2.06731e+06 713609 1.67994e+06 93601.9 197894 397657 4.43073e+06 4.40108e+06 1.1835e+06 738422 622900 445079 338109 129900 115522 59366.7 56155.5
internal_count=37918650 7256099 3881089 3375010 3225184 3136924 30662551 13385606 12850272 11985342 700106 17276945 15742483 15178130 14196683 52914 410180 3754462 2039938 11285236 10667129 382115 10285014 7875667 2409347 7764184 1058575 6705609 2384942 5496073 254683 618107 1534462 14143769 14039366 3675610 2282243 1929329 1393367 1061745 450401 352914 186594 166320
is_linear=0
shrinkage=0.05


Tree=155
num_leaves=45
num_cat=0
split_feature=1 3 3 2 2 1 4 0 1 0 3 4 4 0 0 0 0 0 0 0 4 4 4 1 0 1 0 0 0 4 2 2 4 4 1 1 1 0 0 1 1 1 0 4
split_gain=6760.64 3817.3 3738.67 3162.08 2945.25 2936.03 2918.48 2664.34 2244.31 3199.6 2026.1 1977.04 1615.04 2675.92 2125.79 1685.59 1533 4093.68 2507.24 5141.05 2287.5 2147.24 1992.03 1833.02 1753.41 2003.67 1719.74 2619.69 1862.23 1555.92 1495.45 1435.7 1375.02 1305.14 4552.56 2600.11 1813.53 1247.6 1222.42 1253.91 1180 3696.91 2238.99 2877.54
threshold=-0.55094406234797322 -0.69763357047092522 3.702525320014566 2.5000000000000004 2.5000000000000004 -0.59907629515643335 -10.741113714457011 -0.32012920303568732 -0.2393156642875576 -0.96778869966720515 -11.720728959144244 19.938981218868943 -0.905903151831012 -0.2393156642875576 -0.58743244627487456 -0.79450537036186197 0.93085292505862427 0.88059548392442355 0.81773537194966905 0.76251730544457197 14.470060564302171 3.9486187187886661 11.119822744278741 0.4647231720437684 0.26568621746226689 0.66905282987950276 0.67983684365189634 0.65797238821565851 0.58743244627487468 -19.905944047523722 6.5000000000000009 5.5000000000000009 28.833030140098895 6.1534312029725067 0.30909602655580187 -0.12053668025532321 0.23931566428755774 -0.99780533956200557 -0.74317201360641438 -0.77168259479222712 1.0000000180025095e-35 -1.7225464241988328e-16 0.99437935835663549 10.613918788794527
decision_type=2 2 2 2 2 2 2 2 2 2 2 2 2 2 2 2 2 2 2 2 2 2 2 2 2 2 2 2 2 2 2 2 2 2 2 2 2 2 2 2 2 2 2 2
left_child=1 5 3 10 11 30 7 -4 9 -8 -2 -3 -6 14 15 -14 17 18 19 21 -20 26 -19 -24 -23 -26 27 28 -5 -28 -1 -30 37 35 36 -18 -35 -10 -17 -40 41 42 -39 -44
right_child=2 4 6 16 12 -7 8 -9 32 -11 -12 -13 13 -15 -16 38 33 22 20 -21 -22 24 23 -25 25 -27 29 -29 31 -31 -32 -33 -34 34 -36 -37 -38 40 39 -41 -42 -43 43 -45
leaf_value=-0.00020711743780240464 -0.0082578147146678531 -0.010511629560323296 0.01187208058163871 0.00035607987803474276 0.0054532543689022163 -0.0086466275274914312 -0.021166247189944448 -0.0026268497861190454 0.011349716093600446 -0.0011100058257313952 -0.0017673646062030522 0.0039046509918313843 -0.014288005367478387 -0.0021579668540745662 -0.012513698923748621 0.0060364577559463431 -0.0096375685905066566 0.0090908917593790061 -0.007162797516609593 0.023107447569482732 0.018812423936363329 0.015823179463412069 0.0046999821930699863 -0.01864724017068901 0.011557905164161802 -0.0016933256088426313 -0.03710067101651273 0.010543874371578221 -0.018345477611333916 -0.0050728843419890861 0.0049117545598710809 -0.00063500461197114064 0.011212028975322891 0.001163196865912006 -0.01392089828125617 -0.0011078282249652955 0.011398547533343207 0.00029346505284241135 0.0070507288057476431 -0.010040476460759139 0.0022722285881743936 -0.010402680701205841 -0.030944012547761648 0.019933869301904803
leaf_weight=770745.35755912215 136893.74718088657 224267.244256787 130002.41913767159 3635608.5793298259 53610.838040165603 91342.54809922725 21649.468891061842 41896.642209656537 34718.590921536088 244061.66676698625 988420.10370709002 26603.186728231609 27307.808296114206 906894.00506228209 127680.98811952025 43182.374387070537 122516.33645574003 199909.29214188457 153369.89309953153 25235.67840667069 8971.6611841917038 36325.290017031133 23714.843549802899 13023.883111432195 45790.594315096736 75665.118496410549 3956.5680185332894 62611.810577251017 23679.181882686913 91187.353416830301 175093.77568969131 22144.48175188899 40667.917850792408 226747.79956641793 45586.411484085023 329963.95048874617 53485.615286611021 245692.88880589604 14877.303877800703 38510.931275516748 2005578.4372327551 78866.130465313792 3096.5090955793858 27111.180536821485
leaf_count=2946103 838621 1836548 306600 9701158 184160 319160 119264 104724 107720 875516 4501204 142542 124500 3665467 701577 200818 375716 513620 420017 56851 19341 95334 56813 28702 101745 171121 10221 154200 64152 248595 456777 47346 96987 591668 112218 973595 131733 693675 89584 185914 5255029 215247 8848 67919
internal_value=-0.000101023 -0.00240657 0.000525639 -0.000153797 -0.00405163 -8.62165e-05 0.00202121 0.00833828 0.00161924 -0.00274414 -0.00255692 -0.00898288 -0.00303097 -0.0034236 -0.00798634 -0.00332001 0.000366306 0.000726524 0.000364711 0.000610592 -0.0057273 0.000468554 0.00712431 -0.00357661 0.00618515 0.00330258 0.000233616 0.000402311 0.000229829 -0.00640476 0.000740488 -0.00978682 0.00209524 -0.00167994 0.000732941 -0.00341739 0.00311673 0.00194044 -0.000218531 -0.0052778 0.00180204 -0.000856068 0.00187283 0.0147185
internal_weight=1.16983e+07 2.50012e+06 9.19815e+06 6.32481e+06 1.46293e+06 1.03718e+06 2.87334e+06 171899 2.70144e+06 265711 1.12531e+06 250870 1.21206e+06 1.15845e+06 251559 123878 5.19949e+06 4.42119e+06 4.18455e+06 4.0222e+06 162342 3.99697e+06 236648 36738.7 157781 121456 3.83919e+06 3.74404e+06 3.68143e+06 95143.9 945839 45823.7 2.43573e+06 778300 325820 452480 280233 2.39506e+06 96570.6 53388.2 2.36035e+06 354767 275901 30207.7
internal_count=37918650 10853150 27065500 19213971 7131110 3722040 7851529 411324 7440205 994780 5339825 1979090 5152020 4967860 1302393 600816 13874146 11689216 11090081 10650723 439358 10593872 599135 85515 368200 272866 10225672 9966856 9812656 258816 3402880 111498 6445425 2184930 835619 1349311 723401 6348438 476316 275498 6240718 985689 770442 76767
is_linear=0
shrinkage=0.05


Tree=156
num_leaves=45
num_cat=0
split_feature=2 2 3 4 4 4 3 0 4 3 3 3 3 0 4 0 3 1 4 3 3 0 0 1 0 0 0 0 0 4 3 3 4 1 0 0 1 3 4 4 4 2 0 4
split_gain=10472.2 2877.83 1322.14 1125.58 1087.01 1067.03 849.643 833.122 1134.76 885.188 621.142 602.018 641.297 494.754 766.782 928.005 924.133 700.504 514.009 513.585 479.771 756.697 611.852 529.592 484.273 494.285 1014.23 512.423 457.531 495.036 875.603 819.932 1318.83 899.938 810.8 466.896 1346.15 525.051 517.363 462.005 460.426 455.966 450.271 476.848
threshold=5.5000000000000009 2.5000000000000004 -2.3514819406366949 -5.1715951788574008 5.9037000904726691 10.783411346104289 3.3218039775813186 0.48662714534649493 -2.4372526026592918 9.4015872141977166 6.9488885271336267 14.983940511818 -4.6779030618177968 0.48662714534649493 -2.793555838918429 -0.96778869966720515 5.8128286418865907 0.75301099516636072 -13.924665154860365 14.351529216426398 5.255704364099274 -0.96778869966720515 0.46472317204376884 1.0000000180025095e-35 -0.99780533956200557 -0.82298386589365657 -0.79450537036186197 -0.88545602565320969 0.5633557562674042 12.425314784930018 4.9868964767106343 0.58435031030321138 5.2952858187097194 -0.77168259479222712 0.65797238821565851 0.99437935835663549 1.0000000180025095e-35 -7.2765424173769899 -4.5164041021446719 5.6503668841142494 17.976242361418649 6.5000000000000009 -0.99780533956200557 -27.893100538038954
decision_type=2 2 2 2 2 2 2 2 2 2 2 2 2 2 2 2 2 2 2 2 2 2 2 2 2 2 2 2 2 2 2 2 2 2 2 2 2 2 2 2 2 2 2 2
left_child=1 13 4 -4 41 10 -7 8 9 -3 -5 12 -10 14 16 -16 42 -15 -18 -20 21 23 24 -14 -22 27 -27 -26 40 31 -31 32 34 39 -30 37 -37 -36 -38 -33 -9 -2 -1 -44
right_child=2 7 3 5 -6 6 -8 28 11 -11 -12 -13 20 17 15 -17 18 -19 19 -21 22 -23 -24 -25 25 26 -28 -29 29 30 -32 33 -34 -35 35 36 38 -39 -40 -41 -42 -43 43 -45
leaf_value=-0.002965019761176631 -0.0022272422924725951 4.7074557084920929e-05 -0.0040173472617143274 0.0001592090835107031 -0.0084681940802160335 -0.0065660360429380437 -0.001830626504166156 -0.0065515605428926793 -0.0018324435336677801 -0.0066742449781432055 -0.0029791437856470323 -0.0049409910583297183 0.005015496441342979 0.0016552244472957355 0.0096154174310118037 0.0032564914748291793 -0.014084054066024566 -0.0029719166666602927 -0.00059835907732876819 -0.014461484631166744 -0.012578034313244066 0.0023886387453062215 0.010108272098546112 0.014830856304666479 0.0021537399377533377 -0.011512224126557322 0.00046672164538656555 0.012294695646039494 -0.0043030450307745185 -0.0049055130063186958 -0.00039409406349034682 -0.0019349499766202307 -0.0045609135220113766 0.0011198293711430836 -0.001230165780455601 0.0016350624906193768 0.05451605149199578 0.0022623828550287976 0.019943191426444004 0.014225474061548005 0.0096774976502671944 -0.0043109669110022028 -0.0020678618870298045 0.0026536054730161105
leaf_weight=40855.130495771766 539489.24568673968 1892105.2836143672 404285.48067905009 1059470.5257536322 109866.77180639654 127684.49775281549 366951.61038510501 50376.898223482072 109684.17684164643 50287.306237928569 185225.86081047356 33399.793114691973 45719.91654458642 1052514.0734869093 61633.972017511725 830302.14762663096 9224.5454189181328 88686.852016538382 84092.746643684804 7257.3889121860266 7072.3000275343657 873633.38217718154 16864.571611255407 19648.661032035947 58947.874750375748 18706.221986591816 318993.4015237391 15794.675627678633 83279.289722062647 159199.88471230865 331524.85753384978 5656.9250010102987 193871.00480404496 450774.08763568103 201891.86230765283 24438.055622011423 1375.9432678371668 230436.95432157069 5066.8734678179026 20269.631613299251 4785.4767135977745 511412.46052472293 56650.919904395938 954451.0850007385
leaf_count=142417 1762735 5833153 1371251 3378873 362278 397936 1196790 145643 327868 163921 608764 101638 151496 3372600 272996 3082619 26939 261800 266152 21090 19696 2794161 58292 70864 188231 55208 980241 54481 251103 475033 1046338 17038 578065 1412237 621269 74916 6115 720174 18090 69522 16057 1736023 176191 3230346
internal_value=8.0827e-06 0.000945212 -0.00237686 -0.00164088 -0.003736 -0.0010885 -0.00305302 0.000222899 0.000673569 -0.000126936 -0.000307816 0.00169756 0.00184687 0.00212965 0.00259519 0.0036959 0.00174335 0.00129563 -0.0028356 -0.00169973 0.00214028 0.00277689 0.000770422 0.00796582 0.000395039 0.000617493 -0.000196829 0.00429674 -0.000661815 -0.000517049 -0.00185768 2.34996e-05 -0.00101787 0.00164084 0.000239053 0.00105567 0.00699522 0.000631409 0.0273267 0.0106994 -0.00514365 -0.00324127 0.00218113 0.00238907
internal_weight=1.17139e+07 8.40947e+06 3.30439e+06 2.14362e+06 1.16077e+06 1.73933e+06 494636 5.22381e+06 3.46086e+06 1.94239e+06 1.2447e+06 1.51846e+06 1.48507e+06 3.18567e+06 2.04447e+06 891936 1.15253e+06 1.1412e+06 100575 91350.1 1.37538e+06 939002 436379 65368.6 419514 412442 337700 74742.6 1.76295e+06 1.70779e+06 490725 1.21706e+06 740360 476701 546489 463210 30880.9 432329 6442.82 25926.6 55162.4 1.0509e+06 1.05196e+06 1.0111e+06
internal_count=37918650 27104000 10814650 6953614 3861036 5582363 1594726 16250850 10799250 5997074 3987637 4802176 4700538 10853150 7218750 3355615 3863135 3634400 314181 287242 4372670 3016521 1356149 222360 1297857 1278161 1035449 242712 5451600 5289900 1521371 3768529 2269732 1498797 1691667 1440564 99121 1341443 24205 86560 161700 3498758 3548954 3406537
is_linear=0
shrinkage=0.05


Tree=157
num_leaves=45
num_cat=0
split_feature=3 4 0 1 1 1 4 0 0 0 0 0 3 4 3 4 4 1 1 0 1 1 4 0 0 1 0 1 1 0 1 3 0 1 2 2 3 4 3 2 3 3 3 3
split_gain=3233.3 2129.21 2247.17 5393.23 5874.17 4834.43 3080.72 2552.94 4846.84 2374.42 3128 2750.53 2260.26 2199.77 2196.02 3422.73 2137.98 5152.96 3499.62 4637.5 3143.29 4820.65 5683.77 3186.98 5797.37 2614.47 2531.16 4254.49 9465.24 4241.82 5889.99 4255.08 4035.76 7620.2 2379.34 2312.98 2274.95 2191.8 2078.37 2052.46 1963.95 1877.08 1848.6 1765.38
threshold=-20.187501122676377 24.301560733309959 -0.56335575626740397 0.52542847473095 0.36521623457838687 0.30909602655580187 1.8456006950205011 -0.86066547284873141 -0.88545602565320969 -0.79450537036186197 -0.82298386589365657 -0.66312265824079508 -4.4780950841121667 -23.157600016522462 0.07079374057768463 -20.364660316191792 -8.8385258504790496 0.93621795190976798 0.88755655832397862 0.37886415816525426 0.36521623457838687 0.30909602655580187 3.0049550736313724 0.65797238821565851 0.58743244627487468 0.99649054800675863 0.48662714534649493 0.97148236575323155 0.98236589408923247 -0.32012920303568732 0.93621795190976798 2.8157882194800341 0.088756899407539988 0.99284498505578556 5.5000000000000009 5.5000000000000009 -6.3668010059967584 -15.7582095395154 13.004643051379945 3.5000000000000004 -5.004943894827977 -1.5752794968868604 -8.1441104203294596 11.391058577170126
decision_type=2 2 2 2 2 2 2 2 2 2 2 2 2 2 2 2 2 2 2 2 2 2 2 2 2 2 2 2 2 2 2 2 2 2 2 2 2 2 2 2 2 2 2 2
left_child=-1 2 3 4 5 7 9 8 -2 10 14 -11 -7 -12 15 -5 26 18 20 41 21 -18 -23 24 42 -19 27 29 -29 30 -4 -32 -30 36 -26 -31 -34 40 -9 -25 -28 -20 -22 -24
right_child=1 -3 16 6 -6 12 -8 38 -10 11 13 -13 -14 -15 -16 -17 17 25 19 -21 23 22 43 39 34 -27 37 28 32 35 31 -33 33 -35 -36 -37 -38 -39 -40 -41 -42 -43 -44 -45
leaf_value=0.0066683691779403313 -0.00068888773213471495 -0.0065353704723648768 0.00012167032013234254 -0.013533967096654621 0.0059150215672319519 -0.0019716102739211886 -0.023033654764087256 0.001914380735846388 -0.012186113290707954 0.00014796014476711199 0.009245074747906085 -0.006832064533368612 -0.015412568981203018 -0.019691677515027692 -0.012136271541219875 0.0084124578815194129 0.00064935901388437408 -0.0048977403513684103 0.01088047629666168 0.021998857001714296 -0.01481153837426491 -0.0019554043803062652 0.016723589487722363 -0.0070409037893455709 0.028868402960656826 0.002386235068779035 0.010070490610131995 0.019080347869029231 -0.0026847473750452617 -0.0079414445190342502 0.020320990482268007 -0.02942718845679132 -0.0030553878689677694 0.03695141260900664 0.0012326548468706965 0.00042011089802155394 0.012464878144451977 0.0037552081941724189 0.026858114636667221 -0.0018400354076833312 0.030408319255703337 0.00020053403678529856 0.00069172353102345263 -0.014379076752798351
leaf_weight=184033.53705464303 1120279.3387778737 123719.68147686869 386208.36581283063 26583.157131657004 371919.27560427785 51164.335263550282 21913.715915136039 649034.48724325001 99835.905372947454 378666.77134347707 7279.712851241231 224999.83329924941 80472.623006001115 67155.952282980084 51035.069356102496 53561.720363594592 4468342.1236225963 679284.79105409235 58767.670717671514 40450.976050540805 20249.300397768617 76757.718869835138 114596.33615338802 286051.91590090841 25948.938307628036 150484.40724892914 55174.627601265907 97235.031538680196 217255.12845674157 225672.9958242923 58090.42832660675 4641.7186515405774 59693.454744502902 19966.32149720192 11128.791427731514 130551.47383600473 39060.931930676103 150756.22455085814 8459.8645913302898 563166.74635063112 15124.09231415391 137176.46595154703 381262.09880831838 4751.450465336442
leaf_count=446888 4166119 460020 1173896 88761 1185939 176775 115465 2240627 377013 1233547 22035 778115 351566 312363 236791 178470 13527045 2195504 165482 115724 54258 196860 291768 1127759 68496 471030 123524 247450 603077 718093 147426 14724 166201 47711 23356 300068 110262 374727 19068 1549329 35883 462596 1198292 18547
internal_value=9.19711e-05 -1.04739e-05 5.85803e-05 -0.0010676 0.00014283 -0.000925625 -0.00453517 -0.000276225 -0.00162965 -0.00403427 -0.00867481 -0.00245365 -0.0101884 -0.0168617 -0.00402931 0.00113307 0.000485304 0.000123227 0.000619315 0.0065856 0.000382363 0.000986099 0.00865885 -0.00180437 0.00165674 -0.00357674 0.00222653 0.00134678 0.00534218 -0.000802905 0.00242984 0.01664 0.0013662 0.00877932 0.0205736 -0.00487705 0.00308344 0.00715503 0.00223533 -0.0035919 0.014446 0.00340367 -9.01477e-05 0.0154853
internal_weight=1.1998e+07 1.18139e+07 1.16902e+07 3.21236e+06 2.38117e+06 2.00925e+06 831196 1.87761e+06 1.22012e+06 809282 205616 603667 131637 74435.7 131180 80144.9 8.47785e+06 7.01842e+06 6.18865e+06 236395 5.95226e+06 4.66445e+06 196106 1.28781e+06 438589 829769 1.45943e+06 1.23838e+06 433211 805165 448941 62732.1 335976 118721 37077.7 356224 98754.4 221055 657494 849219 70298.7 195944 401511 119348
internal_count=37918650 37471762 37011742 11482654 8517107 7331168 2965547 6802827 4543132 2850082 838420 2011662 528341 334398 504022 267231 25529088 21466046 18799512 743802 18055710 14034220 507175 4021490 1344402 2666534 4063042 3528908 1174701 2354207 1336046 162150 927251 324174 91852 1018161 276463 534134 2259695 2677088 159407 628078 1252550 310315
is_linear=0
shrinkage=0.05


Tree=158
num_leaves=45
num_cat=0
split_feature=1 3 4 1 1 4 0 4 0 3 0 0 4 3 2 1 1 4 0 1 4 0 4 0 1 1 3 4 1 1 0 3 4 4 4 3 2 4 4 0 4 0 4 0
split_gain=6247.12 4964.93 3137.31 2985.67 14615.3 3467.23 2950.14 2319.49 2238.52 2626.87 2199.34 2133.04 2149.8 2050.87 2257.3 1684.93 4299.53 2573.18 2290.76 1714.03 1739.73 1830.58 4457.66 2419.6 1744.58 3945.51 1699.78 1683.18 1647.01 1831.99 2805.07 4356.02 4862.51 3580.24 2980.82 2351.74 1675.98 1587.5 1584.76 1560.11 1508.76 2000.08 3719.77 2059.35
threshold=-0.73300900260771595 3.3963988962647567 17.976242361418649 0.57552211292281397 0.62305106867763382 -1.7227232922204718 -0.2393156642875576 -0.45260319576361135 -0.99087453071010889 -21.804925576132185 0.26568621746226689 0.48662714534649493 11.119822744278741 -1.8819319506537473 2.5000000000000004 0.74851074817110097 0.82619477567192912 -8.6623966678336028 0.48662714534649493 0.85743085555170595 0.68479773376498809 -0.46472317204376817 -5.1715951788574008 -0.4298763333408428 0.95418073928008662 0.98236589408923247 3.1036261744090834 3.1197391685492737 0.56806474673115548 0.4647231720437684 0.83428993469774138 1.4502341303717154 -24.676355785345596 1.5106481263498781 -10.929287396660539 -11.472267455423959 3.5000000000000004 8.951559536320163 -13.447534830401089 -0.66312265824079508 -7.5692134568637988 0.65797238821565851 1.953941008251576 0.58743244627487468
decision_type=2 2 2 2 2 2 2 2 2 2 2 2 2 2 2 2 2 2 2 2 2 2 2 2 2 2 2 2 2 2 2 2 2 2 2 2 2 2 2 2 2 2 2 2
left_child=1 7 3 8 5 -5 27 -1 -2 -10 -9 -12 -13 14 38 17 40 -15 19 26 21 22 -21 -23 -22 -26 -18 -3 29 36 31 32 35 -32 -33 -31 -11 -20 -6 -40 -17 43 -43 -42
right_child=2 6 -4 4 13 -7 -8 10 9 28 11 12 -14 15 -16 16 18 -19 37 20 24 23 -24 -25 25 -27 -28 -29 -30 30 33 34 -34 -35 -36 -37 -38 -39 39 -41 41 42 -44 -45
leaf_value=0.0029713902900090068 0.0021743997587795748 0.00050124441476750981 0.0042287894130083534 0.0086283388259777976 -0.0083449864471999268 0.022098730747449443 -0.0053932477863152771 -0.004324763340862083 -0.016458200568851781 -0.0027896910896073059 0.0035066803454891302 -0.0061160064257619884 0.0046828937628324045 -0.008798744786097391 3.0567806140432186e-05 0.011451299626036193 0.00118843893578545 0.00076063873631625374 -0.013055572260287657 0.00154220056233012 -0.0057431268226752277 0.013480199040871775 -0.022888775286918187 0.0018855653304892664 0.0093174302075277379 -0.0041319726128621927 0.015225976125826331 -0.018962830657169156 -0.0056750415295960975 -0.0041438215444657934 0.017228439201924361 0.016021356447350241 -0.0097370583290306359 0.0026295427617226024 0.00017748956335989825 0.022975864188137404 -0.00044417379140104129 0.020005644851677138 0.015996867633892801 -0.0026038087017858924 0.0031063411037081843 0.025250019111970924 0.0051712243982829885 -0.013854429901712895
leaf_weight=262656.99074615538 604323.37619733065 13248.149369955063 505362.69973412901 108908.56866978109 149690.58517674357 85097.035782791674 394543.81714060903 586972.67679657787 27579.480984136462 1116309.9717467055 244527.93532460183 169517.47161968797 63295.436864450574 93818.84205314517 1548466.2999446318 109525.06025712937 44504.264036595821 281971.98700912297 41914.675143927336 72721.060761600733 178432.8173212409 47248.900604590774 25120.533022254705 943471.41130264103 86285.826630473137 148168.54020297527 41838.150573596358 68729.565719146281 178689.21721889824 13874.964705072343 55046.156115554273 46679.195800259709 154175.64274255186 177147.46851647645 81546.614839166403 18859.86561512202 2396937.6329717264 3975.2760300338268 12219.119621865451 145587.25611732155 171993.68798865378 28671.493829146028 117992.01625335217 19975.543488383293
leaf_count=962467 1909583 83120 1300129 322238 820845 205680 2101146 2819238 123954 5085888 918109 614765 209156 254540 4063689 274352 123939 741893 106974 187025 483582 121904 72231 2446528 229194 403698 107607 511749 493500 52886 159927 113427 459635 446410 235247 55970 6710674 9433 58305 672274 440296 67182 290033 48228
internal_value=-0.000102514 -0.00280871 0.000391267 0.000184487 0.00111188 0.0145369 -0.00718654 -0.00123661 -0.000673684 -0.00107707 -0.00227508 0.000245353 -0.00318008 0.000508082 -0.000746484 0.00145551 0.00201174 -0.00162593 0.000821623 0.00113992 0.000745976 0.00179418 -0.00473038 0.00243853 -0.00201757 0.000817787 0.00799048 -0.0158173 -0.000977 -0.000770258 0.00192046 -0.00115205 -0.00602102 0.0060905 0.00594528 0.0114809 -0.00118945 -0.0101916 -0.00465949 -0.00116354 0.00635009 0.0047002 0.00909646 0.00134147
internal_weight=1.16876e+07 1.80349e+06 9.88413e+06 9.37877e+06 4.5076e+06 194006 476522 1.32697e+06 4.87117e+06 4.26685e+06 1.06431e+06 477341 232813 4.31359e+06 1.85596e+06 2.45763e+06 2.08184e+06 375791 1.63368e+06 1.58779e+06 1.50145e+06 1.08856e+06 97841.6 990720 412887 234454 86342.4 81977.7 4.23927e+06 4.06058e+06 547330 315136 186910 232194 128226 32734.8 3.51325e+06 45890 307497 157806 448158 338633 146664 191969
internal_count=37918650 8219750 29698900 28398771 12551670 527918 2696015 5523735 15847101 13937518 4561268 1742030 823921 12023752 5615113 6408639 5412206 996433 4292115 4175708 3944162 2827688 259256 2568432 1116474 632892 231546 594869 13813564 13320064 1523502 917165 568491 606337 348674 108856 11796562 116407 1551424 730579 1120091 845739 357215 488524
is_linear=0
shrinkage=0.05


Tree=159
num_leaves=45
num_cat=0
split_feature=2 2 2 1 3 1 3 0 4 1 0 4 3 4 4 0 0 0 4 0 1 3 1 4 3 0 3 3 0 1 0 3 4 4 1 3 4 0 1 0 3 0 3 0
split_gain=9762.35 2205.37 1502.82 1026.45 783.505 493.752 461.776 497.257 890.444 498.901 490.475 463.408 407.014 1613.74 992.662 649.055 491.292 488.446 487.682 630.158 821.962 616.374 487.218 911.031 442.267 400.682 474.162 399.603 724.262 390.001 389.107 694.152 712.069 515.346 919.194 444.011 462.665 443.047 491.328 494.19 467.519 437.639 427.403 377.017
threshold=4.5000000000000009 6.5000000000000009 2.5000000000000004 -0.80891915365350464 -4.2811399404597763 -0.86104361176735533 11.940174224122162 -0.79450537036186197 -6.1209156803570783 0.12053668025532312 -0.82298386589365657 -1.0215983254637206 -2.3514819406366949 4.0738507106311213 -10.378705173561888 -0.2058881604517783 0.99087453071010911 -0.32012920303568732 3.4731580807727558 -0.46472317204376817 0.57552211292281397 6.2094194758468335 1.0000000180025095e-35 -4.1486759917289886 1.5159379753898181 -0.94117129826980295 -3.3587638980914956 2.1196444671600898 -0.94117129826980295 -0.86104361176735533 -0.32012920303568732 10.854957279475139 -6.268506612969019 7.8385641403886988 -0.88545602565320969 -1.5752794968868604 -12.334377387985716 -0.74317201360641438 1.0000000180025095e-35 -0.94117129826980295 3.6246353151596193 -0.82298386589365657 0.91447742228605133 -0.2393156642875576
decision_type=2 2 2 2 2 2 2 2 2 2 2 2 2 2 2 2 2 2 2 2 2 2 2 2 2 2 2 2 2 2 2 2 2 2 2 2 2 2 2 2 2 2 2 2
left_child=2 3 6 -2 43 -6 7 8 10 -10 -1 -8 13 16 17 18 -5 24 21 20 -20 22 -16 -24 -14 -11 -27 28 -25 -9 31 32 35 34 -34 -4 -37 38 41 40 -40 -36 -39 -3
right_child=1 4 30 12 5 -7 11 29 9 25 -12 -13 14 -15 15 -17 -18 -19 19 -21 -22 -23 23 27 -26 26 -28 -29 -30 -31 -32 -33 33 -35 37 36 -38 42 39 -41 -42 -43 -44 -45
leaf_value=0.0013043375466418317 0.00085453400819590045 -0.0034986214336732279 0.0011248426899085251 -0.0017126172331957592 -0.00058005121103460564 -0.0030496056003140115 -0.0066369587519343291 0.0032532385606065767 0.0040876273818118269 0.013438656988877286 0.0089776415703113951 0.00064072097350040963 -0.0035198753810742759 -0.008008293101318854 -0.00059312195790978432 -0.0012980574814877273 0.0037974985870866487 0.00027545855436204706 0.004213978808226381 0.017471675336463776 -0.021279130291404949 -0.0034178692079467133 0.00013845262078230355 0.020957078471940699 -0.009479427317147994 -0.015986166946659563 0.0072484176738097069 0.0036322739035775219 0.0060657627560160472 0.0015893322418606848 0.00012494691981359974 -0.0048227105195729463 0.0092194355584420129 -0.0026877838031494961 0.00081226800308543371 -0.0048937093418580171 0.00010505196645752955 -0.0025349656322012949 0.014096237002928044 0.0036095776676986616 0.0032207379027355183 0.0057608848445434534 0.0024105749344870311 -0.0065458491350857259
leaf_weight=312697.65761008114 653239.79327543825 197292.28221250325 482910.57033593208 933462.02247683704 256083.44072829932 965507.66415932029 24872.851076208055 429340.7038846463 163736.12181095779 29979.526863202453 22311.239837482572 181389.21130643785 74253.500061556697 104612.92156236619 216546.43803726137 905813.20547119528 42286.229333877563 40618.604949310422 64278.933580070734 8411.6840468123555 3325.4633737728 92716.0191571787 129162.24679800868 11683.94245070219 53605.944573357701 2281.0403009057045 58774.518901646137 45182.731903664768 27113.06530174613 1959201.9696747363 2121835.681810081 46116.419951178133 54123.968580320477 42557.642818361521 175589.31148350239 71666.132329672575 130725.52240532637 74617.745820879936 28082.999474391341 78000.372860461473 15247.069793388247 59924.923194602132 105389.54913595319 209072.52006230503
leaf_count=1080608 1982750 667367 1475406 2987406 774211 3241342 76525 1647244 690349 133016 79521 584361 235381 332271 652178 2936610 141014 136890 200723 30922 10011 298161 421066 41927 175082 6899 216306 148979 90979 6338321 6541150 145664 188168 128113 569001 213869 404455 227497 100886 250033 50220 202794 340494 722480
internal_value=1.14426e-05 -0.00165078 0.00126577 -0.000927307 -0.00316456 -0.00253191 0.00205101 0.00220946 0.00350961 0.00573744 0.00181537 -0.000236884 -0.0013501 -0.00210657 -0.000861511 -0.000453874 -0.00147382 -0.00450105 0.000823944 0.00456579 0.00295997 0.000279462 0.00107725 0.00277431 -0.00601846 0.00870479 0.00638037 0.0068283 0.0105504 0.00188842 0.000548584 0.00120713 0.00141798 0.00262633 0.00300901 0.000300916 -0.00166499 0.0023829 0.00340307 0.00598794 0.0102693 0.00207141 0.000360519 -0.0050664
internal_weight=1.17056e+07 5.03427e+06 6.67137e+06 3.40631e+06 1.62796e+06 1.22159e+06 3.18458e+06 2.97832e+06 589780 254771 335009 206262 2.75307e+06 1.08036e+06 1.67271e+06 1.50423e+06 975748 168478 598421 76016.1 67604.4 522404 429688 213142 127859 91035.1 61055.6 83979.7 38797 2.38854e+06 3.48679e+06 1.36495e+06 1.31884e+06 633534 590976 685302 202392 536852 356845 121330 43330.1 235514 180007 406365
internal_count=37918650 16227750 21690900 10822350 5405400 4015553 10853150 10192264 2206699 1046570 1160129 660886 8839600 3460691 5378909 4831556 3128420 547353 1894946 241656 210734 1653290 1355129 702951 410463 356221 223205 281885 132906 7985565 10837750 4296600 4150936 2057206 1929093 2093730 618324 1740925 1172934 401139 151106 771795 567991 1389847
is_linear=0
shrinkage=0.05


Tree=160
num_leaves=45
num_cat=0
split_feature=3 4 0 1 1 1 0 0 3 4 0 0 0 1 3 4 1 1 0 1 1 4 0 0 0 1 1 0 1 0 1 3 1 2 2 2 4 4 4 3 0 3 3 1
split_gain=2982 1935.27 1982.29 5019.77 5122.48 4756.28 2964.73 3452.98 2631.05 2753.79 2233 4598.5 2019.08 5551.98 1977.42 1870.15 4672.56 3489.28 4120.67 2943.96 4073.49 5843.13 2832.14 5348.13 2831.74 4309.93 8129.23 4901.51 6247.01 4424.02 4636.28 4804.41 2484.54 2156.11 2081.44 2045.61 1886.15 1879.12 1797.82 1750.18 1749.25 1738.74 1702.53 1696.15
threshold=-17.129417798973215 24.301560733309959 -0.56335575626740397 0.52542847473095 0.36521623457838687 0.30909602655580187 -0.79450537036186197 -0.82298386589365657 0.07079374057768463 -20.364660316191792 -0.86066547284873141 -0.88545602565320969 -0.79450537036186197 -0.66312265824079497 -4.4780950841121667 -8.3412114006233526 0.93621795190976798 0.88755655832397862 0.37886415816525426 0.36521623457838687 0.30909602655580187 3.7062759191938395 0.65797238821565851 0.58743244627487468 0.46472317204376884 0.97148236575323155 0.98236589408923247 0.088756899407539988 0.99284498505578556 -0.32012920303568732 0.93621795190976798 2.8906104447304846 0.99649054800675863 5.5000000000000009 5.5000000000000009 3.5000000000000004 -15.7582095395154 6.6670945776380934 -16.325747075391323 -5.8910964392918279 -0.66312265824079508 21.648738632197027 11.940174224122162 0.23931566428755774
decision_type=2 2 2 2 2 2 2 2 2 2 2 2 2 2 2 2 2 2 2 2 2 2 2 2 2 2 2 2 2 2 2 2 2 2 2 2 2 2 2 2 2 2 2 2
left_child=-1 2 3 4 5 10 7 8 9 -5 11 -2 42 -14 38 24 17 19 37 20 43 -22 23 -21 25 29 -27 -28 39 30 -4 -32 -18 -25 -31 -24 -26 -19 -7 -29 -8 -34 -12 -17
right_child=1 -3 15 6 -6 14 40 -9 -10 -11 12 -13 13 -15 -16 16 32 18 -20 22 21 -23 35 33 36 26 27 28 -30 34 31 -33 41 -35 -36 -37 -38 -39 -40 -41 -42 -43 -44 -45
leaf_value=0.0045750525486684844 -0.00060172112842048079 -0.006285016636133952 0.00026953242562045778 -0.013670220377254844 0.0055670214324923918 -0.0094087575076143033 -0.00062143533201989155 -0.018193228271261908 -0.012986350602529204 0.0075373324153575148 0.0058329936296155904 -0.011845759942081976 0.0022114731025045476 -0.01584532550916725 -0.015053175494082062 0.00080993000395695753 -0.0048771582918559694 0.0048272561189304543 0.021261967491742487 -0.0002223666688547882 -0.0024865545098449039 0.015287236058184467 -0.0070166411947749363 0.027843963272172336 0.014944066695461739 0.017623338046071673 -0.0030567029183026125 -0.0017302557958110015 0.033717912230518766 -0.008104883888427155 0.019415087700525434 -0.030192501302289766 0.0035135570223087417 0.0010902422825983811 -0.00021410885295083547 -0.0017698093567645621 0.0044439707468977947 -0.015748498763130531 0.011125825094390744 0.011953656999623193 -0.0062344391730293717 -0.023474062542386737 0.033067025163449143 -0.0036412764047558904
leaf_weight=359177.59355480969 1106037.4570682012 123159.28121756017 392214.55966050923 21525.92545118928 363859.23250927031 29842.605082079768 377117.56434157491 75080.549671534449 55280.415361054242 52983.106994427741 164367.72453254461 99076.337369307876 437772.32114526629 47155.865188129246 79783.990210156888 4207711.6549909487 644112.87340997905 175294.74113839865 39688.947369083762 388513.90223489702 78127.322581209242 113297.9277683869 279499.25699210167 25369.163532160223 59451.434062197804 100507.85172975063 216522.47821228206 54765.559807792306 21896.783852383494 224784.76822405308 55775.840791687369 5348.7705385684967 139264.35368647426 10710.095121279359 133033.25919726491 553934.09195815027 152418.15266730636 11846.291866600513 16581.321473479271 40756.752483569086 219647.84866288304 6235.4335449412465 5946.2845885455608 225486.5251936987
leaf_count=896152 4120782 460020 1195383 72530 1165526 106865 1247998 355031 269742 176388 550787 376167 1501589 188637 351566 12770673 2095749 552662 112677 1215025 202629 294214 1113471 66382 135092 258926 609358 154058 52997 726394 142461 16994 433908 22476 307107 1531689 381304 48374 52347 115348 768997 22244 12925 667006
internal_value=8.79578e-05 -5.05991e-05 1.61184e-05 -0.00105234 0.000112938 -0.000886033 -0.00446898 -0.00965862 -0.00472152 0.00141039 -0.0002488 -0.00152613 0.00210045 0.000455576 -0.0102791 0.000419137 7.53424e-05 0.000543138 0.0066283 0.0003085 0.000891886 0.00803313 -0.00183608 0.00148769 0.00204652 0.00113757 0.00515638 0.00140415 0.00963001 -0.00101488 0.00226566 0.0150741 -0.00354414 0.0199021 -0.00517117 -0.00352938 0.00739034 0.00352478 -0.00207438 0.00410829 -0.00268738 0.002357 0.00678383 0.000583528
internal_weight=1.1991e+07 1.16318e+07 1.15086e+07 3.15206e+06 2.35042e+06 1.98656e+06 801635 204870 129789 74509 1.86036e+06 1.20511e+06 655242 484928 126208 8.35657e+06 6.89909e+06 6.10948e+06 226830 5.88265e+06 4.62462e+06 191425 1.25803e+06 424593 1.45748e+06 1.24561e+06 434449 333942 117419 811157 453339 61124.6 789613 36079.3 357818 833433 211870 187141 46423.9 95522.3 596765 145500 170314 4.4332e+06
internal_count=37918650 37022498 36562478 11317877 8427191 7261665 2890686 873691 518660 248918 6750887 4496949 2253938 1690226 510778 25244601 21149179 18597278 713713 17883565 13934522 496843 3949043 1303883 4095422 3579026 1190687 931761 322403 2388339 1354838 159455 2551901 88858 1033501 2645160 516396 601036 159212 269406 2016995 456152 563712 13437679
is_linear=0
shrinkage=0.05


Tree=161
num_leaves=45
num_cat=0
split_feature=1 3 4 0 3 4 0 0 0 4 1 1 3 4 4 1 3 0 3 0 3 1 1 1 2 1 4 0 3 2 1 1 1 1 1 4 1 4 1 4 1 0 0 4
split_gain=5749.68 4666.53 2928.41 2831.85 2332.92 2173.85 2120.1 2037.9 2009.96 2002.88 1944.49 2523.53 2412.47 2218.08 2606.21 2549.71 2825.44 2474.21 1965.66 1752.35 1717.39 1698.83 1735.51 1594.13 1553.22 1994.7 7583.62 3210.17 2014.27 1550.72 1814.81 1931.04 1517.45 2447.29 2942.79 2041.08 1479.71 4876.42 4807.9 4409.87 5294.34 5687.57 2742.78 5621.89
threshold=-0.73300900260771595 3.3963988962647567 24.301560733309959 1.0000000180025095e-35 -12.596979556513535 -0.45260319576361135 0.088756899407539988 0.26568621746226689 0.48662714534649493 11.657208408734954 0.4647231720437684 0.82619477567192912 14.983940511818 -9.1725725917366514 16.158017337472774 0.36521623457838687 5.9072642300350475 0.94117129826980317 13.853747309474672 -0.99780533956200557 6.8440929709266891 0.30909602655580187 0.23931566428755774 0.23931566428755774 2.5000000000000004 0.74851074817110097 -10.563115581931781 -0.46472317204376817 -15.289272778559694 3.5000000000000004 -0.59907629515643335 -0.55094406234797322 0.62305106867763382 0.57552211292281397 0.52542847473095 -1.6010117619410733 0.93621795190976798 -22.525683794610739 0.97148236575323155 -6.8421651063302606 0.98236589408923247 0.088756899407539988 1.0000000180025095e-35 6.2736701870177578
decision_type=2 2 2 2 2 2 2 2 2 2 2 2 2 2 2 2 2 2 2 2 2 2 2 2 2 2 2 2 2 2 2 2 2 2 2 2 2 2 2 2 2 2 2 2
left_child=1 5 4 -3 19 -1 -5 -7 -9 -10 13 12 -12 15 29 16 17 -6 21 -2 -17 22 -16 -20 -21 -26 27 -27 -28 -15 -31 -32 33 34 -14 -34 -13 -38 -39 40 -40 -42 43 -41
right_child=2 3 -4 6 10 7 -8 8 9 -11 11 36 32 14 18 20 -18 -19 23 24 -22 -23 -24 -25 25 26 28 -29 -30 30 31 -33 35 -35 -36 -37 37 38 39 42 41 -43 -44 -45
leaf_value=0.0028921090798952175 0.019254813705367052 -0.012482253386732395 0.0073819641753852363 0.022846080717873959 0.0040517107957592485 -0.0041636407231328693 -0.0048694944427915285 0.0034008229751158895 -0.0057248700410601084 0.0050882936758233736 0.0020203900176612318 -0.0013479091887368714 0.021693614440354968 -0.0029518350551082755 0.004369682829670752 -0.0032351610659213138 0.031135637662408729 -0.01825203246253795 -0.0073003237175956808 -0.0081903135581552714 -0.04746575907454946 -0.0059431000304946829 0.015679234774422152 0.010717356185249759 -0.0044991469565956411 0.012692704906353179 0.049470201824213675 -0.0042794148991837202 0.01790029706194016 0.0035275580024540648 -0.0066925845258462421 -0.00061948512416265848 -0.017995355863743605 0.035894683299303835 -0.010445179992055072 0.0089023384189574045 0.020386372615820797 0.0041966052411981898 -0.015477916946442556 0.008803338290889761 0.0025787730674729521 -0.011386678246521127 -0.0014218813977800106 -0.018650018126776125
leaf_weight=262888.79472976178 8969.8186751157045 155814.26560517401 146759.24873621017 7056.5252424553037 481797.37649407238 585188.48504019156 311022.99325119704 244789.04057006538 175822.75864689797 56613.063440069556 2203316.9876078367 1069580.8816913813 18799.76696203649 977565.7281177789 257624.17391142249 120662.3069139868 9408.4956964552402 12763.723933242261 67021.899902999401 117034.21021832526 2235.295335829258 33984.686271749437 39065.247776567936 15029.072478950024 288234.77181431651 33880.439481765032 8298.4402559921145 156814.39480771124 12917.366270065308 242081.09338568151 141290.25763459504 1778358.4113366455 8487.49400062114 12394.444675207138 11467.176495984197 41728.563483163714 31991.702373273671 590424.08597414196 98937.587312325835 184229.8680241704 210665.53752745688 111487.35060824454 311733.69464549422 20748.106245905161
leaf_count=962467 26690 1081645 363690 48689 1458632 2819238 1565681 918109 638108 185813 5985782 2941692 43511 4512245 719037 366626 21134 46563 187971 728183 5397 87356 91030 37499 883404 99167 19978 458658 33613 806320 453508 4862964 20531 28607 32564 102214 89706 1606255 276050 476799 576106 323534 863187 62697
internal_value=-0.000101794 -0.00270146 0.000371724 -0.00695984 0.000265998 -0.00117877 -0.00425463 -0.00218609 0.000238851 -0.00309117 0.00046902 0.00114203 0.00235314 -0.000324306 -0.000808232 0.00241776 0.00399246 0.00347609 0.00292705 -0.00268616 -0.00403964 0.00464589 0.00585882 -0.00400007 -0.00300504 -0.00179168 0.00189094 -0.00126401 0.0302487 -0.00129931 -0.000552016 -0.00106648 0.0102468 0.0171807 0.00951725 0.0043561 8.45505e-05 0.00106655 0.00066211 -0.00156315 -0.00536122 -0.00225425 0.00153207 0.00602448
internal_weight=1.1677e+07 1.7992e+06 9.87779e+06 473894 9.73103e+06 1.3253e+06 318080 1.06241e+06 477225 232436 9.10488e+06 4.92599e+06 2.29619e+06 4.17889e+06 3.55202e+06 626867 503970 494561 412725 626149 122898 330674 296689 82051 617180 500145 211911 190695 21215.8 3.1393e+06 2.16173e+06 1.91965e+06 92877.4 42661.4 30266.9 50216.1 2.6298e+06 1.56022e+06 1.52823e+06 937802 421090 322153 516712 204978
internal_count=37918650 8219750 29698900 2696015 29335210 5523735 1614370 4561268 1742030 823921 27085517 13429235 6213209 13656282 11757930 1898352 1526329 1505195 1122893 2249693 372023 897423 810067 225470 2223003 1494820 611416 557825 53591 10635037 6122792 5316472 227427 104682 76075 122745 7216026 4274334 4184628 2578373 1175690 899640 1402683 539496
is_linear=0
shrinkage=0.05


Tree=162
num_leaves=45
num_cat=0
split_feature=2 2 3 4 4 3 1 0 1 0 4 4 1 1 3 1 1 3 0 4 3 0 0 0 0 1 4 1 3 0 3 0 0 4 4 1 3 0 0 4 3 0 3 0
split_gain=9135.18 2486.58 1166.22 848.103 774.035 994.674 879.811 710.128 639.27 635.774 1397.15 962.29 974.242 658.073 613.483 611.781 598.9 559.625 585.885 550.499 557.035 544.058 526.529 541.919 478.771 519.151 502.117 465.649 454.646 446.427 437.672 854.131 671.009 436.586 524.267 428.013 695.046 563.721 565.767 518.854 1168.16 1041.76 940.28 955.73
threshold=5.5000000000000009 3.5000000000000004 -3.81294381829106 -10.741113714457011 10.783411346104289 2.1196444671600898 0.56806474673115548 0.48662714534649493 0.82619477567192912 -0.4298763333408428 -3.2779083020232203 6.6670945776380934 0.85743085555170595 -0.88545602565320969 -0.34773159257752789 0.57552211292281397 -0.80891915365350464 12.274346522968793 -0.99780533956200557 10.955943442589943 14.351529216426398 -0.58743244627487456 -0.86066547284873141 -0.66312265824079508 0.99437935835663549 1.0000000180025095e-35 -3.0372951527890915 0.82619477567192912 2.6008229031461743 -0.12053668025532321 9.4015872141977166 -0.82298386589365657 -0.88545602565320969 -10.378705173561888 1.3981704685690206 -0.59907629515643335 -2.4330347163365 -0.32012920303568732 -0.2058881604517783 4.9227692739331141 1.1147507171781934 0.83428993469774138 6.1036584017898656 -0.32012920303568732
decision_type=2 2 2 2 2 2 2 2 2 2 2 2 2 2 2 2 2 2 2 2 2 2 2 2 2 2 2 2 2 2 2 2 2 2 2 2 2 2 2 2 2 2 2 2
left_child=1 9 7 8 6 29 -5 -2 21 10 17 13 30 -12 15 -15 -3 18 -1 20 24 -4 -19 -24 -18 -26 -27 33 -21 -6 -13 32 -32 -9 -35 36 37 -11 -39 42 41 -41 -37 -44
right_child=2 16 3 4 5 -7 -8 27 -10 35 11 12 -14 14 -16 -17 19 22 -20 28 -22 -23 23 -25 25 26 -28 -29 -30 -31 31 -33 -34 34 -36 39 -38 38 -40 40 -42 -43 43 -45
leaf_value=-0.0030190559855522948 -0.0028436407684435984 0.0012456170245460313 -0.0056076195644084292 -7.8121675810340706e-05 0.0087348525415471105 -0.0019530987933559464 -0.0025797365146790889 -0.012088684238206896 -0.0015220672950363391 0.0074806762356926133 0.013731236646869274 0.00099250926916029662 0.043656565164403097 0.0025314533634248314 0.005845207956434526 -0.012734035313521486 -0.00017820918948103766 -0.022080299358979844 0.0017949230908548678 -0.0054526542849109468 -0.0066885088923393024 -0.014705855452140079 0.011610025353386583 -0.015426060788180802 0.0025135859385019307 0.046160507200070283 0.011214962102405249 -0.020036772795629626 -0.0012932954173605158 -0.0081773763125209831 -0.0052373682059592497 -0.014392489693824227 0.025277959687847448 -0.002662262690089982 -0.0073789376077912326 0.0019167909799491592 0.0029526608981086094 -0.011024638710818113 -0.00025496181351764404 -0.0093806430883816745 0.00092301503075980498 -0.0013221931389537057 -0.010331080818479249 -0.00035959922598222441
leaf_weight=67303.318833112717 645327.67076551169 644818.37550836802 95346.13448549062 1171554.8858166337 4065.5397049188614 405389.64286727458 502102.51874928176 23609.761899799109 88352.692063950002 22214.199493184686 21844.303123369813 49619.002972885966 1207.1782858222723 99926.16623686254 357428.10926268995 7024.5536042302847 2379863.8997969851 4833.8491784483194 1037657.2198316455 83891.266814813018 32305.528429083526 19852.493364349008 4007.5859797671437 3448.2682973071933 38994.890622720122 1206.9283948540688 6930.8017913252115 5713.3840294331312 302966.95173010975 97010.444583162665 4846.8739296793938 14898.996648199856 2867.1606537699699 121082.1802201122 114745.41356521845 1246020.1014175564 673306.85017265379 12921.048006758094 216944.59529086202 53138.754173964262 672415.4632961452 163518.08691574633 28735.732161521912 146744.76184720546
leaf_count=221252 2145879 1978900 322759 3678625 13156 1319427 1742335 79396 310989 78447 90801 172497 5030 373275 1396612 20423 7392294 14071 3457001 254780 103531 66795 15333 10728 121538 5089 23449 17968 950469 305670 15636 40257 11384 420001 391650 3886436 2451109 38656 688888 149919 2109993 493959 81828 450415
internal_value=1.52264e-05 0.00089002 -0.0022165 -0.00163506 -0.00134688 -0.00305953 -0.000828614 -0.00373872 -0.00472162 0.00161502 0.00240515 0.00444429 -0.00089045 0.00525006 0.0048511 0.00152881 -0.000130276 0.00138369 0.0015017 -0.000441994 -0.000166198 -0.00717554 -0.00922706 -0.000893931 -7.93802e-05 0.00491078 0.0163978 -0.00591716 -0.00219526 -0.00749712 -0.00163494 -0.00740027 0.0061046 -0.00560622 -0.00495723 0.00120556 0.00211421 -0.000125299 -0.000860339 0.000841649 -0.00010576 -0.00329866 0.0014342 -0.00199247
internal_weight=1.1698e+07 8.40385e+06 3.29415e+06 2.38367e+06 2.18012e+06 506466 1.67366e+06 910478 203551 4.91287e+06 1.67691e+06 559662 73439.2 486223 464379 106951 3.49098e+06 1.11725e+06 1.10496e+06 2.84616e+06 2.4593e+06 115199 12289.7 7455.85 2.427e+06 47132.6 8137.73 265151 386858 101076 72232 22613 7714.03 259437 235828 3.23596e+06 925387 252080 229866 2.31057e+06 889072 216657 1.4215e+06 175480
internal_count=37918650 27104000 10814650 7759756 7059213 1638253 5420960 3054894 700543 16273950 5844300 2125915 244804 1881111 1790310 393698 10830050 3718385 3678253 8851150 7645901 389554 40132 26061 7542370 150076 28538 909015 1205249 318826 239774 67277 27020 891047 811651 10429650 3257100 805991 727544 7172550 2753871 643878 4418679 532243
is_linear=0
shrinkage=0.05


Tree=163
num_leaves=45
num_cat=0
split_feature=3 0 0 1 1 0 0 1 0 4 4 3 0 0 4 0 4 0 3 0 0 0 0 0 4 0 2 3 0 0 0 1 0 1 0 4 0 3 0 3 0 3 0 0
split_gain=2808.65 2365.68 6585.97 3046.84 6067.1 2405.81 1849.13 1828.43 3537.68 3552.62 3062.16 2207.7 3628.84 2903 2184.21 2127.78 1824.64 1824.02 2385.32 2043.34 1708.39 1733.26 2994.69 1678.26 3453.43 1792.99 1737.68 1690.54 1700.67 2393.81 1924.21 1637.01 1622.13 4066.45 1651.14 1609.79 3357.51 4224.31 3577.22 3083.34 2217.49 2019.32 1806.03 2977.92
threshold=-7.9994374789460272 -0.2393156642875576 -0.2058881604517783 0.95418073928008662 0.93621795190976798 -0.4298763333408428 0.20588816045177846 -0.2393156642875576 0.94117129826980317 1.1634711335831762 -1.0215983254637206 5.8128286418865907 -0.74317201360641438 -0.88545602565320969 13.066217733224246 -0.88545602565320969 -23.897402398588302 -0.86066547284873141 2.3299751480866182 -0.82298386589365657 -0.58743244627487456 -0.86066547284873141 -0.93085292505862405 0.99087453071010911 11.119822744278741 0.94117129826980317 2.5000000000000004 17.700182401887425 0.93085292505862427 0.89412692780947678 0.88059548392442355 1.0000000180025095e-35 0.88059548392442355 0.74851074817110097 0.89412692780947678 5.7701267242643555 -0.2393156642875576 8.1203605507486731 -0.66312265824079508 -0.34773159257752789 -0.2058881604517783 5.0777000110674146 0.37886415816525426 0.5633557562674042
decision_type=2 2 2 2 2 2 2 2 2 2 2 2 2 2 2 2 2 2 2 2 2 2 2 2 2 2 2 2 2 2 2 2 2 2 2 2 2 2 2 2 2 2 2 2
left_child=1 3 -3 4 5 -1 -4 8 10 -10 20 14 13 -13 -9 -12 -5 18 -17 -19 21 22 -2 24 26 27 -14 28 29 30 -26 -16 33 -33 -34 -21 37 38 -37 -40 41 -38 -42 -44
right_child=7 2 6 16 -6 -7 -8 11 9 -11 15 12 23 -15 31 17 -18 19 -20 35 -22 -23 -24 -25 25 -27 -28 -29 -30 -31 -32 32 34 -35 -36 36 40 -39 39 -41 42 -43 43 -45
leaf_value=9.2714393390547534e-05 -0.00087301486575622656 0.021863895019974641 -0.0013948589321020216 0.0056225301885540809 0.021200468963235269 -0.014088327030951878 0.0034565407392706284 -0.00056096440472478879 0.026880793588267466 0.0028453052880380247 0.0081681857641571678 -0.0044116452633421298 -0.0052736231982483126 -0.018075373928453861 -0.0028905228968134872 0.0048845376932870922 -0.019300528544938113 0.017784879486030483 -0.019052038551026728 -0.0007905535401550375 -0.007485944357148811 0.0022037641421718715 -0.013291136078876969 0.002559097193697782 -0.005125195192242916 -0.011668503626393892 0.00092019435823491747 -0.017132890134260958 0.014833520377247979 -0.022805791685825617 0.0083477537445263636 -0.013007811766534981 0.02572785112139014 0.02097948038638716 0.0077976347131726853 -0.013250968408123807 -0.01739977103515556 0.018973387936369903 -0.012689496968056073 0.0086969440923485141 0.0031553346870835421 0.0028809641601896382 -0.0058171097683079199 0.001039598101869607
leaf_weight=778374.85018448532 187002.57893437147 45306.177756920457 248505.38016614318 9564.5798112154007 33698.685499742627 31102.919800654054 937013.95336589217 4250068.0371498838 25040.520263299346 39824.396938748658 98640.698152542114 103163.71101457253 145661.27604254335 62377.55417124927 54988.060512684286 17353.1595993191 31627.05874414742 17718.228086024523 26004.674337975681 1106343.2184544951 153896.9002224803 192215.00282794237 65572.674667544663 196933.2821598351 100504.96724607795 119714.57622166723 508723.99183392525 21143.988593637943 13581.063573107123 14703.860050037503 35991.679090492427 26478.345710270107 14556.545839577913 13182.28676366061 108857.344977431 27428.407058864832 31134.749307662249 56919.369468688965 19038.792800158262 146813.83535781503 687326.73710107803 20260.965934276581 189228.65923115611 970449.15230542421
leaf_count=2360009 699771 100146 669681 23805 75604 100528 2305365 13414984 61995 113076 379059 501206 714312 344648 150945 63744 96410 61116 106318 3750978 529486 642791 258787 607269 396632 424625 1562543 95034 47435 59686 143046 84771 43289 40038 278360 102347 120529 140871 63437 460586 2184700 64650 655633 2818405
internal_value=8.38178e-05 0.00173721 0.0031546 -0.000235462 0.000413207 -0.00045217 0.0024396 -0.000270554 0.000540414 0.012124 0.000353197 -0.000841701 -0.0026362 -0.00956027 -0.000310557 0.000931501 -0.0135135 0.000716234 -0.00947187 0.000851211 -0.00294521 -0.00137412 -0.00409696 -0.00164548 -0.00250798 -0.00689597 -0.000458503 -0.003823 -0.00211514 -0.00363749 -0.00157262 0.00456991 0.00708554 -0.00171121 0.00991249 0.000759033 0.00155694 0.00700134 0.0034757 0.00624192 0.000839387 -0.0094048 0.00112445 -7.92348e-05
internal_weight=1.1984e+07 2.11519e+06 1.23083e+06 884368 843176 809478 1.18552e+06 9.86884e+06 4.07821e+06 64864.9 4.01335e+06 5.79063e+06 1.3225e+06 165541 4.46813e+06 3.41466e+06 41191.6 3.31602e+06 43357.8 3.27266e+06 598687 444790 252575 1.15696e+06 960025 305640 654385 185926 164782 151201 136497 218063 163075 39660.6 123414 3.25494e+06 2.1486e+06 250200 193281 165853 1.8984e+06 51395.7 1.847e+06 1.15968e+06
internal_count=37918650 5731548 3075192 2656356 2536141 2460537 2975046 32187102 13278279 175071 13103208 18908823 4896436 845854 14012387 10972373 120215 10593314 170062 10423252 2130835 1601349 958558 4050582 3443313 1166458 2276855 741833 646799 599364 539678 597403 446458 124809 321649 10362136 6611158 767241 626370 524023 5843917 185179 5658738 3474038
is_linear=0
shrinkage=0.05


Tree=164
num_leaves=45
num_cat=0
split_feature=1 3 0 4 3 4 0 0 1 1 1 4 0 3 4 4 3 4 0 3 4 3 3 0 4 1 0 0 1 3 4 2 1 4 0 3 3 1 4 3 2 2 1 1
split_gain=5260.2 4402.71 2731.27 2679.05 2123.52 2054.87 2115.03 2613.75 1915.85 2407.29 11508.3 4129.32 4382.03 4276.37 4282.82 2711.94 2614.29 2118.02 2301.29 2621.15 2072 2027.43 1987.33 2262.95 2996.54 1687.84 1683.57 1680.25 1675.11 1669.09 1641.32 1629.92 1761.44 6349.46 2708.98 2339.01 1494.38 1773.92 1479.25 1451.61 1391.27 1379.47 1690.36 1718.45
threshold=-0.73300900260771595 3.3963988962647567 -0.2393156642875576 23.090718978779361 -11.720728959144244 -1.7227232922204718 -0.32012920303568732 -0.2058881604517783 0.4647231720437684 0.62305106867763382 0.57552211292281397 -23.897402398588302 0.83428993469774138 0.45438871291750443 -6.1209156803570783 7.1737656324947929 12.629236340315515 -9.1725725917366514 -0.93085292505862405 5.9072642300350475 15.844850383144847 13.853747309474672 16.544307882493953 0.88059548392442355 14.470060564302171 0.30909602655580187 -0.99780533956200557 -0.12053668025532321 0.23931566428755774 6.7324342355000022 2.8874374994353933 2.5000000000000004 0.74851074817110097 -10.206039406563901 -0.56335575626740397 -15.289272778559694 -2.8467498768627091 -0.92508092996421654 13.066217733224246 -16.447419376070052 2.5000000000000004 3.5000000000000004 -0.59907629515643335 -0.55094406234797322
decision_type=2 2 2 2 2 2 2 2 2 2 2 2 2 2 2 2 2 2 2 2 2 2 2 2 2 2 2 2 2 2 2 2 2 2 2 2 2 2 2 2 2 2 2 2
left_child=1 5 30 4 26 36 -7 -8 17 10 11 -10 13 -13 -15 -14 -12 18 19 -6 41 25 23 24 -17 28 -2 -9 -22 -20 -3 -28 -33 34 39 -35 37 -1 -25 -34 -29 -19 -43 -44
right_child=3 2 -4 -5 8 6 7 27 9 -11 16 12 15 14 -16 22 -18 20 29 -21 21 -23 -24 38 -26 -27 31 40 -30 -31 -32 32 33 35 -36 -37 -38 -39 -40 -41 -42 42 43 -45
leaf_value=0.008664129646803749 0.016360375906824879 0.0019164703752424285 -0.0050191331500769451 0.0062573382743287709 0.0037151523964086448 -0.0063401631183149761 0.0084530660118899755 -0.014855769858958265 0.02013419830767034 0.00059223394188911288 0.012608066641956246 -0.0088874224321523251 0.01177387065215413 0.010456723733978544 -0.0033428537762209506 -0.0013821286171653703 0.031861728466861576 -0.0028333528162881451 -0.0020592395191825958 0.03063072307632228 0.0039437489643893075 -0.0050294886941800255 0.02263324480205722 0.0017919445355708231 0.026102050033455112 -0.0065050982694714547 -0.0075136773443205077 -0.0059840135673529951 0.01507632642969923 -0.043590611908425121 -0.018157487855258551 -0.0038048383325840745 0.034541973258159463 0.047636753019824271 -0.0029138252738295069 0.015193800092906121 0.012236248627627039 -0.0026663828637907305 -0.010429596169680155 0.0071754869264942511 -0.00036063169891097536 0.0034148384101338534 -0.0064056459507884009 -0.00062497162320285346
leaf_weight=53854.314550757408 11881.385029233992 11973.585297465324 391344.65770909935 188350.74634046108 428725.43819797784 218550.83336794749 69533.337319247425 23357.487234286964 26107.461634784937 3940601.0947083905 161718.85289061069 185438.25245707482 96210.426860921085 82577.544669106603 176195.79113344848 25586.478210292757 19787.891470000148 957916.23148272932 159795.04668583721 9240.2777314335108 259801.1384119615 72428.799468316138 9946.5836019515991 47335.999289341271 16194.176045849919 33119.916404306889 138000.20904567093 130821.28319046646 38842.203207835555 2456.360199958086 68083.557397551835 348179.79771093279 6723.0808421373367 7820.9216953366995 204595.53814212978 19180.510754816234 40332.011679641902 96340.183202713728 51910.049154743552 17352.192672535777 690780.22040036321 238837.81461302191 138753.35076402873 1750688.4591994882
leaf_count=192054 35523 74260 2101146 470616 1282429 1096670 323624 126287 76038 10732671 438936 533712 263173 208704 486601 62853 47352 4438645 500775 20625 732490 201434 23399 119439 34474 85702 855139 904060 90434 6020 520609 1056325 17798 18508 595772 49941 147204 330581 129754 50620 2403255 795864 447552 4789582
internal_value=-0.00010136 -0.00259117 -0.00674051 0.000351335 0.000236465 -0.00111335 -0.00192122 -0.000865154 0.00045157 0.00112487 0.00345955 0.000614257 -0.000122827 -0.00309216 0.00106075 0.00521334 0.0147071 -0.000345013 0.00239861 0.00428302 -0.000816814 0.00254943 0.00103252 -0.000490971 0.00927074 0.00420402 -0.00231209 -0.00163197 0.00539168 -0.00268799 -0.0151552 -0.00261115 -0.00149076 0.00166061 -0.00104699 0.0245908 0.003691 0.00139633 -0.00460046 0.0148176 -0.00125603 -0.00125768 -0.000548491 -0.00104948
internal_weight=1.16673e+07 1.79497e+06 471402 9.8723e+06 9.68395e+06 1.32357e+06 1.13304e+06 914492 8.93022e+06 4.83961e+06 899010 717503 691395 444212 258773 247184 181507 4.09061e+06 600217 437966 3.49039e+06 404192 150973 141027 41780.7 331763 753734 844959 298643 162251 80057.1 741852 603852 255672 228671 27001.4 190527 150194 99246 24075.3 821602 3.0862e+06 2.12828e+06 1.88944e+06
internal_count=37918650 8219750 2696015 29698900 29228284 5523735 4853896 3757226 26548658 13157106 2424435 1938147 1862109 1229017 695305 633092 486288 13391552 1809849 1303054 11581703 1110060 369919 346520 97327 908626 2679626 3433602 822924 506795 594869 2644103 1788964 732639 664190 68449 669839 522635 249193 68418 3307315 10471643 6032998 5237134
is_linear=0
shrinkage=0.05


Tree=165
num_leaves=45
num_cat=0
split_feature=2 2 3 4 4 4 3 0 4 3 3 3 3 0 0 0 3 4 4 1 0 0 4 0 4 0 0 0 0 4 0 3 1 3 4 3 0 0 4 3 0 1 0 0
split_gain=8503.69 2282.8 1095.02 978.272 953.947 912.637 942.062 654.74 932.029 804.259 596.305 551.726 653.489 545.232 539.488 483.489 465.212 1739.31 647.496 801.426 604.583 569.647 432.713 417.147 416.862 413.582 628.631 527.002 410.77 601.725 524.269 674.828 422.214 624.091 423.267 569.412 452.015 409.067 915.363 549.33 408.633 519.918 566.879 458.451
threshold=5.5000000000000009 2.5000000000000004 -2.3514819406366949 5.7701267242643555 -5.1715951788574008 9.3863800841791463 1.3819116029588019 0.48662714534649493 -2.0771862580665323 8.7160870261468393 6.9488885271336267 -4.3819396918493245 6.4183895844946059 -0.96778869966720515 0.46472317204376884 0.5633557562674042 0.58435031030321138 6.2736701870177578 12.425314784930018 -0.77168259479222712 0.65797238821565851 0.99087453071010911 5.6503668841142494 -0.2393156642875576 13.513500347739738 0.97474915486277813 0.93085292505862427 0.99437935835663549 -0.93085292505862405 -2.793555838918429 -0.94117129826980295 5.9072642300350475 -0.46472317204376873 -0.69763357047092522 3.1197391685492737 14.983940511818 0.96778869966720549 0.58743244627487468 -24.676355785345596 -10.305296212527717 -0.99087453071010889 -0.88545602565320969 -0.2058881604517783 -0.99780533956200557
decision_type=2 2 2 2 2 2 2 2 2 2 2 2 2 2 2 2 2 2 2 2 2 2 2 2 2 2 2 2 2 2 2 2 2 2 2 2 2 2 2 2 2 2 2 2
left_child=1 28 3 -2 -4 10 -7 8 9 -3 40 -10 13 -13 -14 24 17 20 19 22 37 -19 -18 -8 -9 26 -21 -27 29 30 -1 -32 33 -30 35 36 -34 -17 -39 -40 43 42 -42 -6
right_child=2 7 4 -5 5 6 23 15 11 -11 -12 12 14 -15 -16 16 18 21 -20 25 -22 -23 -24 -25 -26 27 -28 -29 32 -31 31 -33 34 -35 -36 -37 -38 38 39 -41 41 -43 -44 -45
leaf_value=0.0011141759774259134 -0.0029018619217778558 9.9222149808613031e-05 -0.0036624995196673283 -0.0078325631589855685 -0.0026529490707078089 -0.0071776379186083532 -0.0084258421524122436 -0.0069997107343842627 -0.0017724108749282994 -0.0055116938577433622 -0.0029625798438344467 0.0068187086459705381 -0.00037876464472767697 0.0021916852203067061 0.009674452516935151 -0.0013290248894977195 -0.0020622402826935907 -0.0062702210702575648 -0.0010486242880118465 0.0007181157372769852 0.00078926414019693926 0.00078001227602159844 0.013569261009187939 -0.0013852120546375439 0.0051764575754320793 -0.0050878008386408234 0.0056107312955086287 0.0029455722890545642 0.0010040855041116956 0.0071729293076642289 0.0084603338830250095 -0.0084160902652444837 0.0016791807636698669 0.0037156134881632138 0.00026216246391291489 -0.0075262692267002926 0.0052490808329332941 0.015124813869382704 -0.023759992747778687 -0.0073355811613182789 0.0056644084597582273 -0.00056277778781238638 0.00036977466945472312 0.0079278888669356683
leaf_weight=197988.33339376748 1041270.5654592514 1922239.6928372085 401445.004708983 111354.14149186015 14557.562615901232 92362.07915558666 21987.299737483263 46874.77383583039 113720.93197283149 66060.691957712173 158885.27413919568 68331.15153157711 342132.86499522626 932847.68540150672 13886.412796244025 58257.472219094634 5659.8800076544285 180247.11616621912 429868.57080005109 278468.77222483605 497133.82545229048 34065.845448985696 20329.690819904208 487321.29002503306 8269.3343720436096 52801.234568580985 85906.571374565363 33284.709932088852 354238.73367834091 86030.746705248952 51408.668026819825 6694.8030908405781 1200459.4417040572 529260.82821264863 644436.5691101253 16073.044540457428 95742.859127387404 3550.6926166638732 7112.1618476882577 17913.044074133039 77444.721448719501 702358.87607888877 145597.62334986031 34497.687651231885
leaf_count=721132 3489142 5930438 1371251 371894 45436 289707 60780 134911 340325 215538 525501 231349 1051595 2981864 48141 178944 17038 534260 1344133 878403 1543541 105487 69522 1591968 26789 154998 275058 103778 1225791 379061 199448 20909 3865132 2073659 2009170 48914 309934 12962 19410 52366 242313 2271098 438854 116706
internal_value=1.90977e-05 0.000862867 -0.00213614 -0.00337821 -0.00146604 -0.000957825 -0.00253169 0.000219274 0.000618711 -8.71989e-05 -0.000122286 0.00157292 0.00185323 0.00250748 1.33577e-05 -0.000565919 -0.000416854 -0.00129698 0.000358359 0.00162778 0.000116891 -0.00514956 0.0101651 -0.00168916 -0.00517379 0.00113522 0.00187162 -0.00198174 0.00191835 0.00355509 0.00233972 0.0065158 0.00172119 0.00262843 0.00131155 0.00182689 0.00194287 -0.00373255 -0.00863259 -0.0120034 0.000340824 0.000105084 0.00220818 0.00478794
internal_weight=1.16904e+07 8.4013e+06 3.28908e+06 1.15262e+06 2.13646e+06 1.73501e+06 601671 5.21896e+06 3.45922e+06 1.9883e+06 1.13334e+06 1.47092e+06 1.3572e+06 1.00118e+06 356019 1.75974e+06 1.7046e+06 798280 906319 476451 583967 214313 25989.6 509309 55144.1 450461 364375 86085.9 3.18233e+06 342123 256092 58103.5 2.84021e+06 883500 1.95671e+06 1.31228e+06 1.2962e+06 86833.4 28575.9 25025.2 974456 925401 223042 49055.3
internal_count=37918650 27104000 10814650 3861036 6953614 5582363 1942455 16250850 10799250 6145976 3639908 4653274 4312949 3213213 1099736 5451600 5289900 2446970 2842930 1498797 1807223 639747 86560 1652748 161700 1412237 1153461 258776 10853150 1320550 941489 220357 9532600 3299450 6233150 4223980 4175066 263682 84738 71776 3114407 2952265 681167 162142
is_linear=0
shrinkage=0.05


Tree=166
num_leaves=45
num_cat=0
split_feature=3 3 1 0 0 0 0 0 1 1 0 0 1 0 0 0 0 0 1 4 4 4 1 0 0 0 0 3 2 4 1 1 3 4 0 2 4 3 0 0 0 0 3 4
split_gain=2708.09 1775.41 2977 6317.29 3230.73 6947.54 2300 7185.24 4008.62 3239.29 3430.51 7158.76 2226.14 2113.64 3745.38 5323.49 4500.77 2071.42 2140.34 2024.58 1960.69 1843.17 2894.7 3842.92 1833.07 2357.4 3202.18 1779.72 1750.74 1742.83 1664.48 1656.48 1514.13 1488.48 1630.65 2272.62 1529.51 2569.59 3005.11 2131.53 2084.44 1579.37 1498.63 1455.05
threshold=-20.187501122676377 -3.9974872748228978 0.23931566428755774 -0.93085292505862405 -0.86066547284873141 -0.79450537036186197 -0.2393156642875576 -0.2058881604517783 0.97148236575323155 -0.92508092996421654 -0.32012920303568732 -0.35460488704253573 0.93621795190976798 0.99087453071010911 0.93085292505862427 0.83428993469774138 0.81773537194966905 -0.99087453071010889 0.12053668025532312 -9.0035383411043934 13.513500347739738 -6.9894516850182482 0.74851074817110097 -0.56335575626740397 0.65797238821565851 0.5633557562674042 0.20588816045177846 1.3819116029588019 2.5000000000000004 6.9149937721793266 1.0000000180025095e-35 0.4647231720437684 -13.969481366817602 -5.039442712515334 -0.97474915486277791 5.5000000000000009 17.976242361418649 5.6196416414781885 1.0000000180025095e-35 -0.58743244627487456 -0.88545602565320969 0.088756899407539988 8.4045606075079089 -1.253476693847652
decision_type=2 2 2 2 2 2 2 2 2 2 2 2 2 2 2 2 2 2 2 2 2 2 2 2 2 2 2 2 2 2 2 2 2 2 2 2 2 2 2 2 2 2 2 2
left_child=-1 6 17 -4 -5 -6 9 8 -8 -2 11 -11 13 14 15 16 -9 30 33 -14 -15 22 27 -24 25 26 -25 -7 -23 -17 -3 -31 -21 -19 35 -35 37 -36 39 40 -39 -40 -41 -37
right_child=1 2 3 4 5 21 7 12 -10 10 -12 -13 19 20 -16 29 -18 18 -20 32 -22 28 23 24 -26 -27 -28 -29 -30 31 -32 -33 -34 34 36 43 -38 38 41 42 -42 -43 -44 -45
leaf_value=0.0061062698247764668 -0.017463166833504403 -0.0011976263461644121 -0.013609076919562799 0.0048862803409995886 -0.01301289840311449 0.0032086943220594223 -0.0081951935179818188 0.0018056174598742932 0.021883902736412237 -0.00036095705552308528 -0.010940013452977954 0.01963242836947017 0.00030230120901024779 -0.0035561621870493242 0.0075286481219243393 -0.0086739987519964864 0.013054275029775915 -0.0046185854070168626 0.0068000597879277758 -0.032697736907302995 0.017836734547130362 -0.004663656019161906 -0.0097909421555130924 0.0024766627657730402 -0.037426252891786367 0.018277248738651327 -0.0065656281993689133 0.015142616367967911 -0.0011325313512310366 -0.0051598621740274716 -0.0090978061131065952 0.01862121782722365 -0.0061092851085939098 -0.0018524978421146168 0.00013740633585601806 0.016608300597964535 -0.0023799287958992436 0.012739064475840457 -0.022437233588349769 0.008230658051766199 -0.0012151461851391274 0.001571630927951722 0.019075327837580834 0.05732544001400626
leaf_weight=183620.27634163201 27834.467862039804 234489.36257413775 105295.89427473769 206544.3986114338 127246.33668326959 84615.116285741329 13336.040537416935 794615.24601526558 65377.335184082389 1426796.7168621048 71610.973113015294 46222.286483824253 314975.37738674879 200452.40778149664 338554.75903181732 146900.19461140037 100131.02484221756 138560.94922664016 138259.68459446728 5622.3266059309244 11315.065275087953 445172.10333964229 94377.31526735425 488474.41428647935 3084.647749312222 19607.606404870749 122455.61204171926 49527.096726380289 1659772.0005433112 18059.391859993339 93160.10917390883 12316.589185327291 112401.00733323395 9297.1250630766153 2749019.2359840497 5342.7023180127144 393164.58103328198 37822.8057981655 6924.8414969742298 100671.84819443524 91513.759207934141 632598.64731007069 46604.522966682911 3723.1537240743637
leaf_count=446888 104688 911981 466068 728618 631899 273814 36057 2106194 147861 4453382 211624 109522 834805 540906 810312 397063 231376 495850 480780 15409 24158 2076344 333968 1506088 7988 47272 372386 165209 4969062 44386 405429 28757 331254 41831 9036268 12727 1264224 145152 24747 310878 305337 1901762 121371 6955
internal_value=8.08629e-05 -1.29476e-05 -0.000428257 -0.00155286 -0.00116828 -0.00157241 0.000893225 0.00196237 0.0167877 -0.000557761 -0.000253123 0.000266421 0.00139461 0.00224472 0.00294399 0.00149611 0.00306445 0.000390045 0.00067859 -0.00179056 -0.00241311 -0.00108178 0.000865456 -0.000378198 0.00102382 0.00121192 0.000664214 0.00761486 -0.00187932 -0.00641962 -0.00344387 0.00448268 -0.00737589 0.000477806 0.000651025 0.0155172 0.000583759 0.000901677 0.003195 0.00754924 0.00286558 0.00131166 0.0116624 0.03333
internal_weight=1.19775e+07 1.17938e+07 8.08733e+06 3.40617e+06 3.30088e+06 3.09433e+06 3.70652e+06 2.13406e+06 78713.4 1.57246e+06 1.54463e+06 1.47302e+06 2.05534e+06 1.62234e+06 1.41058e+06 1.07202e+06 894746 4.68115e+06 4.3535e+06 432999 211767 2.96709e+06 862142 728000 633622 630538 610930 134142 2.10494e+06 177276 327649 30376 118023 4.21524e+06 4.07668e+06 18363 4.05832e+06 3.66516e+06 916136 276613 129337 639523 147276 9065.86
internal_count=37918650 37471762 27044008 11578716 11112648 10384030 10427754 5548538 183918 4879216 4774528 4562904 5364620 4183152 3618088 2807776 2337570 15465292 14147882 1181468 565064 9752131 2706725 2267702 1933734 1925746 1878474 439023 7045406 470206 1317410 73143 346663 13667102 13171252 61513 13109739 11845515 2809247 882738 450489 1926509 432249 19682
is_linear=0
shrinkage=0.05


Tree=167
num_leaves=45
num_cat=0
split_feature=1 4 2 3 0 2 4 3 3 1 4 0 3 0 0 4 0 4 3 0 0 1 1 0 4 0 1 1 4 0 4 4 1 4 3 3 0 0 4 0 3 1 4 0
split_gain=4850.3 3201.65 3727.3 2903.88 2456.83 2191.57 2033.79 1753.82 1595.08 1550.21 1519.16 5102.26 2698 1876.34 4092.82 2810.38 2513.44 1825.33 2097.45 1673.74 2498.28 1618.14 1538.32 5296.82 4250.82 3869.93 3109.04 2814.78 2803.25 3226.54 2432.54 2328.71 1995.8 1897.26 3111.64 2683.27 2324.02 1892.36 3167.12 2139.9 1813.84 1628.86 1605.62 1494.89
threshold=-0.46472317204376873 -1.9649533070803604 4.5000000000000009 -6.488569845523247 0.35460488704253579 2.5000000000000004 3.1197391685492737 21.648738632197027 -0.27742446360318235 -0.92508092996421654 -13.924665154860365 0.58743244627487468 0.45438871291750443 -0.82298386589365657 -0.79450537036186197 -0.68237285157088212 -0.99780533956200557 -2.9171523481265704 4.4751029713201484 -0.2058881604517783 -0.35460488704253573 -0.10466628778912916 0.97148236575323155 1.0000000180025095e-35 7.3000500837369104 -0.12053668025532321 0.93621795190976798 0.85743085555170595 -4.0237079780476384 -0.46472317204376817 2.1841901042079397 -8.0299648512177502 0.88755655832397862 4.0738507106311213 13.415603585259364 11.391058577170126 0.088756899407539988 0.93085292505862427 16.495969642842109 0.89412692780947678 12.629236340315515 0.30909602655580187 -0.34033546191620795 0.99087453071010911
decision_type=2 2 2 2 2 2 2 2 2 2 2 2 2 2 2 2 2 2 2 2 2 2 2 2 2 2 2 2 2 2 2 2 2 2 2 2 2 2 2 2 2 2 2 2
left_child=1 8 4 5 6 -2 -3 10 9 -1 11 12 19 16 15 -15 -12 18 -18 20 21 -5 26 24 25 31 27 37 40 -30 -27 -24 -31 34 -25 -35 -36 39 43 -16 -29 -40 -41 -39
right_child=3 2 -4 7 -6 -7 -8 -9 -10 -11 13 -13 -14 14 22 -17 17 -19 -20 -21 -22 -23 23 33 -26 30 -28 28 29 32 -32 -33 -34 35 36 -37 -38 38 41 42 -42 -43 -44 -45
leaf_value=0.0086927824827845272 -0.0050359644700881051 -0.0034680330675763379 -0.00092673656049618077 0.021170027565577655 -0.0026040284438190288 -0.00051355950051217231 -0.01019005622523895 0.0096241423275321425 0.010918926542220646 -0.00040759097219667298 0.004384972286323909 -0.022865903966466553 0.0092075011115530028 0.0066731844144555146 0.0019472142315996072 0.027204264875760505 -0.0017276090416781934 -0.0047721917884466988 0.0051781605467368236 0.0083504308679512532 -0.011788873710718665 0.001240718328025302 -0.0070682639937154042 -0.00788469365137048 -0.022746555638543511 0.014813828614061275 0.0051756427475690391 0.00028729741239039473 -0.023880213497183764 0.0015644039930413113 -0.0056530383283121873 0.0043212909195845979 -0.0076799387261217685 0.010327267988176625 0.025438504308854849 -0.013455056448194544 -0.012188973414371074 -0.0029968434190041633 0.005145445194083823 -0.028681813616794873 0.026003638042354532 -0.011299680324750788 0.0099811525722475272 0.00081605874295938893
leaf_weight=55475.839229986072 322993.57508403808 183108.83744100481 1289816.7702765763 10498.295249596238 511066.73193680495 1570268.5228081346 291908.82257845253 57392.905441895127 45931.988806523383 299104.04520151019 182633.57836609334 18360.541379101574 172932.10780772567 73587.744552522898 1717889.0652130246 21548.845733880997 632745.85872539133 378449.40385314077 133077.95315104723 83080.108885094523 37205.640391454101 341538.05076491833 68927.95107229054 312097.53330150247 14870.476856276393 99664.037331342697 443835.67797732353 297342.05186468363 23272.173906490207 89949.934725284576 16992.981592833996 128628.32652725279 166382.43059626222 39634.275191500783 12554.629824101925 16924.994126215577 6096.3161006420851 608984.77868069708 300063.50812511146 2752.1623149812222 7018.6303339451551 15852.87653350085 110539.88611628115 444835.29345452785
leaf_count=196919 1864674 1089640 4478923 29340 2407833 4406484 2222128 138412 174871 1037436 554951 52664 422935 213737 4530957 53202 2023451 1478085 373050 230238 101671 973932 181237 883551 46269 245323 1172954 788668 67710 242775 43224 345490 447277 104797 27103 45014 14944 1808095 748776 7596 14632 40134 306872 1280676
internal_value=-0.000102231 -0.00197051 -0.00269596 0.000454505 -0.00501015 -0.00128509 -0.00759886 0.000919154 0.00215188 0.00101621 0.000848094 0.00312468 0.00386424 0.000610817 0.00105122 0.0113236 -0.00106204 -0.00193142 -0.000527587 0.0019079 0.000532803 0.00183504 0.000853593 -0.00128898 0.00337522 0.00461146 0.00121657 0.000752305 -0.00244004 -0.00605438 0.0118325 0.000347443 -0.00443599 -0.00525201 -0.00669914 0.00321056 0.0131394 0.00133471 -7.0957e-05 0.00238615 0.000880322 0.00432022 0.00904193 -0.00138735
internal_weight=1.16578e+07 2.67641e+06 2.2759e+06 8.98142e+06 986084 1.89326e+06 475018 7.08816e+06 400512 354580 7.03077e+06 663615 645254 6.36715e+06 5.04025e+06 95136.6 1.32691e+06 1.14427e+06 765824 472322 389242 352036 4.94511e+06 716392 329084 314213 4.22872e+06 3.78488e+06 583965 279605 116657 197556 256332 387308 330748 56559.3 18650.9 3.20092e+06 1.36974e+06 1.83118e+06 304361 315916 113292 1.05382e+06
internal_count=37918650 11607750 10198524 26310900 5719601 6271158 3311768 20039742 1409226 1234355 19901330 1810780 1758116 18090550 13661013 266939 4429537 3874586 2396501 1335181 1104943 1003272 13394074 1936952 861543 815274 11457122 10284168 1561062 757762 288547 526727 690052 1075409 925598 149811 42047 8723106 3877681 4845425 803300 788910 314468 3088771
is_linear=0
shrinkage=0.05


end of trees

feature_importances:
week_sin=2412
nbm_minus_obs_window_7d=1526
nbm_minus_obs_window_60d=1441
week_cos=1346
forecast_day=667

parameters:
[boosting: gbdt]
[objective: multiclass]
[metric: auc_mu]
[tree_learner: serial]
[device_type: cpu]
[data_sample_strategy: bagging]
[data: ]
[valid: ]
[num_iterations: 1000]
[learning_rate: 0.05]
[num_leaves: 45]
[num_threads: 16]
[seed: 42]
[deterministic: 0]
[force_col_wise: 0]
[force_row_wise: 0]
[histogram_pool_size: -1]
[max_depth: 12]
[min_data_in_leaf: 500]
[min_sum_hessian_in_leaf: 0.001]
[bagging_fraction: 1]
[pos_bagging_fraction: 1]
[neg_bagging_fraction: 1]
[bagging_freq: 0]
[bagging_seed: 400]
[bagging_by_query: 0]
[feature_fraction: 1]
[feature_fraction_bynode: 1]
[feature_fraction_seed: 30056]
[extra_trees: 0]
[extra_seed: 12879]
[early_stopping_round: 0]
[early_stopping_min_delta: 0]
[first_metric_only: 0]
[max_delta_step: 0]
[lambda_l1: 0]
[lambda_l2: 0]
[linear_lambda: 0]
[min_gain_to_split: 0]
[drop_rate: 0.1]
[max_drop: 50]
[skip_drop: 0.5]
[xgboost_dart_mode: 0]
[uniform_drop: 0]
[drop_seed: 17869]
[top_rate: 0.2]
[other_rate: 0.1]
[min_data_per_group: 100]
[max_cat_threshold: 32]
[cat_l2: 10]
[cat_smooth: 10]
[max_cat_to_onehot: 4]
[top_k: 20]
[monotone_constraints: ]
[monotone_constraints_method: basic]
[monotone_penalty: 0]
[feature_contri: ]
[forcedsplits_filename: ]
[refit_decay_rate: 0.9]
[cegb_tradeoff: 1]
[cegb_penalty_split: 0]
[cegb_penalty_feature_lazy: ]
[cegb_penalty_feature_coupled: ]
[path_smooth: 0]
[interaction_constraints: ]
[verbosity: 1]
[saved_feature_importance_type: 0]
[use_quantized_grad: 0]
[num_grad_quant_bins: 4]
[quant_train_renew_leaf: 0]
[stochastic_rounding: 1]
[linear_tree: 0]
[max_bin: 255]
[max_bin_by_feature: 52,52,7,255,255]
[min_data_in_bin: 3]
[bin_construct_sample_cnt: 200000]
[data_random_seed: 175]
[is_enable_sparse: 1]
[enable_bundle: 1]
[use_missing: 1]
[zero_as_missing: 0]
[feature_pre_filter: 1]
[pre_partition: 0]
[two_round: 0]
[header: 0]
[label_column: ]
[weight_column: ]
[group_column: ]
[ignore_column: ]
[categorical_feature: ]
[forcedbins_filename: ]
[precise_float_parser: 0]
[parser_config_file: ]
[objective_seed: 16083]
[num_class: 3]
[is_unbalance: 0]
[scale_pos_weight: 1]
[sigmoid: 1]
[boost_from_average: 1]
[reg_sqrt: 0]
[alpha: 0.9]
[fair_c: 1]
[poisson_max_delta_step: 0.7]
[tweedie_variance_power: 1.5]
[lambdarank_truncation_level: 30]
[lambdarank_norm: 1]
[label_gain: ]
[lambdarank_position_bias_regularization: 0]
[eval_at: ]
[multi_error_top_k: 1]
[auc_mu_weights: ]
[num_machines: 1]
[local_listen_port: 12400]
[time_out: 120]
[machine_list_filename: ]
[machines: ]
[gpu_platform_id: -1]
[gpu_device_id: -1]
[gpu_use_dp: 0]
[num_gpu: 1]

end of parameters

pandas_categorical:[]
